00000000 intybasic_map              00000000 intybasic_jlp              
00000000 intybasic_cc3              00000000 intybasic_ecs              
00000000 intybasic_voice            00000000 intybasic_flash            
00000000 intybasic_scroll           00000000 intybasic_col              
00000000 intybasic_keypad           00000000 intybasic_music            
00000000 intybasic_music_ecs        00000000 intybasic_music_volume     
00000000 intybasic_stack            00000001 intybasic_numbers          
00000000 intybasic_fastmult         00000000 intybasic_fastdiv          
00000000 _rom                       00000000 .ROM                       
00000000 _rom_stat                  ???????? _rom.sbase                 
???????? _rom.send                  ???????? _rom.spages                
???????? static                     ???????? _rom.dynseg                
???????? dynamic                    ???????? _rom.err_len               
???????? _rom.rbase                 ???????? _rom.rend                  
???????? _rom.ovrflo                ???????? _rom.sidx                  
???????? _rom.bidx                  0000500D _ZERO                      
00005036 _MAIN                      0000500F _ONES                      
0000502D _TITLE                     ???????? SRCFILE                    
???????? x                          ???????? y                          
00005014 CLRSCR                     00000346 _screen                    
0000501A FILLZERO                   0000501B MEMSET                     
000002F0 STACK                      0000504F _MAIN4                     
00000104 _rand                      00005C41 _set_isr                   
00005065 _pal1                      0000506C _pal2                      
00005083 _pal3                      00005076 _pal2_lp                   
00005080 _pal2_cnt                  0000509F _ecs1                      
00000103 _ntsc                      00005C48 _int_vector                
00005C2D _wait                      00005D2C _init_music                
00000109 _mode_select               00005C2D IV_INIT_and_wait           
00000200 const_BACKTAB_ADDR         0000000C const_BACKGROUND_ROWS      
00000014 const_BACKGROUND_COLUMNS   00000800 const_BG00                 
00000808 const_BG01                 00000810 const_BG02                 
00000818 const_BG03                 00000820 const_BG04                 
00000828 const_BG05                 00000830 const_BG06                 
00000838 const_BG07                 00000840 const_BG08                 
00000848 const_BG09                 00000850 const_BG10                 
00000858 const_BG11                 00000860 const_BG12                 
00000868 const_BG13                 00000870 const_BG14                 
00000878 const_BG15                 00000880 const_BG16                 
00000888 const_BG17                 00000890 const_BG18                 
00000898 const_BG19                 000008A0 const_BG20                 
000008A8 const_BG21                 000008B0 const_BG22                 
000008B8 const_BG23                 000008C0 const_BG24                 
000008C8 const_BG25                 000008D0 const_BG26                 
000008D8 const_BG27                 000008E0 const_BG28                 
000008E8 const_BG29                 000008F0 const_BG30                 
000008F8 const_BG31                 00000900 const_BG32                 
00000908 const_BG33                 00000910 const_BG34                 
00000918 const_BG35                 00000920 const_BG36                 
00000928 const_BG37                 00000930 const_BG38                 
00000938 const_BG39                 00000940 const_BG40                 
00000948 const_BG41                 00000950 const_BG42                 
00000958 const_BG43                 00000960 const_BG44                 
00000968 const_BG45                 00000970 const_BG46                 
00000978 const_BG47                 00000980 const_BG48                 
00000988 const_BG49                 00000990 const_BG50                 
00000998 const_BG51                 000009A0 const_BG52                 
000009A8 const_BG53                 000009B0 const_BG54                 
000009B8 const_BG55                 000009C0 const_BG56                 
000009C8 const_BG57                 000009D0 const_BG58                 
000009D8 const_BG59                 000009E0 const_BG60                 
000009E8 const_BG61                 000009F0 const_BG62                 
000009F8 const_BG63                 00000000 const_DEF00                
00000001 const_DEF01                00000002 const_DEF02                
00000003 const_DEF03                00000004 const_DEF04                
00000005 const_DEF05                00000006 const_DEF06                
00000007 const_DEF07                00000008 const_DEF08                
00000009 const_DEF09                0000000A const_DEF10                
0000000B const_DEF11                0000000C const_DEF12                
0000000D const_DEF13                0000000E const_DEF14                
0000000F const_DEF15                00000010 const_DEF16                
00000011 const_DEF17                00000012 const_DEF18                
00000013 const_DEF19                00000014 const_DEF20                
00000015 const_DEF21                00000016 const_DEF22                
00000017 const_DEF23                00000018 const_DEF24                
00000019 const_DEF25                0000001A const_DEF26                
0000001B const_DEF27                0000001C const_DEF28                
0000001D const_DEF29                0000001E const_DEF30                
0000001F const_DEF31                00000020 const_DEF32                
00000021 const_DEF33                00000022 const_DEF34                
00000023 const_DEF35                00000024 const_DEF36                
00000025 const_DEF37                00000026 const_DEF38                
00000027 const_DEF39                00000028 const_DEF40                
00000029 const_DEF41                0000002A const_DEF42                
0000002B const_DEF43                0000002C const_DEF44                
0000002D const_DEF45                0000002E const_DEF46                
0000002F const_DEF47                00000030 const_DEF48                
00000031 const_DEF49                00000032 const_DEF50                
00000033 const_DEF51                00000034 const_DEF52                
00000035 const_DEF53                00000036 const_DEF54                
00000037 const_DEF55                00000038 const_DEF56                
00000039 const_DEF57                0000003A const_DEF58                
0000003B const_DEF59                0000003C const_DEF60                
0000003D const_DEF61                0000003E const_DEF62                
0000003F const_DEF63                00000000 const_SCREEN_COLOR_STACK   
00000001 const_SCREEN_FOREGROUND_B  00000000 const_SCREEN_CS            
00000001 const_SCREEN_FB            00000000 const_BORDER_BLACK         
00000001 const_BORDER_BLUE          00000002 const_BORDER_RED           
00000003 const_BORDER_TAN           00000004 const_BORDER_DARKGREEN     
00000005 const_BORDER_GREEN         00000006 const_BORDER_YELLOW        
00000007 const_BORDER_WHITE         00000008 const_BORDER_GREY          
00000009 const_BORDER_CYAN          0000000A const_BORDER_ORANGE        
0000000B const_BORDER_BROWN         0000000C const_BORDER_PINK          
0000000D const_BORDER_LIGHTBLUE     0000000E const_BORDER_YELLOWGREEN   
0000000F const_BORDER_PURPLE        00000001 const_BORDER_HIDE_LEFT_ED  
00000002 const_BORDER_HIDE_TOP_EDG  00000003 const_BORDER_HIDE_TOP_LEF  
00000000 const_STACK_BLACK          00000001 const_STACK_BLUE           
00000002 const_STACK_RED            00000003 const_STACK_TAN            
00000004 const_STACK_DARKGREEN      00000005 const_STACK_GREEN          
00000006 const_STACK_YELLOW         00000007 const_STACK_WHITE          
00000008 const_STACK_GREY           00000009 const_STACK_CYAN           
0000000A const_STACK_ORANGE         0000000B const_STACK_BROWN          
0000000C const_STACK_PINK           0000000D const_STACK_LIGHTBLUE      
0000000E const_STACK_YELLOWGREEN    0000000F const_STACK_PURPLE         
00000000 const_CS_BLACK             00000001 const_CS_BLUE              
00000002 const_CS_RED               00000003 const_CS_TAN               
00000004 const_CS_DARKGREEN         00000005 const_CS_GREEN             
00000006 const_CS_YELLOW            00000007 const_CS_WHITE             
00001000 const_CS_GREY              00001001 const_CS_CYAN              
00001002 const_CS_ORANGE            00001003 const_CS_BROWN             
00001004 const_CS_PINK              00001005 const_CS_LIGHTBLUE         
00001006 const_CS_YELLOWGREEN       00001007 const_CS_PURPLE            
000007F8 const_CS_CARD_DATA_MASK    00002000 const_CS_ADVANCE           
00001000 const_CS_COLOUR_SQUARES_E  00000000 const_CS_PIX0_BLACK        
00000001 const_CS_PIX0_BLUE         00000002 const_CS_PIX0_RED          
00000003 const_CS_PIX0_TAN          00000004 const_CS_PIX0_DARKGREEN    
00000005 const_CS_PIX0_GREEN        00000006 const_CS_PIX0_YELLOW       
00000007 const_CS_PIX0_BACKGROUND   00000000 const_CS_PIX1_BLACK        
00000008 const_CS_PIX1_BLUE         00000010 const_CS_PIX1_RED          
00000018 const_CS_PIX1_TAN          00000020 const_CS_PIX1_DARKGREEN    
00000028 const_CS_PIX1_GREEN        00000030 const_CS_PIX1_YELLOW       
00000038 const_CS_PIX1_BACKGROUND   00000000 const_CS_PIX2_BLACK        
00000040 const_CS_PIX2_BLUE         00000080 const_CS_PIX2_RED          
000000C0 const_CS_PIX2_TAN          00000100 const_CS_PIX2_DARKGREEN    
00000140 const_CS_PIX2_GREEN        00000180 const_CS_PIX2_YELLOW       
000001C0 const_CS_PIX2_BACKGROUND   00000000 const_CS_PIX3_BLACK        
00000200 const_CS_PIX3_BLUE         00000400 const_CS_PIX3_RED          
00000600 const_CS_PIX3_TAN          00002000 const_CS_PIX3_DARKGREEN    
00002200 const_CS_PIX3_GREEN        00002400 const_CS_PIX3_YELLOW       
00002600 const_CS_PIX3_BACKGROUND   000037FF const_CS_PIX_MASK          
00000000 const_CS_PIX_X_MIN         00000027 const_CS_PIX_X_MAX         
00000000 const_CS_PIX_Y_MIN         00000017 const_CS_PIX_Y_MAX         
00000000 const_FG_BLACK             00000001 const_FG_BLUE              
00000002 const_FG_RED               00000003 const_FG_TAN               
00000004 const_FG_DARKGREEN         00000005 const_FG_GREEN             
00000006 const_FG_YELLOW            00000007 const_FG_WHITE             
00000000 const_BG_BLACK             00000200 const_BG_BLUE              
00000400 const_BG_RED               00000600 const_BG_TAN               
00002000 const_BG_DARKGREEN         00002200 const_BG_GREEN             
00002400 const_BG_YELLOW            00002600 const_BG_WHITE             
00001000 const_BG_GREY              00001200 const_BG_CYAN              
00001400 const_BG_ORANGE            00001600 const_BG_BROWN             
00003000 const_BG_PINK              00003200 const_BG_LIGHTBLUE         
00003400 const_BG_YELLOWGREEN       00003600 const_BG_PURPLE            
000001F8 const_FGBG_CARD_DATA_MASK  00000100 const_HIT                  
00000200 const_VISIBLE              00000400 const_ZOOMX2               
00000080 const_DOUBLEY              00000100 const_ZOOMY2               
00000200 const_ZOOMY4               00000300 const_ZOOMY8               
00000400 const_FLIPX                00000800 const_FLIPY                
00000C00 const_MIRROR               00000800 const_GRAM                 
00002000 const_BEHIND               00000000 const_SPR_BLACK            
00000001 const_SPR_BLUE             00000002 const_SPR_RED              
00000003 const_SPR_TAN              00000004 const_SPR_DARKGREEN        
00000005 const_SPR_GREEN            00000006 const_SPR_YELLOW           
00000007 const_SPR_WHITE            00001000 const_SPR_GREY             
00001001 const_SPR_CYAN             00001002 const_SPR_ORANGE           
00001003 const_SPR_BROWN            00001004 const_SPR_PINK             
00001005 const_SPR_LIGHTBLUE        00001006 const_SPR_YELLOWGREEN      
00001007 const_SPR_PURPLE           00000800 const_SPR00                
00000808 const_SPR01                00000810 const_SPR02                
00000818 const_SPR03                00000820 const_SPR04                
00000828 const_SPR05                00000830 const_SPR06                
00000838 const_SPR07                00000840 const_SPR08                
00000848 const_SPR09                00000850 const_SPR10                
00000858 const_SPR11                00000860 const_SPR12                
00000868 const_SPR13                00000870 const_SPR14                
00000878 const_SPR15                00000880 const_SPR16                
00000888 const_SPR17                00000890 const_SPR18                
00000898 const_SPR19                000008A0 const_SPR20                
000008A8 const_SPR21                000008B0 const_SPR22                
000008B8 const_SPR23                000008C0 const_SPR24                
000008C8 const_SPR25                000008D0 const_SPR26                
000008D8 const_SPR27                000008E0 const_SPR28                
000008E8 const_SPR29                000008F0 const_SPR30                
000008F8 const_SPR31                00000900 const_SPR32                
00000908 const_SPR33                00000910 const_SPR34                
00000918 const_SPR35                00000920 const_SPR36                
00000928 const_SPR37                00000930 const_SPR38                
00000938 const_SPR39                00000940 const_SPR40                
00000948 const_SPR41                00000950 const_SPR42                
00000958 const_SPR43                00000960 const_SPR44                
00000968 const_SPR45                00000970 const_SPR46                
00000978 const_SPR47                00000980 const_SPR48                
00000988 const_SPR49                00000990 const_SPR50                
00000998 const_SPR51                000009A0 const_SPR52                
000009A8 const_SPR53                000009B0 const_SPR54                
000009B8 const_SPR55                000009C0 const_SPR56                
000009C8 const_SPR57                000009D0 const_SPR58                
000009D8 const_SPR59                000009E0 const_SPR60                
000009E8 const_SPR61                000009F0 const_SPR62                
000009F8 const_SPR63                00000001 const_HIT_SPRITE0          
00000002 const_HIT_SPRITE1          00000004 const_HIT_SPRITE2          
00000008 const_HIT_SPRITE3          00000010 const_HIT_SPRITE4          
00000020 const_HIT_SPRITE5          00000040 const_HIT_SPRITE6          
00000080 const_HIT_SPRITE7          00000100 const_HIT_BACKGROUND       
00000200 const_HIT_BORDER           00000004 const_DISC_NORTH           
00000014 const_DISC_NORTH_NORTH_EA  00000016 const_DISC_NORTH_EAST      
00000006 const_DISC_EAST_NORTH_EAS  00000002 const_DISC_EAST            
00000012 const_DISC_EAST_SOUTH_EAS  00000013 const_DISC_SOUTH_EAST      
00000003 const_DISC_SOUTH_SOUTH_EA  00000001 const_DISC_SOUTH           
00000011 const_DISC_SOUTH_SOUTH_WE  00000019 const_DISC_SOUTH_WEST      
00000009 const_DISC_WEST_SOUTH_WES  00000008 const_DISC_WEST            
00000018 const_DISC_WEST_NORTH_WES  0000001C const_DISC_NORTH_WEST      
0000000C const_DISC_NORTH_NORTH_WE  00000004 const_DISC_N               
00000014 const_DISC_NNE             00000016 const_DISC_NE              
00000006 const_DISC_ENE             00000002 const_DISC_E               
00000012 const_DISC_ESE             00000013 const_DISC_SE              
00000003 const_DISC_SSE             00000001 const_DISC_S               
00000011 const_DISC_SSW             00000019 const_DISC_SW              
00000009 const_DISC_WSW             00000008 const_DISC_W               
00000018 const_DISC_WNW             0000001C const_DISC_NW              
0000000C const_DISC_NNW             00000004 const_DISC_UP              
00000016 const_DISC_UP_RIGHT        00000002 const_DISC_RIGHT           
00000013 const_DISC_DOWN_RIGHT      00000001 const_DISC_DOWN            
00000019 const_DISC_DOWN_LEFT       00000008 const_DISC_LEFT            
0000001C const_DISC_UP_LEFT         0000001F const_DISK_MASK            
00000048 const_KEYPAD_0             00000081 const_KEYPAD_1             
00000041 const_KEYPAD_2             00000021 const_KEYPAD_3             
00000082 const_KEYPAD_4             00000042 const_KEYPAD_5             
00000022 const_KEYPAD_6             00000084 const_KEYPAD_7             
00000044 const_KEYPAD_8             00000024 const_KEYPAD_9             
00000088 const_KEYPAD_CLEAR         00000028 const_KEYPAD_ENTER         
000000A5 const_KEYPAD_PAUSE         000000A0 const_BUTTON_TOP_LEFT      
000000A0 const_BUTTON_TOP_RIGHT     00000060 const_BUTTON_BOTTOM_LEFT   
000000C0 const_BUTTON_BOTTOM_RIGHT  000000A0 const_BUTTON_1             
00000060 const_BUTTON_2             000000C0 const_BUTTON_3             
000000E0 const_BUTTON_MASK          00000000 const_PSG_CHANNELA         
00000001 const_PSG_CHANNELB         00000002 const_PSG_CHANNELC         
00000003 const_PSG_ENVELOPE         00000004 const_PSG_MIXER            
00000005 const_PSG_ECS_CHANNELA     00000006 const_PSG_ECS_CHANNELB     
00000007 const_PSG_ECS_CHANNELC     00000008 const_PSG_ECS_ENVELOPE     
00000009 const_PSG_ECS_MIXER        0000000F const_PSG_VOLUME_MAX       
00000030 const_PSG_ENVELOPE_ENABLE  00000001 const_PSG_TONE_CHANNELA_D  
00000002 const_PSG_TONE_CHANNELB_D  00000004 const_PSG_TONE_CHANNELC_D  
00000008 const_PSG_NOISE_CHANNELA_  00000010 const_PSG_NOISE_CHANNELB_  
00000020 const_PSG_NOISE_CHANNELC_  00000038 const_PSG_MIXER_DEFAULT    
00000001 const_PSG_ENVELOPE_HOLD    00000002 const_PSG_ENVELOPE_ALTERN  
00000004 const_PSG_ENVELOPE_ATTACK  00000008 const_PSG_ENVELOPE_CONTIN  
00000000 const_PSG_ENVELOPE_SINGLE  00000004 const_PSG_ENVELOPE_SINGLE  
00000008 const_PSG_ENVELOPE_CYCLE_  0000000C const_PSG_ENVELOPE_CYCLE_  
0000000D const_PSG_ENVELOPE_SINGLE  0000000E const_PSG_ENVELOPE_CYCLE_  
00000006 const_TITLE_ROW            0000000D const_TITLE_LENGTH         
00000006 const_TITLE_COLOR          0000000A const_AUTHOR_ROW           
00000006 const_AUTHOR_LENGTH        00000007 const_AUTHOR_COLOR         
00000005 const_COLOR_BAR_ROW        00000003 const_BRAND_ROW            
00000007 const_BRAND_COLOR          00000008 const_CARD_WIDTH           
00000008 const_CARD_HEIGHT          00000002 const_DEBOUNCE_DELAY       
00000000 const_NO_KEY               00000347 _color                     
0000010A _border_color              00000105 _gram_target               
00000106 _gram_total                00005A91 label_SCREEN_BITMAPS_0     
00000344 _gram_bitmap               00005AD1 label_SCREEN_BITMAPS_1     
00005B11 label_SCREEN_CARDS         00005C1B CPYBLK                     
0000817F const_MFILE                0000813F const_MST                  
00008899 const_RIGA                 00008889 const_JOY                  
00008119 const_JOYCK                00009111 const_HACK                 
00008651 const_DIRFILE              0000815E const_CHK                  
00008163 const_DEBUG                00005A6D label_RESET_SOUND          
0000010C var_A                      000051EB T1                         
000051F5 T2                         00000308 var_&C                     
000051FF T3                         0000010D var_C                      
00005231 T4                         00000309 var_&CNT                   
0000524E T5                         00005257 T7                         
00005260 T8                         0000526A T9                         
00005277 T6                         00005282 label_AVANTI               
0000010E var_CURRIGA                00005315 label_MENU                 
00005809 label_LEGGIMENU            00005327 T11                        
00005330 T12                        0000533D T13                        
0000534A T14                        00005357 T10                        
000056AA label_SELECT               0000543C T15                        
00000114 var_P                      0000536B T16                        
00000112 var_K                      00005383 T17                        
00005435 T18                        000053ED T19                        
000053FE T20                        0000540F T21                        
00005420 T22                        00005433 T23                        
00000113 var_LASTRIGA               0000544B T25                        
00005476 T24                        00005461 T26                        
00005485 T28                        000054B0 T27                        
0000549B T29                        000055B2 T30                        
00005549 T31                        000055AB T32                        
0000555F T33                        00005570 T34                        
00005581 T35                        00005592 T36                        
000055A5 T37                        000056A8 T38                        
000055C8 T39                        0000563F T40                        
000056A1 T41                        00005655 T42                        
00005666 T43                        00005677 T44                        
00005688 T45                        0000569B T46                        
00005714 T47                        00005976 label_DEBUG                
00005714 T48                        0000571D T50                        
00005726 T51                        00005781 T49                        
00005739 T52                        0000574A T53                        
0000575B T54                        0000576C T55                        
0000577F T56                        00000115 array_TIPO                 
00005D45 PRNUM16.z                  00005807 label_FINE                 
0000010F var_EMPTYLINES             00000111 var_J                      
00005812 T58                        00000110 var_I                      
0000581A T59                        0000030A var_&MEM                   
00005832 T61                        0000583A T62                        
0000584C T60                        00005890 T63                        
00005863 T64                        0000586A T65                        
00005874 T66                        000058F0 T67                        
000058C5 T68                        000058AA T69                        
000058F0 T70                        000058D6 T71                        
00005975 T72                        0000597A label_LOOPPA               
0000597D T73                        000059A4 T74                        
000059CB T75                        00005C01 stuck                      
00005C03 CPYBLK2                    00005C0B CPYBLK2.1                  
00005C0D CPYBLK2.2                  00005C1E CPYBLK.1                   
00005C1F CPYBLK.2                   ???????? _cnt1_p0                   
???????? _wait.2                    ???????? _cnt1_p1                   
00005C35 _keypad_table              ???????? _wait.4                    
???????? _cnt1_key                  ???????? _cnt2_p0                   
???????? _wait.5                    ???????? _cnt2_p1                   
???????? _wait.7                    ???????? _cnt2_key                  
00000102 _int                       00005C30 _wait.1                    
00000100 ISRVEC                     ???????? _int_vector.vs             
???????? _int_vector.vs1            ???????? _int_vector.vs2            
00005C53 _int_vector.ds             00005C5B _int_vector.vi14           
00005C74 _int_vector.vi0            00005C6E _int_vector.vi15           
0000010B _border_mask               ???????? _col0                      
???????? _scroll_x                  ???????? _scroll_y                  
00000348 _mobs                      ???????? _int_vector.vo97           
???????? _music_frame               ???????? _int_vector.vo14           
???????? _int_vector.vo15           ???????? _emit_sound                
???????? _emit_sound_ecs            00005CD3 _int_vector.vi1            
00005CBE _int_vector.vi3            00000345 _gram2_bitmap              
00005CF6 _int_vector.vii1           00000107 _gram2_target              
00000108 _gram2_total               00005CE1 _int_vector.vii3           
???????? _scroll_d                  ???????? _int_vector.vi4            
???????? _int_vector.vi5            ???????? _int_vector.vi6            
???????? _int_vector.vi7            ???????? _int_vector.vi8            
???????? _int_vector.vi12           ???????? _int_vector.vi11           
???????? _scroll_buffer             ???????? _int_vector.vi10           
???????? _int_vector.vi13           ???????? _int_vector.vi9            
???????? IV_ISR                     00005CFF _next_random               
???????? _int_vector.vo98           ???????? _int_vector.vo16           
???????? _generate_music            00000342 _frame                     
???????? ntsc_note_table            ???????? pal_note_table             
???????? _init_music.0              00000340 _music_table               
???????? _music_mix                 ???????? _music2_mix                
???????? _play_music                ???????? @@1                        
00000341 _music_p                   ???????? _music_start               
???????? _music_t                   ???????? _music_tc                  
???????? _music_vol1                ???????? _music_vol2                
???????? _music_vol3                ???????? _music2_vol1               
???????? _music2_vol2               ???????? _music2_vol3               
???????? @@6                        ???????? @@15                       
???????? @@43                       ???????? @@41                       
???????? @@42                       ???????? @@40                       
???????? @@39                       ???????? @@38                       
???????? @@37                       ???????? @@36                       
???????? _music_vol                 0000033F _music_gosub               
???????? @@0                        ???????? _music_n1                  
???????? _music_s1                  ???????? _music_i1                  
???????? @@2                        ???????? _music_n2                  
???????? _music_s2                  ???????? _music_i2                  
???????? @@3                        ???????? _music_n3                  
???????? _music_s3                  ???????? _music_i3                  
???????? _music_n4                  ???????? _music_s4                  
???????? @@33                       ???????? _music_n5                  
???????? _music_s5                  ???????? _music_i5                  
???????? @@34                       ???????? _music_n6                  
???????? _music_s6                  ???????? _music_i6                  
???????? @@35                       ???????? _music_n7                  
???????? _music_s7                  ???????? _music_i7                  
???????? _music_n8                  ???????? _music_s8                  
???????? @@7                        ???????? _note2freq                 
???????? _music_freq10              ???????? _music_freq11              
???????? @@20                       ???????? @@8                        
???????? _music_freq20              ???????? _music_freq21              
???????? @@21                       ???????? @@9                        
???????? _music_freq30              ???????? _music_freq31              
???????? @@22                       ???????? @@4                        
???????? @@5                        ???????? @@12                       
???????? @@10                       ???????? _music_noise               
???????? _activate_drum             ???????? @@11                       
???????? @@23                       ???????? _music2_freq10             
???????? _music2_freq11             ???????? @@24                       
???????? @@25                       ???????? _music2_freq20             
???????? _music2_freq21             ???????? @@26                       
???????? @@27                       ???????? _music2_freq30             
???????? _music2_freq31             ???????? @@28                       
???????? @@29                       ???????? @@31                       
???????? @@32                       ???????? _music2_noise              
???????? _activate_drum_ecs         ???????? @@30                       
???????? _piano_instrument          ???????? _clarinet_instrument       
???????? _flute_instrument          ???????? _bass_instrument           
???????? _bass_volume               ???????? _global_volume             
???????? _piano_volume              ???????? _clarinet_vibrato          
???????? _clarinet_volume           ???????? _flute_vibrato             
???????? _flute_volume              ???????? @@table                    
???????? _music_mode                ???????? _emit_sound.0              
00005D2D PRNUM16                    00005D2D PRNUM16.l                  
00005D30 PRNUM16.__l_10_4           00005D82 PRNUM16.__pow4             
00005D34 PRNUM16.__l_10_3           00005D7E PRNUM16.__fix_10_3         
00005D38 PRNUM16.__l_10_2           00005D96 PRNUM16.__pow2             
00005D3C PRNUM16.__l_10_1           00005D7A PRNUM16.__fix_10_1         
00005D40 PRNUM16.__l_10_0           00005DAA PRNUM16.__pow0             
00005D76 PRNUM16.__zero             00005D47 PRNUM16.b                  
00005D51 PRNUM16.__padding          00005D4D PRNUM16.__pad_ovr          
00005D5A PRNUM16.__switch           00005D73 PRNUM16.__p_10_0           
00005D6E PRNUM16.__p_10_1           00005D69 PRNUM16.__p_10_2           
00005D64 PRNUM16.__p_10_3           00005D5F PRNUM16.__p_10_4           
00005DA0 PRNUM16.__pow1             00005D8C PRNUM16.__pow3             
00005D87 PRNUM16.__d_10_4           00005D91 PRNUM16.__d_10_3           
00005D9B PRNUM16.__d_10_2           00005DA5 PRNUM16.__d_10_1           
00000084 PRNUM16.____size           ???????? _AA                        
???????? _AA.end                    ???????? _AE1                       
???????? _AE1.end                   ???????? _AO                        
???????? _AO.end                    ???????? _AR                        
???????? _AR.end                    ???????? _AW                        
???????? _AW.end                    ???????? _AX                        
???????? _AX.end                    ???????? _AY                        
???????? _AY.end                    ???????? _BB1                       
???????? _BB1.end                   ???????? _BB2                       
???????? _BB2.end                   ???????? _CH                        
???????? _CH.end                    ???????? _DD1                       
???????? _DD1.end                   ???????? _DD2                       
???????? _DD2.end                   ???????? _DH1                       
???????? _DH1.end                   ???????? _DH2                       
???????? _DH2.end                   ???????? _EH                        
???????? _EH.end                    ???????? _EL                        
???????? _EL.end                    ???????? _ER1                       
???????? _ER1.end                   ???????? _ER2                       
???????? _ER2.end                   ???????? _EY                        
???????? _EY.end                    ???????? _FF                        
???????? _FF.end                    ???????? _GG1                       
???????? _GG1.end                   ???????? _GG2                       
???????? _GG2.end                   ???????? _GG3                       
???????? _GG3.end                   ???????? _HH1                       
???????? _HH1.end                   ???????? _HH2                       
???????? _HH2.end                   ???????? _IH                        
???????? _IH.end                    ???????? _IY                        
???????? _IY.end                    ???????? _JH                        
???????? _JH.end                    ???????? _KK1                       
???????? _KK1.end                   ???????? _KK2                       
???????? _KK2.end                   ???????? _KK3                       
???????? _KK3.end                   ???????? _LL                        
???????? _LL.end                    ???????? _MM                        
???????? _MM.end                    ???????? _NG1                       
???????? _NG1.end                   ???????? _NN1                       
???????? _NN1.end                   ???????? _NN2                       
???????? _NN2.end                   ???????? _OR2                       
???????? _OR2.end                   ???????? _OW                        
???????? _OW.end                    ???????? _OY                        
???????? _OY.end                    ???????? _PA1                       
???????? _PA1.end                   ???????? _PA2                       
???????? _PA2.end                   ???????? _PA3                       
???????? _PA3.end                   ???????? _PA4                       
???????? _PA4.end                   ???????? _PA5                       
???????? _PA5.end                   ???????? _PP                        
???????? _PP.end                    ???????? _RR1                       
???????? _RR1.end                   ???????? _RR2                       
???????? _RR2.end                   ???????? _SH                        
???????? _SH.end                    ???????? _SS                        
???????? _SS.end                    ???????? _TH                        
???????? _TH.end                    ???????? _TT1                       
???????? _TT1.end                   ???????? _TT2                       
???????? _TT2.end                   ???????? _UH                        
???????? _UH.end                    ???????? _UW1                       
???????? _UW1.end                   ???????? _UW2                       
???????? _UW2.end                   ???????? _VV                        
???????? _VV.end                    ???????? _WH                        
???????? _WH.end                    ???????? _WW                        
???????? _WW.end                    ???????? _XR2                       
???????? _XR2.end                   ???????? _YR                        
???????? _YR.end                    ???????? _YY1                       
???????? _YY1.end                   ???????? _YY2                       
???????? _YY2.end                   ???????? _ZH                        
???????? _ZH.end                    ???????? _ZZ                        
???????? _ZZ.end                    ???????? IV_INIT                    
???????? @@no_ivoice                ???????? IV.FPTR                    
???????? IV.PPTR                    ???????? IV.QH                      
???????? IV.QT                      ???????? @@ok                       
???????? @@ald_busy                 ???????? @@leave                    
???????? @@no_fifodata              ???????? @@fifo_fill                
???????? @@fifo_busy                ???????? IV.FLEN                    
???????? @@last_fifo                ???????? @@no_fifo_ald              
???????? @@next_phrase              ???????? @@process_phrase           
???????? IV.Q                       ???????? @@play_resrom_r4           
???????? @@new_phrase               ???????? @@play_fifo                
???????? @@play_resrom_r0           ???????? @@new_fifo_ok              
???????? @@qtok                     ???????? IV_PLAY                    
???????? IV_PLAYW                   ???????? IV_PLAY.leave              
???????? IV_PLAY.2                  ???????? IV_HUSH                    
???????? IV_WAIT.leave              ???????? IV_WAIT                    
???????? @@q_loop                   ???????? @@s_loop                   
???????? IV_SAYNUM16                ???????? @@zero                     
???????? @@thloop                   ???????? @@no_thousand              
???????? IV_SAYNUM16.recurse        ???????? @@no_hundred               
???????? @@hloop                    ???????? IV_PLAYW.1                 
???????? @@notrecurse               ???????? @@recurse                  
???????? @@teens                    ???????? @@tyloop                   
???????? JF.first                   ???????? JF.last                    
???????? JF.addr                    ???????? JF.row                     
???????? JF.wrcmd                   ???????? JF.rdcmd                   
???????? JF.ercmd                   ???????? JF.wrkey                   
???????? JF.rdkey                   ???????? JF.erkey                   
???????? JF.write                   ???????? JF.read                    
???????? JF.erase                   ???????? JF.INIT                    
???????? @@__code                   ???????? JF.SYSRAM                  
???????? JF.CMD                     ???????? JF.SV.R4                   
???????? JF.SV.R0                   ???????? JF.SV.R5                   
???????? JF.SV.ISR                  ???????? QSQR8_TBL                  
???????? @@mid                      ???????? qs_mpy8                    
???????? QSQR8_TBL.mid              ???????? qs_mpy16                   
???????? @@pos_ll                   ???????? @@pos_lh                   
???????? @@pos_hl                   ???????? uf_udiv16                  
???????? @@13                       ???????? @@14                       
???????? @@16                       ???????? __rom_stats_draw_line      
???????? double                     ???????? _rom.idx                   
???????? _rom.cnt                   ???????? _rom.segnum                
???????? _rom.size                  ???????? .ROM.SegSize               
???????? _rom.used                  ???????? .ROM.SegUsed               
???????? _rom.avlb                  ???????? .ROM.SegAvlb               
???????? __rom_stats_scale          ???????? __rom_stats_pad_left       
???????? single                     ???????? _rom.bcnt                  
???????? __rom_stats_pad_right      00000200 Q2                         
???????? _col1                      ???????? _col2                      
???????? _col3                      ???????? _col4                      
???????? _col5                      ???????? _col6                      
???????? _col7                      00000343 _read                      
00000348 Q1                         00000100 SCRATCH                    
0000011F _SCRATCH                   000002F0 SYSTEM                     
0000030B _SYSTEM                    
                                	ROMW 16
0x0                             intybasic_map:	equ 0	; ROM map used
0x0                             intybasic_jlp:	equ 0	; JLP is used
0x0                             intybasic_cc3:	equ 0	; CC3 is used and where is RAM
0x0                             intybasic_ecs:	equ 0	; Forces to include ECS startup
0x0                             intybasic_voice:	equ 0	; Forces to include voice library
0x0                             intybasic_flash:	equ 0	; Forces to include Flash memory library
0x0                             intybasic_scroll:	equ 0	; Forces to include scroll library
0x0                             intybasic_col:	equ 0	; Forces to include collision detection
0x0                             intybasic_keypad:	equ 0	; Forces to include keypad library
0x0                             intybasic_music:	equ 0	; Forces to include music library
0x0                             intybasic_music_ecs:	equ 0	; Forces to include music library
0x0                             intybasic_music_volume:	equ 0	; Forces to include music volume change
0x0                             intybasic_stack:	equ 0	; Forces to include stack overflow checking
0x1                             intybasic_numbers:	equ 1	; Forces to include numbers library
0x0                             intybasic_fastmult:	equ 0	; Forces to include fast multiplication
0x0                             intybasic_fastdiv:	equ 0	; Forces to include fast division/remainder
                                	;
                                	; Prologue for IntyBASIC programs
                                	; by Oscar Toledo G.  http://nanochess.org/
                                	;
                                	; Revision: Jan/30/2014. Spacing adjustment and more comments.
                                	; Revision: Apr/01/2014. It now sets the starting screen pos. for PRINT
                                	; Revision: Aug/26/2014. Added PAL detection code.
                                	; Revision: Dec/12/2014. Added optimized constant multiplication routines.
                                	;                        by James Pujals.
                                	; Revision: Jan/25/2015. Added marker for automatic title replacement.
                                	;                        (option --title of IntyBASIC)
                                	; Revision: Aug/06/2015. Turns off ECS sound. Seed random generator using
                                	;                        trash in 16-bit RAM. Solved bugs and optimized
                                	;                        macro for constant multiplication.
                                	; Revision: Jan/12/2016. Solved bug in PAL detection.
                                	; Revision: May/03/2016. Changed in _mode_select initialization.
                                	; Revision: Jul/31/2016. Solved bug in multiplication by 126 and 127.
                                	; Revision: Sep/08/2016. Now CLRSCR initializes screen position for PRINT,
                                	;                        this solves bug when user programs goes directly
                                	;                        to PRINT.
                                	; Revision: Oct/21/2016. Accelerated MEMSET.
                                	; Revision: Jan/09/2018. Adjusted PAL/NTSC constant.
                                	; Revision: Feb/05/2018. Forces initialization of Intellivoice if included.
                                	;                        So VOICE INIT ceases to be dangerous.
                                	; Revision: Oct/30/2018. Redesigned PAL/NTSC detection using intvnut code,
                                	;                        also now compatible with Tutorvision. Reformatted.
                                	; Revision: Jan/10/2018. Added ECS detection.
                                	;


                                ;	ROM.Setup intybasic_map
                                	;
                                                ; Open segment
0x5000                                          ORG     _rom.cpos
5000   000D 0050                                BIDECLE _ZERO           ; MOB picture base
5002   000D 0050                                BIDECLE _ZERO           ; Process table
5004   0036 0050                                BIDECLE _MAIN           ; Program start
5006   000D 0050                                BIDECLE _ZERO           ; Background base image
5008   000F 0050                                BIDECLE _ONES           ; GRAM
500A   002D 0050                                BIDECLE _TITLE          ; Cartridge title and date
500C   03C0                                     DECLE   $03C0           ; No ECS title, jump to code after title,
500D   0000                     _ZERO:          DECLE   $0000           ; Border control
500E   0000                                     DECLE   $0000           ; 0 = color stack, 1 = f/b mode
500F   0001 0001                _ONES:          DECLE   $0001, $0001    ; Initial color stack 0 and 1: Blue
5011   0001 0001                                DECLE   $0001, $0001    ; Initial color stack 2 and 3: Blue
5013   0001                                     DECLE   $0001           ; Initial border color: Blue

                                	; This macro will 'eat' SRCFILE directives if the assembler doesn't support the directive.
                                	IF ( DEFINED __FEATURE.SRCFILE ) = 0
                                	    MACRO SRCFILE x, y
                                	    ; macro must be non-empty, but a comment works fine.
                                	    ENDM
                                	ENDI

5014   02BC 0200                CLRSCR:	MVII #$200,R4		; Used also for CLS
5016   0244 0346                	MVO R4,_screen		; Set up starting screen position for PRINT
5018   02B9 00F0                	MVII #$F0,R1
0x501A                          FILLZERO:
501A   01C0                     	CLRR R0
0x501B                          MEMSET:
501B   007D                     	SARC R1,2
501C   020A 0002                	BNOV $+4
501E   0260                     	MVO@ R0,R4
501F   0260                     	MVO@ R0,R4
5020   0209 0001                	BNC $+3
5022   0260                     	MVO@ R0,R4
5023   0204 0005                	BEQ $+7
5025   0260                     	MVO@ R0,R4
5026   0260                     	MVO@ R0,R4
5027   0260                     	MVO@ R0,R4
5028   0260                     	MVO@ R0,R4
5029   0011                     	DECR R1
502A   022C 0006                	BNE $-5
502C   00AF                     	JR R5

                                	;
                                	; Title, Intellivision EXEC will jump over it and start
                                	; execution directly in _MAIN
                                	;
                                	; Note mark is for automatic replacement by IntyBASIC
0x502D                          _TITLE:
502D   007D 0070 0069 0072      	BYTE 125,'pirtoII',0
5031   0074 006F 0049 0049 0000 
                                        
                                	;
                                	; Main program
                                	;
0x5036                          _MAIN:
5036   0003                     	DIS			; Disable interrupts
5037   02BE 02F0                	MVII #STACK,R6

                                	;
                                	; Clean memory
                                	;
5039   0004 0150 0014           	CALL CLRSCR		; Clean up screen, right here to avoid brief
                                				; screen display of title in Sears Intellivision.
503C   02B9 000E                	MVII #$00e,R1		; 14 of sound (ECS)
503E   02BC 00F0                	MVII #$0f0,R4		; ECS PSG
5040   0004 0150 001A           	CALL FILLZERO
5043   02B9 00FE                	MVII #$0fe,R1		; 240 words of 8 bits plus 14 of sound
5045   02BC 0100                	MVII #$100,R4		; 8-bit scratch RAM
5047   0004 0150 001A           	CALL FILLZERO

                                	; Seed random generator using 16 bit RAM (not cleared by EXEC)
504A   01C0                     	CLRR R0
504B   02BC 02F0                	MVII #$02F0,R4
504D   02B9 0044                	MVII #$0110/4,R1	; Includes phantom memory for extra randomness
0x504F                          _MAIN4:				; This loop is courtesy of GroovyBee
504F   02E0                     	ADD@ R4,R0
5050   02E0                     	ADD@ R4,R0
5051   02E0                     	ADD@ R4,R0
5052   02E0                     	ADD@ R4,R0
5053   0011                     	DECR R1
5054   022C 0006                	BNE _MAIN4
5056   0240 0104                	MVO R0,_rand

5058   02B9 0058                	MVII #$058,R1		; 88 words of 16 bits
505A   02BC 0308                	MVII #$308,R4		; 16-bit scratch RAM
505C   0004 0150 001A           	CALL FILLZERO

                                    IF intybasic_jlp
                                	MVII #$1F40,R1		; Words of 16 bits
                                	MVII #$8040,R4		; 16-bit scratch RAM
                                	CALL FILLZERO
                                    ENDI
                                    IF intybasic_cc3
                                	MVII #$1F40,R1		; Words of 16 bits
                                	MVII #intybasic_cc3*256+$40,R4	; 16-bit scratch RAM
                                	CALL FILLZERO
                                    ENDI

                                	; PAL/NTSC detect
505F   0004 015C 0041           	CALL _set_isr
5062   5065                     	DECLE _pal1
5063   0002                     	EIS
5064   0017                     	DECR PC			; This is a kind of HALT instruction

                                	; First interrupt may come at a weird time on Tutorvision, or
                                	; if other startup timing changes.
5065   033E 0008                _pal1:	SUBI #8,R6		; Drop interrupt stack.
5067   0004 015C 0041           	CALL _set_isr
506A   506C                     	DECLE _pal2
506B   0017                     	DECR PC

                                	; Second interrupt is safe for initializing MOBs.
                                	; We will know the screen is off after this one fires.
506C   033E 0008                _pal2:	SUBI #8,R6		; Drop interrupt stack.
506E   0004 015C 0041           	CALL _set_isr
5071   5083                     	DECLE _pal3
                                	; clear MOBs
5072   01C0                     	CLRR R0
5073   01E4                     	CLRR R4
5074   02BA 0018                	MVII #$18,R2
0x5076                          _pal2_lp:
5076   0260                     	MVO@ R0,R4
5077   0012                     	DECR R2
5078   022C 0003                	BNE _pal2_lp
507A   0240 0030                	MVO R0,$30		; Reset horizontal delay register
507C   0240 0031                	MVO R0,$31		; Reset vertical delay register

507E   02BA FBB4                	MVII #-1100,R2		; PAL/NTSC threshold
0x5080                          _pal2_cnt:
5080   000A                     	INCR R2
5081   0220 0002                	B _pal2_cnt

                                	; The final count in R2 will either be negative or positive.
                                	; If R2 is still -ve, NTSC; else PAL.
5083   033E 0008                _pal3:	SUBI #8,R6		; Drop interrupt stack.
5085   0052                     	RLC R2,1
5086   0052                     	RLC R2,1
5087   03BA 0001                	ANDI #1,R2		; 1 = NTSC, 0 = PAL

5089   02B9 0055                	MVII #$55,R1
508B   0241 4040                	MVO R1,$4040
508D   02B9 00AA                	MVII #$AA,R1
508F   0241 4041                	MVO R1,$4041
5091   0281 4040                	MVI $4040,R1
5093   0379 0055                	CMPI #$55,R1
5095   020C 0008                	BNE _ecs1
5097   0281 4041                	MVI $4041,R1
5099   0379 00AA                	CMPI #$AA,R1
509B   020C 0002                	BNE _ecs1
509D   02FA 0002                	ADDI #2,R2		; ECS detected flag
0x509F                          _ecs1:
509F   0242 0103                	MVO R2,_ntsc

50A1   0004 015C 0041           	CALL _set_isr
50A4   5C48                     	DECLE _int_vector

50A5   0004 0150 0014           	CALL CLRSCR		; Because _screen was reset to zero
50A8   0004 015C 002D           	CALL _wait
50AB   0004 015C 012C           	CALL _init_music
50AE   02B8 0002                	MVII #2,R0		; Color Stack mode
50B0   0240 0109                	MVO R0,_mode_select
50B2   02B8 0038                	MVII #$038,R0
50B4   0240 01F8                	MVO R0,$01F8		; Configures sound
50B6   0240 00F8                	MVO R0,$00F8		; Configures sound (ECS)
50B8   0004 015C 002D           	CALL IV_INIT_and_wait	; Setup Intellivoice

                                ;* ======================================================================== *;
                                ;*  These routines are placed into the public domain by their author.  All  *;
                                ;*  copyright rights are hereby relinquished on the routines and data in    *;
                                ;*  this file.  -- James Pujals (DZ-Jay), 2014                              *;
                                ;* ======================================================================== *;

                                ; Modified by Oscar Toledo G. (nanochess), Aug/06/2015
                                ; * Tested all multiplications with automated test.
                                ; * Accelerated multiplication by 7,14,15,28,31,60,62,63,112,120,124
                                ; * Solved bug in multiplication by 23,39,46,47,55,71,78,79,87,92,93,94,95,103,110,111,119
                                ; * Improved sequence of instructions to be more interruptible.

                                ;; ======================================================================== ;;
                                ;;  MULT reg, tmp, const                                                    ;;
                                ;;  Multiplies "reg" by constant "const" and using "tmp" for temporary      ;;
                                ;;  calculations.  The result is placed in "reg."  The multiplication is    ;;
                                ;;  performed by an optimal combination of shifts, additions, and           ;;
                                ;;  subtractions.                                                           ;;
                                ;;                                                                          ;;
                                ;;  NOTE:   The resulting contents of the "tmp" are undefined.              ;;
                                ;;                                                                          ;;
                                ;;  ARGUMENTS                                                               ;;
                                ;;      reg         A register containing the multiplicand.                 ;;
                                ;;      tmp         A register for temporary calculations.                  ;;
                                ;;      const       The constant multiplier.                                ;;
                                ;;                                                                          ;;
                                ;;  OUTPUT                                                                  ;;
                                ;;      reg         Output value.                                           ;;
                                ;;      tmp         Trashed.                                                ;;
                                ;;      .ERR.Failed True if operation failed.                               ;;
                                ;; ======================================================================== ;;
                                MACRO   MULT reg, tmp, const
                                ;
                                    LISTING "code"

                                _mul.const      QSET    %const%
                                _mul.done       QSET    0

                                        IF (%const% > $7F)
                                _mul.const      QSET    (_mul.const SHR 1)
                                                SLL     %reg%,  1
                                        ENDI

                                        ; Multiply by $00 (0)
                                        IF (_mul.const = $00)
                                _mul.done       QSET    -1
                                                CLRR    %reg%
                                        ENDI

                                        ; Multiply by $01 (1)
                                        IF (_mul.const = $01)
                                _mul.done       QSET    -1
                                                ; Nothing to do
                                        ENDI

                                        ; Multiply by $02 (2)
                                        IF (_mul.const = $02)
                                _mul.done       QSET    -1
                                                SLL     %reg%,  1
                                        ENDI

                                        ; Multiply by $03 (3)
                                        IF (_mul.const = $03)
                                _mul.done       QSET    -1
                                                MOVR    %reg%,  %tmp%
                                                SLL     %reg%,  1
                                                ADDR    %tmp%,  %reg%
                                        ENDI

                                        ; Multiply by $04 (4)
                                        IF (_mul.const = $04)
                                _mul.done       QSET    -1
                                                SLL     %reg%,  2
                                        ENDI

                                        ; Multiply by $05 (5)
                                        IF (_mul.const = $05)
                                _mul.done       QSET    -1
                                                MOVR    %reg%,  %tmp%
                                                SLL     %reg%,  2
                                                ADDR    %tmp%,  %reg%
                                        ENDI

                                        ; Multiply by $06 (6)
                                        IF (_mul.const = $06)
                                _mul.done       QSET    -1
                                                SLL     %reg%,  1
                                                MOVR    %reg%,  %tmp%
                                                SLL     %reg%,  1
                                                ADDR    %tmp%,  %reg%
                                        ENDI

                                        ; Multiply by $07 (7)
                                        IF (_mul.const = $07)
                                _mul.done       QSET    -1
                                                MOVR    %reg%,  %tmp%
                                                SLL     %reg%,  2
                                                SLL     %reg%,  1
                                                SUBR    %tmp%,  %reg%
                                        ENDI

                                        ; Multiply by $08 (8)
                                        IF (_mul.const = $08)
                                _mul.done       QSET    -1
                                                SLL     %reg%,  2
                                                SLL     %reg%,  1
                                        ENDI

                                        ; Multiply by $09 (9)
                                        IF (_mul.const = $09)
                                _mul.done       QSET    -1
                                                MOVR    %reg%,  %tmp%
                                                SLL     %reg%,  2
                                                SLL     %reg%,  1
                                                ADDR    %tmp%,  %reg%
                                        ENDI

                                        ; Multiply by $0A (10)
                                        IF (_mul.const = $0A)
                                _mul.done       QSET    -1
                                                SLL     %reg%,  1
                                                MOVR    %reg%,  %tmp%
                                                SLL     %reg%,  2
                                                ADDR    %tmp%,  %reg%
                                        ENDI

                                        ; Multiply by $0B (11)
                                        IF (_mul.const = $0B)
                                _mul.done       QSET    -1
                                                MOVR    %reg%,  %tmp%
                                                SLL     %reg%,  1
                                                ADDR    %reg%,  %tmp%
                                                SLL     %reg%,  2
                                                ADDR    %tmp%,  %reg%
                                        ENDI

                                        ; Multiply by $0C (12)
                                        IF (_mul.const = $0C)
                                _mul.done       QSET    -1
                                                SLL     %reg%,  2
                                                MOVR    %reg%,  %tmp%
                                                SLL     %reg%,  1
                                                ADDR    %tmp%,  %reg%
                                        ENDI

                                        ; Multiply by $0D (13)
                                        IF (_mul.const = $0D)
                                _mul.done       QSET    -1
                                                MOVR    %reg%,  %tmp%
                                                SLL     %reg%,  2
                                                ADDR    %reg%,  %tmp%
                                                SLL     %reg%,  1
                                                ADDR    %tmp%,  %reg%
                                        ENDI

                                        ; Multiply by $0E (14)
                                        IF (_mul.const = $0E)
                                _mul.done       QSET    -1
                                                SLL     %reg%,  1
                                                MOVR    %reg%,  %tmp%
                                                SLL     %reg%,  2
                                                SLL     %reg%,  1
                                                SUBR    %tmp%,  %reg%
                                        ENDI

                                        ; Multiply by $0F (15)
                                        IF (_mul.const = $0F)
                                _mul.done       QSET    -1
                                                MOVR    %reg%,  %tmp%
                                                SLL     %reg%,  2
                                                SLL     %reg%,  2
                                                SUBR    %tmp%,  %reg%
                                        ENDI

                                        ; Multiply by $10 (16)
                                        IF (_mul.const = $10)
                                _mul.done       QSET    -1
                                                SLL     %reg%,  2
                                                SLL     %reg%,  2
                                        ENDI

                                        ; Multiply by $11 (17)
                                        IF (_mul.const = $11)
                                _mul.done       QSET    -1
                                                MOVR    %reg%,  %tmp%
                                                SLL     %reg%,  2
                                                SLL     %reg%,  2
                                                ADDR    %tmp%,  %reg%
                                        ENDI

                                        ; Multiply by $12 (18)
                                        IF (_mul.const = $12)
                                _mul.done       QSET    -1
                                                SLL     %reg%,  1
                                                MOVR    %reg%,  %tmp%
                                                SLL     %reg%,  2
                                                SLL     %reg%,  1
                                                ADDR    %tmp%,  %reg%
                                        ENDI

                                        ; Multiply by $13 (19)
                                        IF (_mul.const = $13)
                                _mul.done       QSET    -1
                                                MOVR    %reg%,  %tmp%
                                                SLL     %reg%,  1
                                                ADDR    %reg%,  %tmp%
                                                SLL     %reg%,  2
                                                SLL     %reg%,  1
                                                ADDR    %tmp%,  %reg%
                                        ENDI

                                        ; Multiply by $14 (20)
                                        IF (_mul.const = $14)
                                _mul.done       QSET    -1
                                                SLL     %reg%,  2
                                                MOVR    %reg%,  %tmp%
                                                SLL     %reg%,  2
                                                ADDR    %tmp%,  %reg%
                                        ENDI

                                        ; Multiply by $15 (21)
                                        IF (_mul.const = $15)
                                _mul.done       QSET    -1
                                                MOVR    %reg%,  %tmp%
                                                SLL     %reg%,  2
                                                ADDR    %reg%,  %tmp%
                                                SLL     %reg%,  2
                                                ADDR    %tmp%,  %reg%
                                        ENDI

                                        ; Multiply by $16 (22)
                                        IF (_mul.const = $16)
                                _mul.done       QSET    -1
                                                SLL     %reg%,  1
                                                MOVR    %reg%,  %tmp%
                                                SLL     %reg%,  1
                                                ADDR    %reg%,  %tmp%
                                                SLL     %reg%,  2
                                                ADDR    %tmp%,  %reg%
                                        ENDI

                                        ; Multiply by $17 (23)
                                        IF (_mul.const = $17)
                                _mul.done       QSET    -1
                                                MOVR    %reg%,  %tmp%
                                                SLL     %reg%,  2
                                                SLL     %reg%,  1
                                                SUBR    %reg%,  %tmp%
                                                SLL     %reg%,  1
                                                SUBR    %tmp%,  %reg%
                                        ENDI

                                        ; Multiply by $18 (24)
                                        IF (_mul.const = $18)
                                _mul.done       QSET    -1
                                                SLL     %reg%,  2
                                                SLL     %reg%,  1
                                                MOVR    %reg%,  %tmp%
                                                SLL     %reg%,  1
                                                ADDR    %tmp%,  %reg%
                                        ENDI

                                        ; Multiply by $19 (25)
                                        IF (_mul.const = $19)
                                _mul.done       QSET    -1
                                                MOVR    %reg%,  %tmp%
                                                SLL     %reg%,  2
                                                SLL     %reg%,  1
                                                ADDR    %reg%,  %tmp%
                                                SLL     %reg%,  1
                                                ADDR    %tmp%,  %reg%
                                        ENDI

                                        ; Multiply by $1A (26)
                                        IF (_mul.const = $1A)
                                _mul.done       QSET    -1
                                                SLL     %reg%,  1
                                                MOVR    %reg%,  %tmp%
                                                SLL     %reg%,  2
                                                ADDR    %reg%,  %tmp%
                                                SLL     %reg%,  1
                                                ADDR    %tmp%,  %reg%
                                        ENDI

                                        ; Multiply by $1B (27)
                                        IF (_mul.const = $1B)
                                _mul.done       QSET    -1
                                                MOVR    %reg%,  %tmp%
                                                SLL     %reg%,  1
                                                ADDR    %reg%,  %tmp%
                                                SLL     %reg%,  2
                                                ADDR    %reg%,  %tmp%
                                                SLL     %reg%,  1
                                                ADDR    %tmp%,  %reg%
                                        ENDI

                                        ; Multiply by $1C (28)
                                        IF (_mul.const = $1C)
                                _mul.done       QSET    -1
                                                SLL     %reg%,  2
                                                MOVR    %reg%,  %tmp%
                                                SLL     %reg%,  2
                                                SLL     %reg%,  1
                                                SUBR    %tmp%,  %reg%
                                        ENDI

                                        ; Multiply by $1D (29)
                                        IF (_mul.const = $1D)
                                _mul.done       QSET    -1
                                                MOVR    %reg%,  %tmp%
                                                SLL     %reg%,  2
                                                SUBR    %reg%,  %tmp%
                                                SLL     %reg%,  2
                                                SLL     %reg%,  1
                                                ADDR    %tmp%,  %reg%
                                        ENDI

                                        ; Multiply by $1E (30)
                                        IF (_mul.const = $1E)
                                _mul.done       QSET    -1
                                                SLL     %reg%,  1
                                                MOVR    %reg%,  %tmp%
                                                SLL     %reg%,  2
                                                SLL     %reg%,  2
                                                SUBR    %tmp%,  %reg%
                                        ENDI

                                        ; Multiply by $1F (31)
                                        IF (_mul.const = $1F)
                                _mul.done       QSET    -1
                                                MOVR    %reg%,  %tmp%
                                                SLL     %reg%,  2
                                                SLL     %reg%,  2
                                		ADDR	%reg%,	%reg%
                                                SUBR    %tmp%,  %reg%
                                        ENDI

                                        ; Multiply by $20 (32)
                                        IF (_mul.const = $20)
                                _mul.done       QSET    -1
                                                SLL     %reg%,  2
                                                SLL     %reg%,  2
                                		ADDR	%reg%,	%reg%
                                        ENDI

                                        ; Multiply by $21 (33)
                                        IF (_mul.const = $21)
                                _mul.done       QSET    -1
                                                MOVR    %reg%,  %tmp%
                                                SLL     %reg%,  2
                                                SLL     %reg%,  2
                                		ADDR	%reg%,	%reg%
                                                ADDR    %tmp%,  %reg%
                                        ENDI

                                        ; Multiply by $22 (34)
                                        IF (_mul.const = $22)
                                _mul.done       QSET    -1
                                                SLL     %reg%,  1
                                                MOVR    %reg%,  %tmp%
                                                SLL     %reg%,  2
                                                SLL     %reg%,  2
                                                ADDR    %tmp%,  %reg%
                                        ENDI

                                        ; Multiply by $23 (35)
                                        IF (_mul.const = $23)
                                _mul.done       QSET    -1
                                                MOVR    %reg%,  %tmp%
                                                SLL     %reg%,  1
                                                ADDR    %reg%,  %tmp%
                                                SLL     %reg%,  2
                                                SLL     %reg%,  2
                                                ADDR    %tmp%,  %reg%
                                        ENDI

                                        ; Multiply by $24 (36)
                                        IF (_mul.const = $24)
                                _mul.done       QSET    -1
                                                SLL     %reg%,  2
                                                MOVR    %reg%,  %tmp%
                                                SLL     %reg%,  2
                                                SLL     %reg%,  1
                                                ADDR    %tmp%,  %reg%
                                        ENDI

                                        ; Multiply by $25 (37)
                                        IF (_mul.const = $25)
                                _mul.done       QSET    -1
                                                MOVR    %reg%,  %tmp%
                                                SLL     %reg%,  2
                                                ADDR    %reg%,  %tmp%
                                                SLL     %reg%,  2
                                                SLL     %reg%,  1
                                                ADDR    %tmp%,  %reg%
                                        ENDI

                                        ; Multiply by $26 (38)
                                        IF (_mul.const = $26)
                                _mul.done       QSET    -1
                                                SLL     %reg%,  1
                                                MOVR    %reg%,  %tmp%
                                                SLL     %reg%,  1
                                                ADDR    %reg%,  %tmp%
                                                SLL     %reg%,  2
                                                SLL     %reg%,  1
                                                ADDR    %tmp%,  %reg%
                                        ENDI

                                        ; Multiply by $27 (39)
                                        IF (_mul.const = $27)
                                _mul.done       QSET    -1
                                                MOVR    %reg%,  %tmp%
                                                SLL     %reg%,  2
                                                SLL     %reg%,  1
                                                SUBR    %reg%,  %tmp%
                                                SLL     %reg%,  2
                                		SUBR	%tmp%,	%reg%
                                        ENDI

                                        ; Multiply by $28 (40)
                                        IF (_mul.const = $28)
                                _mul.done       QSET    -1
                                                SLL     %reg%,  2
                                                SLL     %reg%,  1
                                                MOVR    %reg%,  %tmp%
                                                SLL     %reg%,  2
                                                ADDR    %tmp%,  %reg%
                                        ENDI

                                        ; Multiply by $29 (41)
                                        IF (_mul.const = $29)
                                _mul.done       QSET    -1
                                                MOVR    %reg%,  %tmp%
                                                SLL     %reg%,  2
                                                SLL     %reg%,  1
                                                ADDR    %reg%,  %tmp%
                                                SLL     %reg%,  2
                                                ADDR    %tmp%,  %reg%
                                        ENDI

                                        ; Multiply by $2A (42)
                                        IF (_mul.const = $2A)
                                _mul.done       QSET    -1
                                                SLL     %reg%,  1
                                                MOVR    %reg%,  %tmp%
                                                SLL     %reg%,  2
                                                ADDR    %reg%,  %tmp%
                                                SLL     %reg%,  2
                                                ADDR    %tmp%,  %reg%
                                        ENDI

                                        ; Multiply by $2B (43)
                                        IF (_mul.const = $2B)
                                _mul.done       QSET    -1
                                                MOVR    %reg%,  %tmp%
                                                SLL     %reg%,  1
                                                ADDR    %reg%,  %tmp%
                                                SLL     %reg%,  2
                                                ADDR    %reg%,  %tmp%
                                                SLL     %reg%,  2
                                                ADDR    %tmp%,  %reg%
                                        ENDI

                                        ; Multiply by $2C (44)
                                        IF (_mul.const = $2C)
                                _mul.done       QSET    -1
                                                SLL     %reg%,  2
                                                MOVR    %reg%,  %tmp%
                                                SLL     %reg%,  1
                                                ADDR    %reg%,  %tmp%
                                                SLL     %reg%,  2
                                                ADDR    %tmp%,  %reg%
                                        ENDI

                                        ; Multiply by $2D (45)
                                        IF (_mul.const = $2D)
                                _mul.done       QSET    -1
                                                MOVR    %reg%,  %tmp%
                                                SLL     %reg%,  2
                                                ADDR    %reg%,  %tmp%
                                                SLL     %reg%,  1
                                                ADDR    %reg%,  %tmp%
                                                SLL     %reg%,  2
                                                ADDR    %tmp%,  %reg%
                                        ENDI

                                        ; Multiply by $2E (46)
                                        IF (_mul.const = $2E)
                                _mul.done       QSET    -1
                                                SLL     %reg%,  1
                                                MOVR    %reg%,  %tmp%
                                                SLL     %reg%,  2
                                                SLL     %reg%,  1
                                                SUBR    %reg%,  %tmp%
                                                SLL     %reg%,  1
                                		SUBR	%tmp%,  %reg%
                                        ENDI

                                        ; Multiply by $2F (47)
                                        IF (_mul.const = $2F)
                                _mul.done       QSET    -1
                                                MOVR    %reg%,  %tmp%
                                                SLL     %reg%,  2
                                                SLL     %reg%,  2
                                                SUBR    %reg%,  %tmp%
                                                SLL     %reg%,  1
                                		SUBR	%tmp%,  %reg%
                                        ENDI

                                        ; Multiply by $30 (48)
                                        IF (_mul.const = $30)
                                _mul.done       QSET    -1
                                                SLL     %reg%,  2
                                                SLL     %reg%,  2
                                                MOVR    %reg%,  %tmp%
                                                SLL     %reg%,  1
                                                ADDR    %tmp%,  %reg%
                                        ENDI

                                        ; Multiply by $31 (49)
                                        IF (_mul.const = $31)
                                _mul.done       QSET    -1
                                                MOVR    %reg%,  %tmp%
                                                SLL     %reg%,  2
                                                SLL     %reg%,  2
                                                ADDR    %reg%,  %tmp%
                                                SLL     %reg%,  1
                                                ADDR    %tmp%,  %reg%
                                        ENDI

                                        ; Multiply by $32 (50)
                                        IF (_mul.const = $32)
                                _mul.done       QSET    -1
                                                SLL     %reg%,  1
                                                MOVR    %reg%,  %tmp%
                                                SLL     %reg%,  2
                                                SLL     %reg%,  1
                                                ADDR    %reg%,  %tmp%
                                                SLL     %reg%,  1
                                                ADDR    %tmp%,  %reg%
                                        ENDI

                                        ; Multiply by $33 (51)
                                        IF (_mul.const = $33)
                                _mul.done       QSET    -1
                                                MOVR    %reg%,  %tmp%
                                                SLL     %reg%,  1
                                                ADDR    %reg%,  %tmp%
                                                SLL     %reg%,  2
                                                SLL     %reg%,  1
                                                ADDR    %reg%,  %tmp%
                                                SLL     %reg%,  1
                                                ADDR    %tmp%,  %reg%
                                        ENDI

                                        ; Multiply by $34 (52)
                                        IF (_mul.const = $34)
                                _mul.done       QSET    -1
                                                SLL     %reg%,  2
                                                MOVR    %reg%,  %tmp%
                                                SLL     %reg%,  2
                                                ADDR    %reg%,  %tmp%
                                                SLL     %reg%,  1
                                                ADDR    %tmp%,  %reg%
                                        ENDI

                                        ; Multiply by $35 (53)
                                        IF (_mul.const = $35)
                                _mul.done       QSET    -1
                                                MOVR    %reg%,  %tmp%
                                                SLL     %reg%,  2
                                                ADDR    %reg%,  %tmp%
                                                SLL     %reg%,  2
                                                ADDR    %reg%,  %tmp%
                                                SLL     %reg%,  1
                                                ADDR    %tmp%,  %reg%
                                        ENDI

                                        ; Multiply by $36 (54)
                                        IF (_mul.const = $36)
                                _mul.done       QSET    -1
                                                SLL     %reg%,  1
                                                MOVR    %reg%,  %tmp%
                                                SLL     %reg%,  1
                                                ADDR    %reg%,  %tmp%
                                                SLL     %reg%,  2
                                                ADDR    %reg%,  %tmp%
                                                SLL     %reg%,  1
                                                ADDR    %tmp%,  %reg%
                                        ENDI

                                        ; Multiply by $37 (55)
                                        IF (_mul.const = $37)
                                _mul.done       QSET    -1
                                                MOVR    %reg%,  %tmp%
                                                SLL     %reg%,  2
                                                SLL     %reg%,  1
                                                ADDR    %reg%,  %tmp%
                                                SLL     %reg%,  2
                                		SLL	%reg%,	1
                                		SUBR	%tmp%,	%reg%
                                        ENDI

                                        ; Multiply by $38 (56)
                                        IF (_mul.const = $38)
                                _mul.done       QSET    -1
                                                SLL     %reg%,  2
                                                SLL     %reg%,  1
                                                MOVR    %reg%,  %tmp%
                                                SLL     %reg%,  2
                                                SLL     %reg%,  1
                                                SUBR    %tmp%,  %reg%
                                        ENDI

                                        ; Multiply by $39 (57)
                                        IF (_mul.const = $39)
                                _mul.done       QSET    -1
                                                MOVR    %reg%,  %tmp%
                                                SLL     %reg%,  2
                                                SLL     %reg%,  1
                                                SUBR    %reg%,  %tmp%
                                                SLL     %reg%,  2
                                                SLL     %reg%,  1
                                                ADDR    %tmp%,  %reg%
                                        ENDI

                                        ; Multiply by $3A (58)
                                        IF (_mul.const = $3A)
                                _mul.done       QSET    -1
                                                SLL     %reg%,  1
                                                MOVR    %reg%,  %tmp%
                                                SLL     %reg%,  2
                                                SUBR    %reg%,  %tmp%
                                                SLL     %reg%,  2
                                                SLL     %reg%,  1
                                                ADDR    %tmp%,  %reg%
                                        ENDI

                                        ; Multiply by $3B (59)
                                        IF (_mul.const = $3B)
                                _mul.done       QSET    -1
                                                MOVR    %reg%,  %tmp%
                                                SLL     %reg%,  1
                                                ADDR    %reg%,  %tmp%
                                                SLL     %reg%,  2
                                                SUBR    %reg%,  %tmp%
                                                SLL     %reg%,  2
                                                SLL     %reg%,  1
                                                ADDR    %tmp%,  %reg%
                                        ENDI

                                        ; Multiply by $3C (60)
                                        IF (_mul.const = $3C)
                                _mul.done       QSET    -1
                                                SLL     %reg%,  2
                                                MOVR    %reg%,  %tmp%
                                                SLL     %reg%,  2
                                                SLL     %reg%,  2
                                                SUBR    %tmp%,  %reg%
                                        ENDI

                                        ; Multiply by $3D (61)
                                        IF (_mul.const = $3D)
                                _mul.done       QSET    -1
                                                MOVR    %reg%,  %tmp%
                                                SLL     %reg%,  2
                                                SUBR    %reg%,  %tmp%
                                                SLL     %reg%,  2
                                                SLL     %reg%,  2
                                                ADDR    %tmp%,  %reg%
                                        ENDI

                                        ; Multiply by $3E (62)
                                        IF (_mul.const = $3E)
                                _mul.done       QSET    -1
                                                SLL     %reg%,  1
                                                MOVR    %reg%,  %tmp%
                                                SLL     %reg%,  2
                                                SLL     %reg%,  2
                                		ADDR	%reg%,	%reg%
                                                SUBR    %tmp%,  %reg%
                                        ENDI

                                        ; Multiply by $3F (63)
                                        IF (_mul.const = $3F)
                                _mul.done       QSET    -1
                                                MOVR    %reg%,  %tmp%
                                                SLL     %reg%,  2
                                                SLL     %reg%,  2
                                                SLL     %reg%,  2
                                                SUBR    %tmp%,  %reg%
                                        ENDI

                                        ; Multiply by $40 (64)
                                        IF (_mul.const = $40)
                                _mul.done       QSET    -1
                                                SLL     %reg%,  2
                                                SLL     %reg%,  2
                                                SLL     %reg%,  2
                                        ENDI

                                        ; Multiply by $41 (65)
                                        IF (_mul.const = $41)
                                _mul.done       QSET    -1
                                                MOVR    %reg%,  %tmp%
                                                SLL     %reg%,  2
                                                SLL     %reg%,  2
                                                SLL     %reg%,  2
                                                ADDR    %tmp%,  %reg%
                                        ENDI

                                        ; Multiply by $42 (66)
                                        IF (_mul.const = $42)
                                _mul.done       QSET    -1
                                                SLL     %reg%,  1
                                                MOVR    %reg%,  %tmp%
                                                SLL     %reg%,  2
                                                SLL     %reg%,  2
                                		ADDR	%reg%,	%reg%
                                                ADDR    %tmp%,  %reg%
                                        ENDI

                                        ; Multiply by $43 (67)
                                        IF (_mul.const = $43)
                                _mul.done       QSET    -1
                                                MOVR    %reg%,  %tmp%
                                                SLL     %reg%,  1
                                                ADDR    %reg%,  %tmp%
                                                SLL     %reg%,  2
                                                SLL     %reg%,  2
                                		ADDR	%reg%,	%reg%
                                                ADDR    %tmp%,  %reg%
                                        ENDI

                                        ; Multiply by $44 (68)
                                        IF (_mul.const = $44)
                                _mul.done       QSET    -1
                                                SLL     %reg%,  2
                                                MOVR    %reg%,  %tmp%
                                                SLL     %reg%,  2
                                                SLL     %reg%,  2
                                                ADDR    %tmp%,  %reg%
                                        ENDI

                                        ; Multiply by $45 (69)
                                        IF (_mul.const = $45)
                                _mul.done       QSET    -1
                                                MOVR    %reg%,  %tmp%
                                                SLL     %reg%,  2
                                                ADDR    %reg%,  %tmp%
                                                SLL     %reg%,  2
                                                SLL     %reg%,  2
                                                ADDR    %tmp%,  %reg%
                                        ENDI

                                        ; Multiply by $46 (70)
                                        IF (_mul.const = $46)
                                _mul.done       QSET    -1
                                                SLL     %reg%,  1
                                                MOVR    %reg%,  %tmp%
                                                SLL     %reg%,  1
                                                ADDR    %reg%,  %tmp%
                                                SLL     %reg%,  2
                                                SLL     %reg%,  2
                                                ADDR    %tmp%,  %reg%
                                        ENDI

                                        ; Multiply by $47 (71)
                                        IF (_mul.const = $47)
                                _mul.done       QSET    -1
                                                MOVR    %reg%,  %tmp%
                                                SLL     %reg%,  2
                                                SLL     %reg%,  1
                                                SUBR    %reg%,  %tmp%
                                                SLL     %reg%,  2
                                                SLL     %reg%,  1
                                		SUBR	%tmp%,	%reg%
                                        ENDI

                                        ; Multiply by $48 (72)
                                        IF (_mul.const = $48)
                                _mul.done       QSET    -1
                                                SLL     %reg%,  2
                                                SLL     %reg%,  1
                                                MOVR    %reg%,  %tmp%
                                                SLL     %reg%,  2
                                                SLL     %reg%,  1
                                                ADDR    %tmp%,  %reg%
                                        ENDI

                                        ; Multiply by $49 (73)
                                        IF (_mul.const = $49)
                                _mul.done       QSET    -1
                                                MOVR    %reg%,  %tmp%
                                                SLL     %reg%,  2
                                                SLL     %reg%,  1
                                                ADDR    %reg%,  %tmp%
                                                SLL     %reg%,  2
                                                SLL     %reg%,  1
                                                ADDR    %tmp%,  %reg%
                                        ENDI

                                        ; Multiply by $4A (74)
                                        IF (_mul.const = $4A)
                                _mul.done       QSET    -1
                                                SLL     %reg%,  1
                                                MOVR    %reg%,  %tmp%
                                                SLL     %reg%,  2
                                                ADDR    %reg%,  %tmp%
                                                SLL     %reg%,  2
                                                SLL     %reg%,  1
                                                ADDR    %tmp%,  %reg%
                                        ENDI

                                        ; Multiply by $4B (75)
                                        IF (_mul.const = $4B)
                                _mul.done       QSET    -1
                                                MOVR    %reg%,  %tmp%
                                                SLL     %reg%,  1
                                                ADDR    %reg%,  %tmp%
                                                SLL     %reg%,  2
                                                ADDR    %reg%,  %tmp%
                                                SLL     %reg%,  2
                                                SLL     %reg%,  1
                                                ADDR    %tmp%,  %reg%
                                        ENDI

                                        ; Multiply by $4C (76)
                                        IF (_mul.const = $4C)
                                _mul.done       QSET    -1
                                                SLL     %reg%,  2
                                                MOVR    %reg%,  %tmp%
                                                SLL     %reg%,  1
                                                ADDR    %reg%,  %tmp%
                                                SLL     %reg%,  2
                                                SLL     %reg%,  1
                                                ADDR    %tmp%,  %reg%
                                        ENDI

                                        ; Multiply by $4D (77)
                                        IF (_mul.const = $4D)
                                _mul.done       QSET    -1
                                                MOVR    %reg%,  %tmp%
                                                SLL     %reg%,  2
                                                ADDR    %reg%,  %tmp%
                                                SLL     %reg%,  1
                                                ADDR    %reg%,  %tmp%
                                                SLL     %reg%,  2
                                                SLL     %reg%,  1
                                                ADDR    %tmp%,  %reg%
                                        ENDI

                                        ; Multiply by $4E (78)
                                        IF (_mul.const = $4E)
                                _mul.done       QSET    -1
                                                SLL     %reg%,  1
                                                MOVR    %reg%,  %tmp%
                                                SLL     %reg%,  2
                                                SLL     %reg%,  1
                                                SUBR    %reg%,  %tmp%
                                                SLL     %reg%,  2
                                		SUBR	%tmp%,	%reg%
                                        ENDI

                                        ; Multiply by $4F (79)
                                        IF (_mul.const = $4F)
                                _mul.done       QSET    -1
                                                MOVR    %reg%,  %tmp%
                                                SLL     %reg%,  2
                                                SLL     %reg%,  2
                                                SUBR    %reg%,  %tmp%
                                                SLL     %reg%,  2
                                		SUBR	%tmp%,	%reg%
                                        ENDI

                                        ; Multiply by $50 (80)
                                        IF (_mul.const = $50)
                                _mul.done       QSET    -1
                                                SLL     %reg%,  2
                                                SLL     %reg%,  2
                                                MOVR    %reg%,  %tmp%
                                                SLL     %reg%,  2
                                                ADDR    %tmp%,  %reg%
                                        ENDI

                                        ; Multiply by $51 (81)
                                        IF (_mul.const = $51)
                                _mul.done       QSET    -1
                                                MOVR    %reg%,  %tmp%
                                                SLL     %reg%,  2
                                                SLL     %reg%,  2
                                                ADDR    %reg%,  %tmp%
                                                SLL     %reg%,  2
                                                ADDR    %tmp%,  %reg%
                                        ENDI

                                        ; Multiply by $52 (82)
                                        IF (_mul.const = $52)
                                _mul.done       QSET    -1
                                                SLL     %reg%,  1
                                                MOVR    %reg%,  %tmp%
                                                SLL     %reg%,  2
                                                SLL     %reg%,  1
                                                ADDR    %reg%,  %tmp%
                                                SLL     %reg%,  2
                                                ADDR    %tmp%,  %reg%
                                        ENDI

                                        ; Multiply by $53 (83)
                                        IF (_mul.const = $53)
                                _mul.done       QSET    -1
                                                MOVR    %reg%,  %tmp%
                                                SLL     %reg%,  1
                                                ADDR    %reg%,  %tmp%
                                                SLL     %reg%,  2
                                                SLL     %reg%,  1
                                                ADDR    %reg%,  %tmp%
                                                SLL     %reg%,  2
                                                ADDR    %tmp%,  %reg%
                                        ENDI

                                        ; Multiply by $54 (84)
                                        IF (_mul.const = $54)
                                _mul.done       QSET    -1
                                                SLL     %reg%,  2
                                                MOVR    %reg%,  %tmp%
                                                SLL     %reg%,  2
                                                ADDR    %reg%,  %tmp%
                                                SLL     %reg%,  2
                                                ADDR    %tmp%,  %reg%
                                        ENDI

                                        ; Multiply by $55 (85)
                                        IF (_mul.const = $55)
                                _mul.done       QSET    -1
                                                MOVR    %reg%,  %tmp%
                                                SLL     %reg%,  2
                                                ADDR    %reg%,  %tmp%
                                                SLL     %reg%,  2
                                                ADDR    %reg%,  %tmp%
                                                SLL     %reg%,  2
                                                ADDR    %tmp%,  %reg%
                                        ENDI

                                        ; Multiply by $56 (86)
                                        IF (_mul.const = $56)
                                _mul.done       QSET    -1
                                                SLL     %reg%,  1
                                                MOVR    %reg%,  %tmp%
                                                SLL     %reg%,  1
                                                ADDR    %reg%,  %tmp%
                                                SLL     %reg%,  2
                                                ADDR    %reg%,  %tmp%
                                                SLL     %reg%,  2
                                                ADDR    %tmp%,  %reg%
                                        ENDI

                                        ; Multiply by $57 (87)
                                        IF (_mul.const = $57)
                                _mul.done       QSET    -1
                                                MOVR    %reg%,  %tmp%
                                                SLL     %reg%,  2
                                                SLL     %reg%,  1
                                                SUBR    %reg%,  %tmp%
                                                SLL     %reg%,  1
                                		SUBR    %reg%,	%tmp%
                                                SLL     %reg%,  2
                                		SUBR	%tmp%,	%reg%
                                        ENDI

                                        ; Multiply by $58 (88)
                                        IF (_mul.const = $58)
                                _mul.done       QSET    -1
                                                SLL     %reg%,  2
                                                SLL     %reg%,  1
                                                MOVR    %reg%,  %tmp%
                                                SLL     %reg%,  1
                                                ADDR    %reg%,  %tmp%
                                                SLL     %reg%,  2
                                                ADDR    %tmp%,  %reg%
                                        ENDI

                                        ; Multiply by $59 (89)
                                        IF (_mul.const = $59)
                                _mul.done       QSET    -1
                                                MOVR    %reg%,  %tmp%
                                                SLL     %reg%,  2
                                                SLL     %reg%,  1
                                                ADDR    %reg%,  %tmp%
                                                SLL     %reg%,  1
                                                ADDR    %reg%,  %tmp%
                                                SLL     %reg%,  2
                                                ADDR    %tmp%,  %reg%
                                        ENDI

                                        ; Multiply by $5A (90)
                                        IF (_mul.const = $5A)
                                _mul.done       QSET    -1
                                                SLL     %reg%,  1
                                                MOVR    %reg%,  %tmp%
                                                SLL     %reg%,  2
                                                ADDR    %reg%,  %tmp%
                                                SLL     %reg%,  1
                                                ADDR    %reg%,  %tmp%
                                                SLL     %reg%,  2
                                                ADDR    %tmp%,  %reg%
                                        ENDI

                                        ; Multiply by $5B (91)
                                        IF (_mul.const = $5B)
                                _mul.done       QSET    -1
                                                MOVR    %reg%,  %tmp%
                                                SLL     %reg%,  1
                                                ADDR    %reg%,  %tmp%
                                                SLL     %reg%,  2
                                                ADDR    %reg%,  %tmp%
                                                SLL     %reg%,  1
                                                ADDR    %reg%,  %tmp%
                                                SLL     %reg%,  2
                                                ADDR    %tmp%,  %reg%
                                        ENDI

                                        ; Multiply by $5C (92)
                                        IF (_mul.const = $5C)
                                _mul.done       QSET    -1
                                                SLL     %reg%,  2
                                                MOVR    %reg%,  %tmp%
                                                SLL     %reg%,  2
                                                SLL     %reg%,  1
                                                SUBR    %reg%,  %tmp%
                                                SLL     %reg%,  1
                                		SUBR	%tmp%,	%reg%
                                        ENDI

                                        ; Multiply by $5D (93)
                                        IF (_mul.const = $5D)
                                _mul.done       QSET    -1
                                		MOVR	%reg%,	%tmp%
                                                SLL     %reg%,  1
                                                ADDR    %reg%,  %tmp%
                                                SLL     %reg%,  2
                                                SLL     %reg%,  2
                                                SUBR    %reg%,  %tmp%
                                                SLL     %reg%,  1
                                		SUBR	%tmp%,	%reg%
                                        ENDI

                                        ; Multiply by $5E (94)
                                        IF (_mul.const = $5E)
                                _mul.done       QSET    -1
                                                SLL     %reg%,  1
                                                MOVR    %reg%,  %tmp%
                                                SLL     %reg%,  2
                                                SLL     %reg%,  2
                                                SUBR    %reg%,  %tmp%
                                                SLL     %reg%,  1
                                		SUBR	%tmp%,	%reg%
                                        ENDI

                                        ; Multiply by $5F (95)
                                        IF (_mul.const = $5F)
                                _mul.done       QSET    -1
                                                MOVR    %reg%,  %tmp%
                                                ADDR	%reg%,	%reg%
                                                SLL     %reg%,  2
                                                SLL     %reg%,  2
                                                SUBR    %reg%,  %tmp%
                                                SLL     %reg%,  1
                                		SUBR	%tmp%,	%reg%
                                        ENDI

                                        ; Multiply by $60 (96)
                                        IF (_mul.const = $60)
                                _mul.done       QSET    -1
                                                SLL     %reg%,  2
                                                SLL     %reg%,  2
                                		ADDR	%reg%,	%reg%
                                                MOVR    %reg%,  %tmp%
                                                SLL     %reg%,  1
                                                ADDR    %tmp%,  %reg%
                                        ENDI

                                        ; Multiply by $61 (97)
                                        IF (_mul.const = $61)
                                _mul.done       QSET    -1
                                                MOVR    %reg%,  %tmp%
                                                SLL     %reg%,  2
                                                SLL     %reg%,  2
                                                SLL     %reg%,  1
                                                ADDR    %reg%,  %tmp%
                                                SLL     %reg%,  1
                                                ADDR    %tmp%,  %reg%
                                        ENDI

                                        ; Multiply by $62 (98)
                                        IF (_mul.const = $62)
                                _mul.done       QSET    -1
                                                SLL     %reg%,  1
                                                MOVR    %reg%,  %tmp%
                                                SLL     %reg%,  2
                                                SLL     %reg%,  2
                                                ADDR    %reg%,  %tmp%
                                                SLL     %reg%,  1
                                                ADDR    %tmp%,  %reg%
                                        ENDI

                                        ; Multiply by $63 (99)
                                        IF (_mul.const = $63)
                                _mul.done       QSET    -1
                                                MOVR    %reg%,  %tmp%
                                                SLL     %reg%,  1
                                                ADDR    %reg%,  %tmp%
                                                SLL     %reg%,  2
                                                SLL     %reg%,  2
                                                ADDR    %reg%,  %tmp%
                                                SLL     %reg%,  1
                                                ADDR    %tmp%,  %reg%
                                        ENDI

                                        ; Multiply by $64 (100)
                                        IF (_mul.const = $64)
                                _mul.done       QSET    -1
                                                SLL     %reg%,  2
                                                MOVR    %reg%,  %tmp%
                                                SLL     %reg%,  2
                                                SLL     %reg%,  1
                                                ADDR    %reg%,  %tmp%
                                                SLL     %reg%,  1
                                                ADDR    %tmp%,  %reg%
                                        ENDI

                                        ; Multiply by $65 (101)
                                        IF (_mul.const = $65)
                                _mul.done       QSET    -1
                                                MOVR    %reg%,  %tmp%
                                                SLL     %reg%,  2
                                                ADDR    %reg%,  %tmp%
                                                SLL     %reg%,  2
                                                SLL     %reg%,  1
                                                ADDR    %reg%,  %tmp%
                                                SLL     %reg%,  1
                                                ADDR    %tmp%,  %reg%
                                        ENDI

                                        ; Multiply by $66 (102)
                                        IF (_mul.const = $66)
                                _mul.done       QSET    -1
                                                SLL     %reg%,  1
                                                MOVR    %reg%,  %tmp%
                                                SLL     %reg%,  1
                                                ADDR    %reg%,  %tmp%
                                                SLL     %reg%,  2
                                                SLL     %reg%,  1
                                                ADDR    %reg%,  %tmp%
                                                SLL     %reg%,  1
                                                ADDR    %tmp%,  %reg%
                                        ENDI

                                        ; Multiply by $67 (103)
                                        IF (_mul.const = $67)
                                _mul.done       QSET    -1
                                                MOVR    %reg%,  %tmp%
                                                SLL     %reg%,  2
                                                SLL     %reg%,  1
                                                SUBR    %reg%,  %tmp%
                                                SLL     %reg%,  2
                                                SUBR    %reg%,  %tmp%
                                                SLL     %reg%,  1
                                                SUBR    %tmp%,  %reg%
                                        ENDI

                                        ; Multiply by $68 (104)
                                        IF (_mul.const = $68)
                                _mul.done       QSET    -1
                                                SLL     %reg%,  2
                                                SLL     %reg%,  1
                                                MOVR    %reg%,  %tmp%
                                                SLL     %reg%,  2
                                                ADDR    %reg%,  %tmp%
                                                SLL     %reg%,  1
                                                ADDR    %tmp%,  %reg%
                                        ENDI

                                        ; Multiply by $69 (105)
                                        IF (_mul.const = $69)
                                _mul.done       QSET    -1
                                                MOVR    %reg%,  %tmp%
                                                SLL     %reg%,  2
                                                SLL     %reg%,  1
                                                ADDR    %reg%,  %tmp%
                                                SLL     %reg%,  2
                                                ADDR    %reg%,  %tmp%
                                                SLL     %reg%,  1
                                                ADDR    %tmp%,  %reg%
                                        ENDI

                                        ; Multiply by $6A (106)
                                        IF (_mul.const = $6A)
                                _mul.done       QSET    -1
                                                SLL     %reg%,  1
                                                MOVR    %reg%,  %tmp%
                                                SLL     %reg%,  2
                                                ADDR    %reg%,  %tmp%
                                                SLL     %reg%,  2
                                                ADDR    %reg%,  %tmp%
                                                SLL     %reg%,  1
                                                ADDR    %tmp%,  %reg%
                                        ENDI

                                        ; Multiply by $6B (107)
                                        IF (_mul.const = $6B)
                                _mul.done       QSET    -1
                                                MOVR    %reg%,  %tmp%
                                                SLL     %reg%,  1
                                                ADDR    %reg%,  %tmp%
                                                SLL     %reg%,  2
                                                ADDR    %reg%,  %tmp%
                                                SLL     %reg%,  2
                                                ADDR    %reg%,  %tmp%
                                                SLL     %reg%,  1
                                                ADDR    %tmp%,  %reg%
                                        ENDI

                                        ; Multiply by $6C (108)
                                        IF (_mul.const = $6C)
                                _mul.done       QSET    -1
                                                SLL     %reg%,  2
                                                MOVR    %reg%,  %tmp%
                                                SLL     %reg%,  1
                                                ADDR    %reg%,  %tmp%
                                                SLL     %reg%,  2
                                                ADDR    %reg%,  %tmp%
                                                SLL     %reg%,  1
                                                ADDR    %tmp%,  %reg%
                                        ENDI

                                        ; Multiply by $6D (109)
                                        IF (_mul.const = $6D)
                                _mul.done       QSET    -1
                                                MOVR    %reg%,  %tmp%
                                                SLL     %reg%,  2
                                                ADDR    %reg%,  %tmp%
                                                SLL     %reg%,  1
                                                ADDR    %reg%,  %tmp%
                                                SLL     %reg%,  2
                                                ADDR    %reg%,  %tmp%
                                                SLL     %reg%,  1
                                                ADDR    %tmp%,  %reg%
                                        ENDI

                                        ; Multiply by $6E (110)
                                        IF (_mul.const = $6E)
                                _mul.done       QSET    -1
                                                SLL     %reg%,  1
                                                MOVR    %reg%,  %tmp%
                                                SLL     %reg%,  2
                                                SLL     %reg%,  1
                                                ADDR    %reg%,  %tmp%
                                                SLL     %reg%,  2
                                                SLL     %reg%,  1
                                		SUBR	%tmp%,	%reg%
                                        ENDI

                                        ; Multiply by $6F (111)
                                        IF (_mul.const = $6F)
                                _mul.done       QSET    -1
                                                MOVR    %reg%,  %tmp%
                                                SLL     %reg%,  2
                                                SLL     %reg%,  2
                                                ADDR    %reg%,  %tmp%
                                                SLL     %reg%,  2
                                                SLL     %reg%,  1
                                		SUBR	%tmp%,	%reg%
                                        ENDI

                                        ; Multiply by $70 (112)
                                        IF (_mul.const = $70)
                                _mul.done       QSET    -1
                                                SLL     %reg%,  2
                                                SLL     %reg%,  2
                                                MOVR    %reg%,  %tmp%
                                                SLL     %reg%,  2
                                                SLL     %reg%,  1
                                                SUBR    %tmp%,  %reg%
                                        ENDI

                                        ; Multiply by $71 (113)
                                        IF (_mul.const = $71)
                                _mul.done       QSET    -1
                                                MOVR    %reg%,  %tmp%
                                                SLL     %reg%,  2
                                                SLL     %reg%,  2
                                                SUBR    %reg%,  %tmp%
                                                SLL     %reg%,  2
                                                SLL     %reg%,  1
                                                ADDR    %tmp%,  %reg%
                                        ENDI

                                        ; Multiply by $72 (114)
                                        IF (_mul.const = $72)
                                _mul.done       QSET    -1
                                                SLL     %reg%,  1
                                                MOVR    %reg%,  %tmp%
                                                SLL     %reg%,  2
                                                SLL     %reg%,  1
                                                SUBR    %reg%,  %tmp%
                                                SLL     %reg%,  2
                                                SLL     %reg%,  1
                                                ADDR    %tmp%,  %reg%
                                        ENDI

                                        ; Multiply by $73 (115)
                                        IF (_mul.const = $73)
                                _mul.done       QSET    -1
                                                MOVR    %reg%,  %tmp%
                                                SLL     %reg%,  1
                                                ADDR    %reg%,  %tmp%
                                                SLL     %reg%,  2
                                                SLL     %reg%,  1
                                                SUBR    %reg%,  %tmp%
                                                SLL     %reg%,  2
                                                SLL     %reg%,  1
                                                ADDR    %tmp%,  %reg%
                                        ENDI

                                        ; Multiply by $74 (116)
                                        IF (_mul.const = $74)
                                _mul.done       QSET    -1
                                                SLL     %reg%,  2
                                                MOVR    %reg%,  %tmp%
                                                SLL     %reg%,  2
                                                SUBR    %reg%,  %tmp%
                                                SLL     %reg%,  2
                                                SLL     %reg%,  1
                                                ADDR    %tmp%,  %reg%
                                        ENDI

                                        ; Multiply by $75 (117)
                                        IF (_mul.const = $75)
                                _mul.done       QSET    -1
                                                MOVR    %reg%,  %tmp%
                                                SLL     %reg%,  2
                                                ADDR    %reg%,  %tmp%
                                                SLL     %reg%,  2
                                                SUBR    %reg%,  %tmp%
                                                SLL     %reg%,  2
                                                SLL     %reg%,  1
                                                ADDR    %tmp%,  %reg%
                                        ENDI

                                        ; Multiply by $76 (118)
                                        IF (_mul.const = $76)
                                _mul.done       QSET    -1
                                                SLL     %reg%,  1
                                                MOVR    %reg%,  %tmp%
                                                SLL     %reg%,  1
                                                ADDR    %reg%,  %tmp%
                                                SLL     %reg%,  2
                                                SUBR    %reg%,  %tmp%
                                                SLL     %reg%,  2
                                                SLL     %reg%,  1
                                                ADDR    %tmp%,  %reg%
                                        ENDI

                                        ; Multiply by $77 (119)
                                        IF (_mul.const = $77)
                                _mul.done       QSET    -1
                                                MOVR    %reg%,  %tmp%
                                                SLL     %reg%,  2
                                                SLL     %reg%,  1
                                                ADDR    %reg%,  %tmp%
                                                SLL     %reg%,  2
                                                SLL     %reg%,  2
                                                SUBR    %tmp%,  %reg%
                                        ENDI

                                        ; Multiply by $78 (120)
                                        IF (_mul.const = $78)
                                _mul.done       QSET    -1
                                                SLL     %reg%,  2
                                                SLL     %reg%,  1
                                                MOVR    %reg%,  %tmp%
                                                SLL     %reg%,  2
                                                SLL     %reg%,  2
                                                SUBR    %tmp%,  %reg%
                                        ENDI

                                        ; Multiply by $79 (121)
                                        IF (_mul.const = $79)
                                _mul.done       QSET    -1
                                                MOVR    %reg%,  %tmp%
                                                SLL     %reg%,  2
                                                SLL     %reg%,  1
                                                SUBR    %reg%,  %tmp%
                                                SLL     %reg%,  2
                                                SLL     %reg%,  2
                                                ADDR    %tmp%,  %reg%
                                        ENDI

                                        ; Multiply by $7A (122)
                                        IF (_mul.const = $7A)
                                _mul.done       QSET    -1
                                                SLL     %reg%,  1
                                                MOVR    %reg%,  %tmp%
                                                SLL     %reg%,  2
                                                SUBR    %reg%,  %tmp%
                                                SLL     %reg%,  2
                                                SLL     %reg%,  2
                                                ADDR    %tmp%,  %reg%
                                        ENDI

                                        ; Multiply by $7B (123)
                                        IF (_mul.const = $7B)
                                _mul.done       QSET    -1
                                                MOVR    %reg%,  %tmp%
                                                SLL     %reg%,  1
                                                ADDR    %reg%,  %tmp%
                                                SLL     %reg%,  2
                                                SUBR    %reg%,  %tmp%
                                                SLL     %reg%,  2
                                                SLL     %reg%,  2
                                                ADDR    %tmp%,  %reg%
                                        ENDI

                                        ; Multiply by $7C (124)
                                        IF (_mul.const = $7C)
                                _mul.done       QSET    -1
                                                SLL     %reg%,  2
                                                MOVR    %reg%,  %tmp%
                                                SLL     %reg%,  2
                                                SLL     %reg%,  2
                                		ADDR	%reg%,	%reg%
                                                SUBR    %tmp%,  %reg%
                                        ENDI

                                        ; Multiply by $7D (125)
                                        IF (_mul.const = $7D)
                                _mul.done       QSET    -1
                                                MOVR    %reg%,  %tmp%
                                                SLL     %reg%,  2
                                                SUBR    %reg%,  %tmp%
                                                SLL     %reg%,  2
                                                SLL     %reg%,  2
                                		ADDR	%reg%,	%reg%
                                                ADDR    %tmp%,  %reg%
                                        ENDI

                                        ; Multiply by $7E (126)
                                        IF (_mul.const = $7E)
                                _mul.done       QSET    -1
                                                SLL     %reg%,  1
                                                MOVR    %reg%,  %tmp%
                                                SLL     %reg%,  2
                                                SLL     %reg%,  2
                                                SLL     %reg%,  2
                                                SUBR    %tmp%,  %reg%
                                        ENDI

                                        ; Multiply by $7F (127)
                                        IF (_mul.const = $7F)
                                _mul.done       QSET    -1
                                                MOVR    %reg%,  %tmp%
                                                SLL     %reg%,  2
                                                SLL     %reg%,  2
                                                SLL     %reg%,  2
                                                SLL     %reg%,  1
                                                SUBR    %tmp%,  %reg%
                                        ENDI

                                        IF  (_mul.done = 0)
                                            ERR $("Invalid multiplication constant \'%const%\', must be between 0 and ", $#($7F), ".")
                                        ENDI

                                    LISTING "prev"
                                ENDM

                                ;; ======================================================================== ;;
                                ;;  EOF: pm:mac:lang:mult                                                   ;;
                                ;; ======================================================================== ;;

                                	; IntyBASIC compiler v1.5.1 May/10/2025
                                	;FILE pirtoII.bas
                                	;[1]     REM IntyColor v1.1.7 Dec/03/2018
                                	SRCFILE "pirtoII.bas",1
                                	;[2]     REM Command: intycolor -b pirto_s.bmp pirto.bas 
                                	SRCFILE "pirtoII.bas",2
                                	;[3]     REM Created: Fri Jan 19 11:47:51 2024
                                	SRCFILE "pirtoII.bas",3
                                	;[4] 
                                	SRCFILE "pirtoII.bas",4
                                	;[5]     REM stub for showing image
                                	SRCFILE "pirtoII.bas",5
                                	;[6] 
                                	SRCFILE "pirtoII.bas",6
                                	;[7]     ASM MEMATTR $8000, $9fFF, "+RWN"
                                	SRCFILE "pirtoII.bas",7
                                 MEMATTR $8000, $9fFF, "+RWN"
                                	;[8] 
                                	SRCFILE "pirtoII.bas",8
                                	;[9]     ' We need some important constants.
                                	SRCFILE "pirtoII.bas",9
                                	;[10]     INCLUDE "constants.bas"
                                	SRCFILE "pirtoII.bas",10
                                	;FILE constants.bas
                                	;[1] REM -------------------------------------------------------------------------
                                	SRCFILE "constants.bas",1
                                	;[2] REM HEADER - CONSTANTS.BAS
                                	SRCFILE "constants.bas",2
                                	;[3] REM
                                	SRCFILE "constants.bas",3
                                	;[4] REM Started by Mark Ball, July 2015
                                	SRCFILE "constants.bas",4
                                	;[5] REM
                                	SRCFILE "constants.bas",5
                                	;[6] REM Constants for use in IntyBASIC
                                	SRCFILE "constants.bas",6
                                	;[7] REM
                                	SRCFILE "constants.bas",7
                                	;[8] REM HISTORY
                                	SRCFILE "constants.bas",8
                                	;[9] REM -------
                                	SRCFILE "constants.bas",9
                                	;[10] REM 1.00F 05/07/15 - First version.
                                	SRCFILE "constants.bas",10
                                	;[11] REM 1.01F 07/07/15 - Added disc directions.
                                	SRCFILE "constants.bas",11
                                	;[12] REM                - Added background modes.
                                	SRCFILE "constants.bas",12
                                	;[13] REM                - Minor comment changes.
                                	SRCFILE "constants.bas",13
                                	;[14] REM 1.02F 08/07/15 - Renamed constants.
                                	SRCFILE "constants.bas",14
                                	;[15] REM                - Added background access information.
                                	SRCFILE "constants.bas",15
                                	;[16] REM                - Adjustments to layout.
                                	SRCFILE "constants.bas",16
                                	;[17] REM 1.03F 08/07/15 - Fixed comment delimiter.
                                	SRCFILE "constants.bas",17
                                	;[18] REM 1.04F 11/07/15 - Added useful functions.
                                	SRCFILE "constants.bas",18
                                	;[19] REM                - Added controller movement mask.
                                	SRCFILE "constants.bas",19
                                	;[20] REM 1.05F 11/07/15 - Added BACKGROUND constants.
                                	SRCFILE "constants.bas",20
                                	;[21] REM 1.06F 11/07/15 - Changed Y, X order to X, Y in DEF FN functions.
                                	SRCFILE "constants.bas",21
                                	;[22] REM 1.07F 11/07/15 - Added colour stack advance.
                                	SRCFILE "constants.bas",22
                                	;[23] REM 1.08F 12/07/15 - Added functions for sprite position handling.
                                	SRCFILE "constants.bas",23
                                	;[24] REM 1.09F 12/07/15 - Added a function for resetting a sprite.
                                	SRCFILE "constants.bas",24
                                	;[25] REM 1.10F 13/07/15 - Added keypad constants.
                                	SRCFILE "constants.bas",25
                                	;[26] REM 1.11F 13/07/15 - Added side button constants.
                                	SRCFILE "constants.bas",26
                                	;[27] REM 1.12F 13/07/15 - Updated sprite functions.
                                	SRCFILE "constants.bas",27
                                	;[28] REM 1.13F 19/07/15 - Added border masking constants.
                                	SRCFILE "constants.bas",28
                                	;[29] REM 1.14F 20/07/15 - Added a combined border masking constant.
                                	SRCFILE "constants.bas",29
                                	;[30] REM 1.15F 20/07/15 - Renamed border masking constants to BORDER_HIDE_xxxx.
                                	SRCFILE "constants.bas",30
                                	;[31] REM 1.16F 28/09/15 - Fixed disc direction typos.
                                	SRCFILE "constants.bas",31
                                	;[32] REM 1.17F 30/09/15 - Fixed DISC_SOUTH_WEST value.
                                	SRCFILE "constants.bas",32
                                	;[33] REM 1.18F 05/12/15 - Fixed BG_XXXX colours.
                                	SRCFILE "constants.bas",33
                                	;[34] REM 1.19F 01/01/16 - Changed name of BACKTAB constant to avoid confusion with #BACKTAB array.
                                	SRCFILE "constants.bas",34
                                	;[35] REM                - Added pause key constants.
                                	SRCFILE "constants.bas",35
                                	;[36] REM 1.20F 14/01/16 - Added coloured squares mode's pixel colours.
                                	SRCFILE "constants.bas",36
                                	;[37] REM 1.21F 15/01/16 - Added coloured squares mode's X and Y limits.
                                	SRCFILE "constants.bas",37
                                	;[38] REM 1.22F 23/01/16 - Added PSG constants.
                                	SRCFILE "constants.bas",38
                                	;[39] REM 1.23F 24/01/16 - Fixed typo in PSG comments.
                                	SRCFILE "constants.bas",39
                                	;[40] REM 1.24F 16/11/16 - Added toggle DEF FN's for sprite's BEHIND, HIT and VISIBLE.
                                	SRCFILE "constants.bas",40
                                	;[41] REM -------------------------------------------------------------------------
                                	SRCFILE "constants.bas",41
                                	;[42] 
                                	SRCFILE "constants.bas",42
                                	;[43] REM /////////////////////////////////////////////////////////////////////////
                                	SRCFILE "constants.bas",43
                                	;[44] 
                                	SRCFILE "constants.bas",44
                                	;[45] REM -------------------------------------------------------------------------
                                	SRCFILE "constants.bas",45
                                	;[46] REM Background information.
                                	SRCFILE "constants.bas",46
                                	;[47] REM -------------------------------------------------------------------------
                                	SRCFILE "constants.bas",47
                                	;[48] CONST BACKTAB_ADDR					= $0200		' Start of the BACKground TABle (BACKTAB) in RAM.
                                	SRCFILE "constants.bas",48
0x200                           const_BACKTAB_ADDR:	EQU 512
                                	;[49] CONST BACKGROUND_ROWS				= 12		' Height of the background in cards.
                                	SRCFILE "constants.bas",49
0xC                             const_BACKGROUND_ROWS:	EQU 12
                                	;[50] CONST BACKGROUND_COLUMNS			= 20		' Width of the background in cards.
                                	SRCFILE "constants.bas",50
0x14                            const_BACKGROUND_COLUMNS:	EQU 20
                                	;[51] 
                                	SRCFILE "constants.bas",51
                                	;[52] REM -------------------------------------------------------------------------
                                	SRCFILE "constants.bas",52
                                	;[53] REM Background GRAM cards.
                                	SRCFILE "constants.bas",53
                                	;[54] REM -------------------------------------------------------------------------
                                	SRCFILE "constants.bas",54
                                	;[55] CONST BG00							= $0800
                                	SRCFILE "constants.bas",55
0x800                           const_BG00:	EQU 2048
                                	;[56] CONST BG01							= $0808
                                	SRCFILE "constants.bas",56
0x808                           const_BG01:	EQU 2056
                                	;[57] CONST BG02							= $0810
                                	SRCFILE "constants.bas",57
0x810                           const_BG02:	EQU 2064
                                	;[58] CONST BG03							= $0818
                                	SRCFILE "constants.bas",58
0x818                           const_BG03:	EQU 2072
                                	;[59] CONST BG04							= $0820
                                	SRCFILE "constants.bas",59
0x820                           const_BG04:	EQU 2080
                                	;[60] CONST BG05							= $0828
                                	SRCFILE "constants.bas",60
0x828                           const_BG05:	EQU 2088
                                	;[61] CONST BG06							= $0830
                                	SRCFILE "constants.bas",61
0x830                           const_BG06:	EQU 2096
                                	;[62] CONST BG07							= $0838
                                	SRCFILE "constants.bas",62
0x838                           const_BG07:	EQU 2104
                                	;[63] CONST BG08							= $0840
                                	SRCFILE "constants.bas",63
0x840                           const_BG08:	EQU 2112
                                	;[64] CONST BG09							= $0848
                                	SRCFILE "constants.bas",64
0x848                           const_BG09:	EQU 2120
                                	;[65] CONST BG10							= $0850
                                	SRCFILE "constants.bas",65
0x850                           const_BG10:	EQU 2128
                                	;[66] CONST BG11							= $0858
                                	SRCFILE "constants.bas",66
0x858                           const_BG11:	EQU 2136
                                	;[67] CONST BG12							= $0860
                                	SRCFILE "constants.bas",67
0x860                           const_BG12:	EQU 2144
                                	;[68] CONST BG13							= $0868
                                	SRCFILE "constants.bas",68
0x868                           const_BG13:	EQU 2152
                                	;[69] CONST BG14							= $0870
                                	SRCFILE "constants.bas",69
0x870                           const_BG14:	EQU 2160
                                	;[70] CONST BG15							= $0878
                                	SRCFILE "constants.bas",70
0x878                           const_BG15:	EQU 2168
                                	;[71] CONST BG16							= $0880
                                	SRCFILE "constants.bas",71
0x880                           const_BG16:	EQU 2176
                                	;[72] CONST BG17							= $0888
                                	SRCFILE "constants.bas",72
0x888                           const_BG17:	EQU 2184
                                	;[73] CONST BG18							= $0890
                                	SRCFILE "constants.bas",73
0x890                           const_BG18:	EQU 2192
                                	;[74] CONST BG19							= $0898
                                	SRCFILE "constants.bas",74
0x898                           const_BG19:	EQU 2200
                                	;[75] CONST BG20							= $08A0
                                	SRCFILE "constants.bas",75
0x8A0                           const_BG20:	EQU 2208
                                	;[76] CONST BG21							= $08A8
                                	SRCFILE "constants.bas",76
0x8A8                           const_BG21:	EQU 2216
                                	;[77] CONST BG22							= $08B0
                                	SRCFILE "constants.bas",77
0x8B0                           const_BG22:	EQU 2224
                                	;[78] CONST BG23							= $08B8
                                	SRCFILE "constants.bas",78
0x8B8                           const_BG23:	EQU 2232
                                	;[79] CONST BG24							= $08C0
                                	SRCFILE "constants.bas",79
0x8C0                           const_BG24:	EQU 2240
                                	;[80] CONST BG25							= $08C8
                                	SRCFILE "constants.bas",80
0x8C8                           const_BG25:	EQU 2248
                                	;[81] CONST BG26							= $08D0
                                	SRCFILE "constants.bas",81
0x8D0                           const_BG26:	EQU 2256
                                	;[82] CONST BG27							= $08D8
                                	SRCFILE "constants.bas",82
0x8D8                           const_BG27:	EQU 2264
                                	;[83] CONST BG28							= $08E0
                                	SRCFILE "constants.bas",83
0x8E0                           const_BG28:	EQU 2272
                                	;[84] CONST BG29							= $08E8
                                	SRCFILE "constants.bas",84
0x8E8                           const_BG29:	EQU 2280
                                	;[85] CONST BG30							= $08F0
                                	SRCFILE "constants.bas",85
0x8F0                           const_BG30:	EQU 2288
                                	;[86] CONST BG31							= $08F8
                                	SRCFILE "constants.bas",86
0x8F8                           const_BG31:	EQU 2296
                                	;[87] CONST BG32							= $0900
                                	SRCFILE "constants.bas",87
0x900                           const_BG32:	EQU 2304
                                	;[88] CONST BG33							= $0908
                                	SRCFILE "constants.bas",88
0x908                           const_BG33:	EQU 2312
                                	;[89] CONST BG34							= $0910
                                	SRCFILE "constants.bas",89
0x910                           const_BG34:	EQU 2320
                                	;[90] CONST BG35							= $0918
                                	SRCFILE "constants.bas",90
0x918                           const_BG35:	EQU 2328
                                	;[91] CONST BG36							= $0920
                                	SRCFILE "constants.bas",91
0x920                           const_BG36:	EQU 2336
                                	;[92] CONST BG37							= $0928
                                	SRCFILE "constants.bas",92
0x928                           const_BG37:	EQU 2344
                                	;[93] CONST BG38							= $0930
                                	SRCFILE "constants.bas",93
0x930                           const_BG38:	EQU 2352
                                	;[94] CONST BG39							= $0938
                                	SRCFILE "constants.bas",94
0x938                           const_BG39:	EQU 2360
                                	;[95] CONST BG40							= $0940
                                	SRCFILE "constants.bas",95
0x940                           const_BG40:	EQU 2368
                                	;[96] CONST BG41							= $0948
                                	SRCFILE "constants.bas",96
0x948                           const_BG41:	EQU 2376
                                	;[97] CONST BG42							= $0950
                                	SRCFILE "constants.bas",97
0x950                           const_BG42:	EQU 2384
                                	;[98] CONST BG43							= $0958
                                	SRCFILE "constants.bas",98
0x958                           const_BG43:	EQU 2392
                                	;[99] CONST BG44							= $0960
                                	SRCFILE "constants.bas",99
0x960                           const_BG44:	EQU 2400
                                	;[100] CONST BG45							= $0968
                                	SRCFILE "constants.bas",100
0x968                           const_BG45:	EQU 2408
                                	;[101] CONST BG46							= $0970
                                	SRCFILE "constants.bas",101
0x970                           const_BG46:	EQU 2416
                                	;[102] CONST BG47							= $0978
                                	SRCFILE "constants.bas",102
0x978                           const_BG47:	EQU 2424
                                	;[103] CONST BG48							= $0980
                                	SRCFILE "constants.bas",103
0x980                           const_BG48:	EQU 2432
                                	;[104] CONST BG49							= $0988
                                	SRCFILE "constants.bas",104
0x988                           const_BG49:	EQU 2440
                                	;[105] CONST BG50							= $0990
                                	SRCFILE "constants.bas",105
0x990                           const_BG50:	EQU 2448
                                	;[106] CONST BG51							= $0998
                                	SRCFILE "constants.bas",106
0x998                           const_BG51:	EQU 2456
                                	;[107] CONST BG52							= $09A0
                                	SRCFILE "constants.bas",107
0x9A0                           const_BG52:	EQU 2464
                                	;[108] CONST BG53							= $09A8
                                	SRCFILE "constants.bas",108
0x9A8                           const_BG53:	EQU 2472
                                	;[109] CONST BG54							= $09B0
                                	SRCFILE "constants.bas",109
0x9B0                           const_BG54:	EQU 2480
                                	;[110] CONST BG55							= $09B8
                                	SRCFILE "constants.bas",110
0x9B8                           const_BG55:	EQU 2488
                                	;[111] CONST BG56							= $09C0
                                	SRCFILE "constants.bas",111
0x9C0                           const_BG56:	EQU 2496
                                	;[112] CONST BG57							= $09C8
                                	SRCFILE "constants.bas",112
0x9C8                           const_BG57:	EQU 2504
                                	;[113] CONST BG58							= $09D0
                                	SRCFILE "constants.bas",113
0x9D0                           const_BG58:	EQU 2512
                                	;[114] CONST BG59							= $09D8
                                	SRCFILE "constants.bas",114
0x9D8                           const_BG59:	EQU 2520
                                	;[115] CONST BG60							= $09E0
                                	SRCFILE "constants.bas",115
0x9E0                           const_BG60:	EQU 2528
                                	;[116] CONST BG61							= $09E8
                                	SRCFILE "constants.bas",116
0x9E8                           const_BG61:	EQU 2536
                                	;[117] CONST BG62							= $09F0
                                	SRCFILE "constants.bas",117
0x9F0                           const_BG62:	EQU 2544
                                	;[118] CONST BG63							= $09F8
                                	SRCFILE "constants.bas",118
0x9F8                           const_BG63:	EQU 2552
                                	;[119] 
                                	SRCFILE "constants.bas",119
                                	;[120] REM /////////////////////////////////////////////////////////////////////////
                                	SRCFILE "constants.bas",120
                                	;[121] 
                                	SRCFILE "constants.bas",121
                                	;[122] REM -------------------------------------------------------------------------
                                	SRCFILE "constants.bas",122
                                	;[123] REM GRAM card index numbers.
                                	SRCFILE "constants.bas",123
                                	;[124] REM -------------------------------------------------------------------------
                                	SRCFILE "constants.bas",124
                                	;[125] REM Note: For use with the "define" command.
                                	SRCFILE "constants.bas",125
                                	;[126] REM -------------------------------------------------------------------------
                                	SRCFILE "constants.bas",126
                                	;[127] CONST DEF00							= $0000
                                	SRCFILE "constants.bas",127
0x0                             const_DEF00:	EQU 0
                                	;[128] CONST DEF01							= $0001
                                	SRCFILE "constants.bas",128
0x1                             const_DEF01:	EQU 1
                                	;[129] CONST DEF02							= $0002
                                	SRCFILE "constants.bas",129
0x2                             const_DEF02:	EQU 2
                                	;[130] CONST DEF03							= $0003
                                	SRCFILE "constants.bas",130
0x3                             const_DEF03:	EQU 3
                                	;[131] CONST DEF04							= $0004
                                	SRCFILE "constants.bas",131
0x4                             const_DEF04:	EQU 4
                                	;[132] CONST DEF05							= $0005
                                	SRCFILE "constants.bas",132
0x5                             const_DEF05:	EQU 5
                                	;[133] CONST DEF06							= $0006
                                	SRCFILE "constants.bas",133
0x6                             const_DEF06:	EQU 6
                                	;[134] CONST DEF07							= $0007
                                	SRCFILE "constants.bas",134
0x7                             const_DEF07:	EQU 7
                                	;[135] CONST DEF08							= $0008
                                	SRCFILE "constants.bas",135
0x8                             const_DEF08:	EQU 8
                                	;[136] CONST DEF09							= $0009
                                	SRCFILE "constants.bas",136
0x9                             const_DEF09:	EQU 9
                                	;[137] CONST DEF10							= $000A
                                	SRCFILE "constants.bas",137
0xA                             const_DEF10:	EQU 10
                                	;[138] CONST DEF11							= $000B
                                	SRCFILE "constants.bas",138
0xB                             const_DEF11:	EQU 11
                                	;[139] CONST DEF12							= $000C
                                	SRCFILE "constants.bas",139
0xC                             const_DEF12:	EQU 12
                                	;[140] CONST DEF13							= $000D
                                	SRCFILE "constants.bas",140
0xD                             const_DEF13:	EQU 13
                                	;[141] CONST DEF14							= $000E
                                	SRCFILE "constants.bas",141
0xE                             const_DEF14:	EQU 14
                                	;[142] CONST DEF15							= $000F
                                	SRCFILE "constants.bas",142
0xF                             const_DEF15:	EQU 15
                                	;[143] CONST DEF16							= $0010
                                	SRCFILE "constants.bas",143
0x10                            const_DEF16:	EQU 16
                                	;[144] CONST DEF17							= $0011
                                	SRCFILE "constants.bas",144
0x11                            const_DEF17:	EQU 17
                                	;[145] CONST DEF18							= $0012
                                	SRCFILE "constants.bas",145
0x12                            const_DEF18:	EQU 18
                                	;[146] CONST DEF19							= $0013
                                	SRCFILE "constants.bas",146
0x13                            const_DEF19:	EQU 19
                                	;[147] CONST DEF20							= $0014
                                	SRCFILE "constants.bas",147
0x14                            const_DEF20:	EQU 20
                                	;[148] CONST DEF21							= $0015
                                	SRCFILE "constants.bas",148
0x15                            const_DEF21:	EQU 21
                                	;[149] CONST DEF22							= $0016
                                	SRCFILE "constants.bas",149
0x16                            const_DEF22:	EQU 22
                                	;[150] CONST DEF23							= $0017
                                	SRCFILE "constants.bas",150
0x17                            const_DEF23:	EQU 23
                                	;[151] CONST DEF24							= $0018
                                	SRCFILE "constants.bas",151
0x18                            const_DEF24:	EQU 24
                                	;[152] CONST DEF25							= $0019
                                	SRCFILE "constants.bas",152
0x19                            const_DEF25:	EQU 25
                                	;[153] CONST DEF26							= $001A
                                	SRCFILE "constants.bas",153
0x1A                            const_DEF26:	EQU 26
                                	;[154] CONST DEF27							= $001B
                                	SRCFILE "constants.bas",154
0x1B                            const_DEF27:	EQU 27
                                	;[155] CONST DEF28							= $001C
                                	SRCFILE "constants.bas",155
0x1C                            const_DEF28:	EQU 28
                                	;[156] CONST DEF29							= $001D
                                	SRCFILE "constants.bas",156
0x1D                            const_DEF29:	EQU 29
                                	;[157] CONST DEF30							= $001E
                                	SRCFILE "constants.bas",157
0x1E                            const_DEF30:	EQU 30
                                	;[158] CONST DEF31							= $001F
                                	SRCFILE "constants.bas",158
0x1F                            const_DEF31:	EQU 31
                                	;[159] CONST DEF32							= $0020
                                	SRCFILE "constants.bas",159
0x20                            const_DEF32:	EQU 32
                                	;[160] CONST DEF33							= $0021
                                	SRCFILE "constants.bas",160
0x21                            const_DEF33:	EQU 33
                                	;[161] CONST DEF34							= $0022
                                	SRCFILE "constants.bas",161
0x22                            const_DEF34:	EQU 34
                                	;[162] CONST DEF35							= $0023
                                	SRCFILE "constants.bas",162
0x23                            const_DEF35:	EQU 35
                                	;[163] CONST DEF36							= $0024
                                	SRCFILE "constants.bas",163
0x24                            const_DEF36:	EQU 36
                                	;[164] CONST DEF37							= $0025
                                	SRCFILE "constants.bas",164
0x25                            const_DEF37:	EQU 37
                                	;[165] CONST DEF38							= $0026
                                	SRCFILE "constants.bas",165
0x26                            const_DEF38:	EQU 38
                                	;[166] CONST DEF39							= $0027
                                	SRCFILE "constants.bas",166
0x27                            const_DEF39:	EQU 39
                                	;[167] CONST DEF40							= $0028
                                	SRCFILE "constants.bas",167
0x28                            const_DEF40:	EQU 40
                                	;[168] CONST DEF41							= $0029
                                	SRCFILE "constants.bas",168
0x29                            const_DEF41:	EQU 41
                                	;[169] CONST DEF42							= $002A
                                	SRCFILE "constants.bas",169
0x2A                            const_DEF42:	EQU 42
                                	;[170] CONST DEF43							= $002B
                                	SRCFILE "constants.bas",170
0x2B                            const_DEF43:	EQU 43
                                	;[171] CONST DEF44							= $002C
                                	SRCFILE "constants.bas",171
0x2C                            const_DEF44:	EQU 44
                                	;[172] CONST DEF45							= $002D
                                	SRCFILE "constants.bas",172
0x2D                            const_DEF45:	EQU 45
                                	;[173] CONST DEF46							= $002E
                                	SRCFILE "constants.bas",173
0x2E                            const_DEF46:	EQU 46
                                	;[174] CONST DEF47							= $002F
                                	SRCFILE "constants.bas",174
0x2F                            const_DEF47:	EQU 47
                                	;[175] CONST DEF48							= $0030
                                	SRCFILE "constants.bas",175
0x30                            const_DEF48:	EQU 48
                                	;[176] CONST DEF49							= $0031
                                	SRCFILE "constants.bas",176
0x31                            const_DEF49:	EQU 49
                                	;[177] CONST DEF50							= $0032
                                	SRCFILE "constants.bas",177
0x32                            const_DEF50:	EQU 50
                                	;[178] CONST DEF51							= $0033
                                	SRCFILE "constants.bas",178
0x33                            const_DEF51:	EQU 51
                                	;[179] CONST DEF52							= $0034
                                	SRCFILE "constants.bas",179
0x34                            const_DEF52:	EQU 52
                                	;[180] CONST DEF53							= $0035
                                	SRCFILE "constants.bas",180
0x35                            const_DEF53:	EQU 53
                                	;[181] CONST DEF54							= $0036
                                	SRCFILE "constants.bas",181
0x36                            const_DEF54:	EQU 54
                                	;[182] CONST DEF55							= $0037
                                	SRCFILE "constants.bas",182
0x37                            const_DEF55:	EQU 55
                                	;[183] CONST DEF56							= $0038
                                	SRCFILE "constants.bas",183
0x38                            const_DEF56:	EQU 56
                                	;[184] CONST DEF57							= $0039
                                	SRCFILE "constants.bas",184
0x39                            const_DEF57:	EQU 57
                                	;[185] CONST DEF58							= $003A
                                	SRCFILE "constants.bas",185
0x3A                            const_DEF58:	EQU 58
                                	;[186] CONST DEF59							= $003B
                                	SRCFILE "constants.bas",186
0x3B                            const_DEF59:	EQU 59
                                	;[187] CONST DEF60							= $003C
                                	SRCFILE "constants.bas",187
0x3C                            const_DEF60:	EQU 60
                                	;[188] CONST DEF61							= $003D
                                	SRCFILE "constants.bas",188
0x3D                            const_DEF61:	EQU 61
                                	;[189] CONST DEF62							= $003E
                                	SRCFILE "constants.bas",189
0x3E                            const_DEF62:	EQU 62
                                	;[190] CONST DEF63							= $003F
                                	SRCFILE "constants.bas",190
0x3F                            const_DEF63:	EQU 63
                                	;[191] 
                                	SRCFILE "constants.bas",191
                                	;[192] REM /////////////////////////////////////////////////////////////////////////
                                	SRCFILE "constants.bas",192
                                	;[193] 
                                	SRCFILE "constants.bas",193
                                	;[194] REM -------------------------------------------------------------------------
                                	SRCFILE "constants.bas",194
                                	;[195] REM Screen modes.
                                	SRCFILE "constants.bas",195
                                	;[196] REM -------------------------------------------------------------------------
                                	SRCFILE "constants.bas",196
                                	;[197] REM Note: For use with the "mode" command.
                                	SRCFILE "constants.bas",197
                                	;[198] REM -------------------------------------------------------------------------
                                	SRCFILE "constants.bas",198
                                	;[199] CONST SCREEN_COLOR_STACK			= $0000
                                	SRCFILE "constants.bas",199
0x0                             const_SCREEN_COLOR_STACK:	EQU 0
                                	;[200] CONST SCREEN_FOREGROUND_BACKGROUND	= $0001
                                	SRCFILE "constants.bas",200
0x1                             const_SCREEN_FOREGROUND_BACKGROUND:	EQU 1
                                	;[201] REM Abbreviated versions.
                                	SRCFILE "constants.bas",201
                                	;[202] CONST SCREEN_CS						= $0000
                                	SRCFILE "constants.bas",202
0x0                             const_SCREEN_CS:	EQU 0
                                	;[203] CONST SCREEN_FB						= $0001
                                	SRCFILE "constants.bas",203
0x1                             const_SCREEN_FB:	EQU 1
                                	;[204] 
                                	SRCFILE "constants.bas",204
                                	;[205] REM /////////////////////////////////////////////////////////////////////////
                                	SRCFILE "constants.bas",205
                                	;[206] 
                                	SRCFILE "constants.bas",206
                                	;[207] REM -------------------------------------------------------------------------
                                	SRCFILE "constants.bas",207
                                	;[208] REM COLORS - Border.
                                	SRCFILE "constants.bas",208
                                	;[209] REM -------------------------------------------------------------------------
                                	SRCFILE "constants.bas",209
                                	;[210] REM Notes:
                                	SRCFILE "constants.bas",210
                                	;[211] REM - For use with the commands "mode 0" and "mode 1".
                                	SRCFILE "constants.bas",211
                                	;[212] REM - For use with the "border" command.
                                	SRCFILE "constants.bas",212
                                	;[213] REM -------------------------------------------------------------------------
                                	SRCFILE "constants.bas",213
                                	;[214] CONST BORDER_BLACK					= $0000
                                	SRCFILE "constants.bas",214
0x0                             const_BORDER_BLACK:	EQU 0
                                	;[215] CONST BORDER_BLUE					= $0001
                                	SRCFILE "constants.bas",215
0x1                             const_BORDER_BLUE:	EQU 1
                                	;[216] CONST BORDER_RED					= $0002
                                	SRCFILE "constants.bas",216
0x2                             const_BORDER_RED:	EQU 2
                                	;[217] CONST BORDER_TAN					= $0003
                                	SRCFILE "constants.bas",217
0x3                             const_BORDER_TAN:	EQU 3
                                	;[218] CONST BORDER_DARKGREEN				= $0004
                                	SRCFILE "constants.bas",218
0x4                             const_BORDER_DARKGREEN:	EQU 4
                                	;[219] CONST BORDER_GREEN					= $0005
                                	SRCFILE "constants.bas",219
0x5                             const_BORDER_GREEN:	EQU 5
                                	;[220] CONST BORDER_YELLOW					= $0006
                                	SRCFILE "constants.bas",220
0x6                             const_BORDER_YELLOW:	EQU 6
                                	;[221] CONST BORDER_WHITE					= $0007
                                	SRCFILE "constants.bas",221
0x7                             const_BORDER_WHITE:	EQU 7
                                	;[222] CONST BORDER_GREY					= $0008
                                	SRCFILE "constants.bas",222
0x8                             const_BORDER_GREY:	EQU 8
                                	;[223] CONST BORDER_CYAN					= $0009
                                	SRCFILE "constants.bas",223
0x9                             const_BORDER_CYAN:	EQU 9
                                	;[224] CONST BORDER_ORANGE					= $000A
                                	SRCFILE "constants.bas",224
0xA                             const_BORDER_ORANGE:	EQU 10
                                	;[225] CONST BORDER_BROWN					= $000B
                                	SRCFILE "constants.bas",225
0xB                             const_BORDER_BROWN:	EQU 11
                                	;[226] CONST BORDER_PINK					= $000C
                                	SRCFILE "constants.bas",226
0xC                             const_BORDER_PINK:	EQU 12
                                	;[227] CONST BORDER_LIGHTBLUE				= $000D
                                	SRCFILE "constants.bas",227
0xD                             const_BORDER_LIGHTBLUE:	EQU 13
                                	;[228] CONST BORDER_YELLOWGREEN			= $000E
                                	SRCFILE "constants.bas",228
0xE                             const_BORDER_YELLOWGREEN:	EQU 14
                                	;[229] CONST BORDER_PURPLE					= $000F
                                	SRCFILE "constants.bas",229
0xF                             const_BORDER_PURPLE:	EQU 15
                                	;[230] 
                                	SRCFILE "constants.bas",230
                                	;[231] REM /////////////////////////////////////////////////////////////////////////
                                	SRCFILE "constants.bas",231
                                	;[232] 
                                	SRCFILE "constants.bas",232
                                	;[233] REM -------------------------------------------------------------------------
                                	SRCFILE "constants.bas",233
                                	;[234] REM BORDER - Edge masks.
                                	SRCFILE "constants.bas",234
                                	;[235] REM -------------------------------------------------------------------------
                                	SRCFILE "constants.bas",235
                                	;[236] REM Note: For use with the "border color, edge" command.
                                	SRCFILE "constants.bas",236
                                	;[237] REM -------------------------------------------------------------------------
                                	SRCFILE "constants.bas",237
                                	;[238] CONST BORDER_HIDE_LEFT_EDGE			= $0001		' Hide the leftmost column of the background.
                                	SRCFILE "constants.bas",238
0x1                             const_BORDER_HIDE_LEFT_EDGE:	EQU 1
                                	;[239] CONST BORDER_HIDE_TOP_EDGE			= $0002		' Hide the topmost row of the background.
                                	SRCFILE "constants.bas",239
0x2                             const_BORDER_HIDE_TOP_EDGE:	EQU 2
                                	;[240] CONST BORDER_HIDE_TOP_LEFT_EDGE		= $0003		' Hide both the topmost row and leftmost column of the background.
                                	SRCFILE "constants.bas",240
0x3                             const_BORDER_HIDE_TOP_LEFT_EDGE:	EQU 3
                                	;[241] 
                                	SRCFILE "constants.bas",241
                                	;[242] REM /////////////////////////////////////////////////////////////////////////
                                	SRCFILE "constants.bas",242
                                	;[243] 
                                	SRCFILE "constants.bas",243
                                	;[244] REM -------------------------------------------------------------------------
                                	SRCFILE "constants.bas",244
                                	;[245] REM COLORS - Mode 0 (Color Stack).
                                	SRCFILE "constants.bas",245
                                	;[246] REM -------------------------------------------------------------------------
                                	SRCFILE "constants.bas",246
                                	;[247] REM Stack
                                	SRCFILE "constants.bas",247
                                	;[248] REM -------------------------------------------------------------------------
                                	SRCFILE "constants.bas",248
                                	;[249] REM Note: For use as the last 4 parameters used in the "mode 1" command.
                                	SRCFILE "constants.bas",249
                                	;[250] REM -------------------------------------------------------------------------
                                	SRCFILE "constants.bas",250
                                	;[251] CONST STACK_BLACK					= $0000
                                	SRCFILE "constants.bas",251
0x0                             const_STACK_BLACK:	EQU 0
                                	;[252] CONST STACK_BLUE					= $0001
                                	SRCFILE "constants.bas",252
0x1                             const_STACK_BLUE:	EQU 1
                                	;[253] CONST STACK_RED						= $0002
                                	SRCFILE "constants.bas",253
0x2                             const_STACK_RED:	EQU 2
                                	;[254] CONST STACK_TAN						= $0003
                                	SRCFILE "constants.bas",254
0x3                             const_STACK_TAN:	EQU 3
                                	;[255] CONST STACK_DARKGREEN				= $0004
                                	SRCFILE "constants.bas",255
0x4                             const_STACK_DARKGREEN:	EQU 4
                                	;[256] CONST STACK_GREEN					= $0005
                                	SRCFILE "constants.bas",256
0x5                             const_STACK_GREEN:	EQU 5
                                	;[257] CONST STACK_YELLOW					= $0006
                                	SRCFILE "constants.bas",257
0x6                             const_STACK_YELLOW:	EQU 6
                                	;[258] CONST STACK_WHITE					= $0007
                                	SRCFILE "constants.bas",258
0x7                             const_STACK_WHITE:	EQU 7
                                	;[259] CONST STACK_GREY					= $0008
                                	SRCFILE "constants.bas",259
0x8                             const_STACK_GREY:	EQU 8
                                	;[260] CONST STACK_CYAN					= $0009
                                	SRCFILE "constants.bas",260
0x9                             const_STACK_CYAN:	EQU 9
                                	;[261] CONST STACK_ORANGE					= $000A
                                	SRCFILE "constants.bas",261
0xA                             const_STACK_ORANGE:	EQU 10
                                	;[262] CONST STACK_BROWN					= $000B
                                	SRCFILE "constants.bas",262
0xB                             const_STACK_BROWN:	EQU 11
                                	;[263] CONST STACK_PINK					= $000C
                                	SRCFILE "constants.bas",263
0xC                             const_STACK_PINK:	EQU 12
                                	;[264] CONST STACK_LIGHTBLUE				= $000D
                                	SRCFILE "constants.bas",264
0xD                             const_STACK_LIGHTBLUE:	EQU 13
                                	;[265] CONST STACK_YELLOWGREEN				= $000E
                                	SRCFILE "constants.bas",265
0xE                             const_STACK_YELLOWGREEN:	EQU 14
                                	;[266] CONST STACK_PURPLE					= $000F
                                	SRCFILE "constants.bas",266
0xF                             const_STACK_PURPLE:	EQU 15
                                	;[267] 
                                	SRCFILE "constants.bas",267
                                	;[268] REM -------------------------------------------------------------------------
                                	SRCFILE "constants.bas",268
                                	;[269] REM Foreground.
                                	SRCFILE "constants.bas",269
                                	;[270] REM -------------------------------------------------------------------------
                                	SRCFILE "constants.bas",270
                                	;[271] REM Notes:
                                	SRCFILE "constants.bas",271
                                	;[272] REM - For use with "peek/poke" commands that access BACKTAB.
                                	SRCFILE "constants.bas",272
                                	;[273] REM - Only one foreground colour permitted per background card.
                                	SRCFILE "constants.bas",273
                                	;[274] REM -------------------------------------------------------------------------
                                	SRCFILE "constants.bas",274
                                	;[275] CONST CS_BLACK						= $0000
                                	SRCFILE "constants.bas",275
0x0                             const_CS_BLACK:	EQU 0
                                	;[276] CONST CS_BLUE						= $0001
                                	SRCFILE "constants.bas",276
0x1                             const_CS_BLUE:	EQU 1
                                	;[277] CONST CS_RED						= $0002
                                	SRCFILE "constants.bas",277
0x2                             const_CS_RED:	EQU 2
                                	;[278] CONST CS_TAN						= $0003
                                	SRCFILE "constants.bas",278
0x3                             const_CS_TAN:	EQU 3
                                	;[279] CONST CS_DARKGREEN					= $0004
                                	SRCFILE "constants.bas",279
0x4                             const_CS_DARKGREEN:	EQU 4
                                	;[280] CONST CS_GREEN						= $0005
                                	SRCFILE "constants.bas",280
0x5                             const_CS_GREEN:	EQU 5
                                	;[281] CONST CS_YELLOW						= $0006
                                	SRCFILE "constants.bas",281
0x6                             const_CS_YELLOW:	EQU 6
                                	;[282] CONST CS_WHITE						= $0007
                                	SRCFILE "constants.bas",282
0x7                             const_CS_WHITE:	EQU 7
                                	;[283] CONST CS_GREY						= $1000
                                	SRCFILE "constants.bas",283
0x1000                          const_CS_GREY:	EQU 4096
                                	;[284] CONST CS_CYAN						= $1001
                                	SRCFILE "constants.bas",284
0x1001                          const_CS_CYAN:	EQU 4097
                                	;[285] CONST CS_ORANGE						= $1002
                                	SRCFILE "constants.bas",285
0x1002                          const_CS_ORANGE:	EQU 4098
                                	;[286] CONST CS_BROWN						= $1003
                                	SRCFILE "constants.bas",286
0x1003                          const_CS_BROWN:	EQU 4099
                                	;[287] CONST CS_PINK						= $1004
                                	SRCFILE "constants.bas",287
0x1004                          const_CS_PINK:	EQU 4100
                                	;[288] CONST CS_LIGHTBLUE					= $1005
                                	SRCFILE "constants.bas",288
0x1005                          const_CS_LIGHTBLUE:	EQU 4101
                                	;[289] CONST CS_YELLOWGREEN				= $1006
                                	SRCFILE "constants.bas",289
0x1006                          const_CS_YELLOWGREEN:	EQU 4102
                                	;[290] CONST CS_PURPLE						= $1007
                                	SRCFILE "constants.bas",290
0x1007                          const_CS_PURPLE:	EQU 4103
                                	;[291] 
                                	SRCFILE "constants.bas",291
                                	;[292] CONST CS_CARD_DATA_MASK				= $07F8		' Mask to get the background card's data.
                                	SRCFILE "constants.bas",292
0x7F8                           const_CS_CARD_DATA_MASK:	EQU 2040
                                	;[293] 
                                	SRCFILE "constants.bas",293
                                	;[294] CONST CS_ADVANCE					= $2000		' Advance the colour stack by one position.
                                	SRCFILE "constants.bas",294
0x2000                          const_CS_ADVANCE:	EQU 8192
                                	;[295] 
                                	SRCFILE "constants.bas",295
                                	;[296] REM -------------------------------------------------------------------------
                                	SRCFILE "constants.bas",296
                                	;[297] REM Coloured squares mode.
                                	SRCFILE "constants.bas",297
                                	;[298] REM -------------------------------------------------------------------------
                                	SRCFILE "constants.bas",298
                                	;[299] REM Notes :
                                	SRCFILE "constants.bas",299
                                	;[300] REM - Only available in colour stack mode.
                                	SRCFILE "constants.bas",300
                                	;[301] REM - Pixels in each BACKTAB card are arranged in the following manner:
                                	SRCFILE "constants.bas",301
                                	;[302] REM +-------+-------+
                                	SRCFILE "constants.bas",302
                                	;[303] REM | Pixel | Pixel |
                                	SRCFILE "constants.bas",303
                                	;[304] REM |   0   |   1   !
                                	SRCFILE "constants.bas",304
                                	;[305] REM +-------+-------+
                                	SRCFILE "constants.bas",305
                                	;[306] REM | Pixel | Pixel |
                                	SRCFILE "constants.bas",306
                                	;[307] REM |   2   |   3   !
                                	SRCFILE "constants.bas",307
                                	;[308] REM +-------+-------+
                                	SRCFILE "constants.bas",308
                                	;[309] REM
                                	SRCFILE "constants.bas",309
                                	;[310] REM -------------------------------------------------------------------------
                                	SRCFILE "constants.bas",310
                                	;[311] CONST CS_COLOUR_SQUARES_ENABLE		= $1000
                                	SRCFILE "constants.bas",311
0x1000                          const_CS_COLOUR_SQUARES_ENABLE:	EQU 4096
                                	;[312] CONST CS_PIX0_BLACK					= 0
                                	SRCFILE "constants.bas",312
0x0                             const_CS_PIX0_BLACK:	EQU 0
                                	;[313] CONST CS_PIX0_BLUE					= 1
                                	SRCFILE "constants.bas",313
0x1                             const_CS_PIX0_BLUE:	EQU 1
                                	;[314] CONST CS_PIX0_RED					= 2
                                	SRCFILE "constants.bas",314
0x2                             const_CS_PIX0_RED:	EQU 2
                                	;[315] CONST CS_PIX0_TAN					= 3
                                	SRCFILE "constants.bas",315
0x3                             const_CS_PIX0_TAN:	EQU 3
                                	;[316] CONST CS_PIX0_DARKGREEN				= 4
                                	SRCFILE "constants.bas",316
0x4                             const_CS_PIX0_DARKGREEN:	EQU 4
                                	;[317] CONST CS_PIX0_GREEN					= 5
                                	SRCFILE "constants.bas",317
0x5                             const_CS_PIX0_GREEN:	EQU 5
                                	;[318] CONST CS_PIX0_YELLOW				= 6
                                	SRCFILE "constants.bas",318
0x6                             const_CS_PIX0_YELLOW:	EQU 6
                                	;[319] CONST CS_PIX0_BACKGROUND			= 7
                                	SRCFILE "constants.bas",319
0x7                             const_CS_PIX0_BACKGROUND:	EQU 7
                                	;[320] CONST CS_PIX1_BLACK					= 0
                                	SRCFILE "constants.bas",320
0x0                             const_CS_PIX1_BLACK:	EQU 0
                                	;[321] CONST CS_PIX1_BLUE					= 1*8
                                	SRCFILE "constants.bas",321
0x8                             const_CS_PIX1_BLUE:	EQU 8
                                	;[322] CONST CS_PIX1_RED					= 2*8
                                	SRCFILE "constants.bas",322
0x10                            const_CS_PIX1_RED:	EQU 16
                                	;[323] CONST CS_PIX1_TAN					= 3*8
                                	SRCFILE "constants.bas",323
0x18                            const_CS_PIX1_TAN:	EQU 24
                                	;[324] CONST CS_PIX1_DARKGREEN				= 4*8
                                	SRCFILE "constants.bas",324
0x20                            const_CS_PIX1_DARKGREEN:	EQU 32
                                	;[325] CONST CS_PIX1_GREEN					= 5*8
                                	SRCFILE "constants.bas",325
0x28                            const_CS_PIX1_GREEN:	EQU 40
                                	;[326] CONST CS_PIX1_YELLOW				= 6*8
                                	SRCFILE "constants.bas",326
0x30                            const_CS_PIX1_YELLOW:	EQU 48
                                	;[327] CONST CS_PIX1_BACKGROUND			= 7*8
                                	SRCFILE "constants.bas",327
0x38                            const_CS_PIX1_BACKGROUND:	EQU 56
                                	;[328] CONST CS_PIX2_BLACK					= 0
                                	SRCFILE "constants.bas",328
0x0                             const_CS_PIX2_BLACK:	EQU 0
                                	;[329] CONST CS_PIX2_BLUE					= 1*64
                                	SRCFILE "constants.bas",329
0x40                            const_CS_PIX2_BLUE:	EQU 64
                                	;[330] CONST CS_PIX2_RED					= 2*64
                                	SRCFILE "constants.bas",330
0x80                            const_CS_PIX2_RED:	EQU 128
                                	;[331] CONST CS_PIX2_TAN					= 3*64
                                	SRCFILE "constants.bas",331
0xC0                            const_CS_PIX2_TAN:	EQU 192
                                	;[332] CONST CS_PIX2_DARKGREEN				= 4*64
                                	SRCFILE "constants.bas",332
0x100                           const_CS_PIX2_DARKGREEN:	EQU 256
                                	;[333] CONST CS_PIX2_GREEN					= 5*64
                                	SRCFILE "constants.bas",333
0x140                           const_CS_PIX2_GREEN:	EQU 320
                                	;[334] CONST CS_PIX2_YELLOW				= 6*64
                                	SRCFILE "constants.bas",334
0x180                           const_CS_PIX2_YELLOW:	EQU 384
                                	;[335] CONST CS_PIX2_BACKGROUND			= 7*64
                                	SRCFILE "constants.bas",335
0x1C0                           const_CS_PIX2_BACKGROUND:	EQU 448
                                	;[336] CONST CS_PIX3_BLACK					= 0
                                	SRCFILE "constants.bas",336
0x0                             const_CS_PIX3_BLACK:	EQU 0
                                	;[337] CONST CS_PIX3_BLUE					= $0200
                                	SRCFILE "constants.bas",337
0x200                           const_CS_PIX3_BLUE:	EQU 512
                                	;[338] CONST CS_PIX3_RED					= $0400
                                	SRCFILE "constants.bas",338
0x400                           const_CS_PIX3_RED:	EQU 1024
                                	;[339] CONST CS_PIX3_TAN					= $0600
                                	SRCFILE "constants.bas",339
0x600                           const_CS_PIX3_TAN:	EQU 1536
                                	;[340] CONST CS_PIX3_DARKGREEN				= $2000
                                	SRCFILE "constants.bas",340
0x2000                          const_CS_PIX3_DARKGREEN:	EQU 8192
                                	;[341] CONST CS_PIX3_GREEN					= $2200
                                	SRCFILE "constants.bas",341
0x2200                          const_CS_PIX3_GREEN:	EQU 8704
                                	;[342] CONST CS_PIX3_YELLOW				= $2400
                                	SRCFILE "constants.bas",342
0x2400                          const_CS_PIX3_YELLOW:	EQU 9216
                                	;[343] CONST CS_PIX3_BACKGROUND			= $2600
                                	SRCFILE "constants.bas",343
0x2600                          const_CS_PIX3_BACKGROUND:	EQU 9728
                                	;[344] CONST CS_PIX_MASK					= CS_COLOUR_SQUARES_ENABLE+CS_PIX0_BACKGROUND+CS_PIX1_BACKGROUND+CS_PIX2_BACKGROUND+CS_PIX3_BACKGROUND
                                	SRCFILE "constants.bas",344
0x37FF                          const_CS_PIX_MASK:	EQU 14335
                                	;[345] 
                                	SRCFILE "constants.bas",345
                                	;[346] CONST CS_PIX_X_MIN					= 0		' Minimum x coordinate.
                                	SRCFILE "constants.bas",346
0x0                             const_CS_PIX_X_MIN:	EQU 0
                                	;[347] CONST CS_PIX_X_MAX					= 39	' Maximum x coordinate.
                                	SRCFILE "constants.bas",347
0x27                            const_CS_PIX_X_MAX:	EQU 39
                                	;[348] CONST CS_PIX_Y_MIN					= 0		' Minimum Y coordinate.
                                	SRCFILE "constants.bas",348
0x0                             const_CS_PIX_Y_MIN:	EQU 0
                                	;[349] CONST CS_PIX_Y_MAX					= 23	' Maximum Y coordinate.
                                	SRCFILE "constants.bas",349
0x17                            const_CS_PIX_Y_MAX:	EQU 23
                                	;[350] 
                                	SRCFILE "constants.bas",350
                                	;[351] REM /////////////////////////////////////////////////////////////////////////
                                	SRCFILE "constants.bas",351
                                	;[352] 
                                	SRCFILE "constants.bas",352
                                	;[353] REM -------------------------------------------------------------------------
                                	SRCFILE "constants.bas",353
                                	;[354] REM COLORS - Mode 1 (Foreground Background)
                                	SRCFILE "constants.bas",354
                                	;[355] REM -------------------------------------------------------------------------
                                	SRCFILE "constants.bas",355
                                	;[356] REM Foreground.
                                	SRCFILE "constants.bas",356
                                	;[357] REM -------------------------------------------------------------------------
                                	SRCFILE "constants.bas",357
                                	;[358] REM Notes:
                                	SRCFILE "constants.bas",358
                                	;[359] REM - For use with "peek/poke" commands that access BACKTAB.
                                	SRCFILE "constants.bas",359
                                	;[360] REM - Only one foreground colour permitted per background card.
                                	SRCFILE "constants.bas",360
                                	;[361] REM -------------------------------------------------------------------------
                                	SRCFILE "constants.bas",361
                                	;[362] CONST FG_BLACK						= $0000
                                	SRCFILE "constants.bas",362
0x0                             const_FG_BLACK:	EQU 0
                                	;[363] CONST FG_BLUE						= $0001
                                	SRCFILE "constants.bas",363
0x1                             const_FG_BLUE:	EQU 1
                                	;[364] CONST FG_RED						= $0002
                                	SRCFILE "constants.bas",364
0x2                             const_FG_RED:	EQU 2
                                	;[365] CONST FG_TAN						= $0003
                                	SRCFILE "constants.bas",365
0x3                             const_FG_TAN:	EQU 3
                                	;[366] CONST FG_DARKGREEN					= $0004
                                	SRCFILE "constants.bas",366
0x4                             const_FG_DARKGREEN:	EQU 4
                                	;[367] CONST FG_GREEN						= $0005
                                	SRCFILE "constants.bas",367
0x5                             const_FG_GREEN:	EQU 5
                                	;[368] CONST FG_YELLOW						= $0006
                                	SRCFILE "constants.bas",368
0x6                             const_FG_YELLOW:	EQU 6
                                	;[369] CONST FG_WHITE						= $0007
                                	SRCFILE "constants.bas",369
0x7                             const_FG_WHITE:	EQU 7
                                	;[370] 
                                	SRCFILE "constants.bas",370
                                	;[371] REM -------------------------------------------------------------------------
                                	SRCFILE "constants.bas",371
                                	;[372] REM Background.
                                	SRCFILE "constants.bas",372
                                	;[373] REM -------------------------------------------------------------------------
                                	SRCFILE "constants.bas",373
                                	;[374] REM Notes:
                                	SRCFILE "constants.bas",374
                                	;[375] REM - For use with "peek/poke" commands that access BACKTAB.
                                	SRCFILE "constants.bas",375
                                	;[376] REM - Only one background colour permitted per background card.
                                	SRCFILE "constants.bas",376
                                	;[377] REM -------------------------------------------------------------------------
                                	SRCFILE "constants.bas",377
                                	;[378] CONST BG_BLACK						= $0000
                                	SRCFILE "constants.bas",378
0x0                             const_BG_BLACK:	EQU 0
                                	;[379] CONST BG_BLUE						= $0200
                                	SRCFILE "constants.bas",379
0x200                           const_BG_BLUE:	EQU 512
                                	;[380] CONST BG_RED						= $0400
                                	SRCFILE "constants.bas",380
0x400                           const_BG_RED:	EQU 1024
                                	;[381] CONST BG_TAN						= $0600
                                	SRCFILE "constants.bas",381
0x600                           const_BG_TAN:	EQU 1536
                                	;[382] CONST BG_DARKGREEN					= $2000
                                	SRCFILE "constants.bas",382
0x2000                          const_BG_DARKGREEN:	EQU 8192
                                	;[383] CONST BG_GREEN						= $2200
                                	SRCFILE "constants.bas",383
0x2200                          const_BG_GREEN:	EQU 8704
                                	;[384] CONST BG_YELLOW						= $2400
                                	SRCFILE "constants.bas",384
0x2400                          const_BG_YELLOW:	EQU 9216
                                	;[385] CONST BG_WHITE						= $2600
                                	SRCFILE "constants.bas",385
0x2600                          const_BG_WHITE:	EQU 9728
                                	;[386] CONST BG_GREY						= $1000
                                	SRCFILE "constants.bas",386
0x1000                          const_BG_GREY:	EQU 4096
                                	;[387] CONST BG_CYAN						= $1200
                                	SRCFILE "constants.bas",387
0x1200                          const_BG_CYAN:	EQU 4608
                                	;[388] CONST BG_ORANGE						= $1400
                                	SRCFILE "constants.bas",388
0x1400                          const_BG_ORANGE:	EQU 5120
                                	;[389] CONST BG_BROWN						= $1600
                                	SRCFILE "constants.bas",389
0x1600                          const_BG_BROWN:	EQU 5632
                                	;[390] CONST BG_PINK						= $3000
                                	SRCFILE "constants.bas",390
0x3000                          const_BG_PINK:	EQU 12288
                                	;[391] CONST BG_LIGHTBLUE					= $3200
                                	SRCFILE "constants.bas",391
0x3200                          const_BG_LIGHTBLUE:	EQU 12800
                                	;[392] CONST BG_YELLOWGREEN				= $3400
                                	SRCFILE "constants.bas",392
0x3400                          const_BG_YELLOWGREEN:	EQU 13312
                                	;[393] CONST BG_PURPLE						= $3600
                                	SRCFILE "constants.bas",393
0x3600                          const_BG_PURPLE:	EQU 13824
                                	;[394] 
                                	SRCFILE "constants.bas",394
                                	;[395] CONST FGBG_CARD_DATA_MASK			= $01F8		' Mask to get the background card's data.
                                	SRCFILE "constants.bas",395
0x1F8                           const_FGBG_CARD_DATA_MASK:	EQU 504
                                	;[396] 
                                	SRCFILE "constants.bas",396
                                	;[397] REM /////////////////////////////////////////////////////////////////////////
                                	SRCFILE "constants.bas",397
                                	;[398] 
                                	SRCFILE "constants.bas",398
                                	;[399] REM -------------------------------------------------------------------------
                                	SRCFILE "constants.bas",399
                                	;[400] REM Sprites.
                                	SRCFILE "constants.bas",400
                                	;[401] REM -------------------------------------------------------------------------
                                	SRCFILE "constants.bas",401
                                	;[402] REM Note: For use with "sprite" command.
                                	SRCFILE "constants.bas",402
                                	;[403] REM -------------------------------------------------------------------------
                                	SRCFILE "constants.bas",403
                                	;[404] REM X
                                	SRCFILE "constants.bas",404
                                	;[405] REM -------------------------------------------------------------------------
                                	SRCFILE "constants.bas",405
                                	;[406] REM Note: Add these constants to the sprite command's X parameter.
                                	SRCFILE "constants.bas",406
                                	;[407] REM -------------------------------------------------------------------------
                                	SRCFILE "constants.bas",407
                                	;[408] CONST HIT							= $0100		' Enable the sprite's collision detection.
                                	SRCFILE "constants.bas",408
0x100                           const_HIT:	EQU 256
                                	;[409] CONST VISIBLE						= $0200		' Make the sprite visible.
                                	SRCFILE "constants.bas",409
0x200                           const_VISIBLE:	EQU 512
                                	;[410] CONST ZOOMX2						= $0400		' Make the sprite twice the width.
                                	SRCFILE "constants.bas",410
0x400                           const_ZOOMX2:	EQU 1024
                                	;[411] 
                                	SRCFILE "constants.bas",411
                                	;[412] REM -------------------------------------------------------------------------
                                	SRCFILE "constants.bas",412
                                	;[413] REM Y
                                	SRCFILE "constants.bas",413
                                	;[414] REM -------------------------------------------------------------------------
                                	SRCFILE "constants.bas",414
                                	;[415] REM Note: Add these constants to the sprite command's Y parameter.
                                	SRCFILE "constants.bas",415
                                	;[416] REM -------------------------------------------------------------------------
                                	SRCFILE "constants.bas",416
                                	;[417] CONST DOUBLEY						= $0080		' Make a double height sprite (with 2 GRAM cards).
                                	SRCFILE "constants.bas",417
0x80                            const_DOUBLEY:	EQU 128
                                	;[418] CONST ZOOMY2						= $0100		' Make the sprite twice (x2) the normal height.
                                	SRCFILE "constants.bas",418
0x100                           const_ZOOMY2:	EQU 256
                                	;[419] CONST ZOOMY4						= $0200		' Make the sprite quadruple (x4) the normal height.
                                	SRCFILE "constants.bas",419
0x200                           const_ZOOMY4:	EQU 512
                                	;[420] CONST ZOOMY8						= $0300		' Make the sprite octuple (x8) the normal height.
                                	SRCFILE "constants.bas",420
0x300                           const_ZOOMY8:	EQU 768
                                	;[421] CONST FLIPX							= $0400		' Flip/mirror the sprite in X.
                                	SRCFILE "constants.bas",421
0x400                           const_FLIPX:	EQU 1024
                                	;[422] CONST FLIPY							= $0800		' Flip/mirror the sprite in Y.
                                	SRCFILE "constants.bas",422
0x800                           const_FLIPY:	EQU 2048
                                	;[423] CONST MIRROR						= $0C00		' Flip/mirror the sprite in both X and Y.
                                	SRCFILE "constants.bas",423
0xC00                           const_MIRROR:	EQU 3072
                                	;[424] 
                                	SRCFILE "constants.bas",424
                                	;[425] REM -------------------------------------------------------------------------
                                	SRCFILE "constants.bas",425
                                	;[426] REM A
                                	SRCFILE "constants.bas",426
                                	;[427] REM -------------------------------------------------------------------------
                                	SRCFILE "constants.bas",427
                                	;[428] REM Notes:
                                	SRCFILE "constants.bas",428
                                	;[429] REM - Combine to create the sprite command's A parameter.
                                	SRCFILE "constants.bas",429
                                	;[430] REM - Only one colour per sprite.
                                	SRCFILE "constants.bas",430
                                	;[431] REM -------------------------------------------------------------------------
                                	SRCFILE "constants.bas",431
                                	;[432] CONST GRAM							= $0800		' Sprite's data is located in GRAM.
                                	SRCFILE "constants.bas",432
0x800                           const_GRAM:	EQU 2048
                                	;[433] CONST BEHIND						= $2000		' Sprite is behind the background.
                                	SRCFILE "constants.bas",433
0x2000                          const_BEHIND:	EQU 8192
                                	;[434] CONST SPR_BLACK						= $0000
                                	SRCFILE "constants.bas",434
0x0                             const_SPR_BLACK:	EQU 0
                                	;[435] CONST SPR_BLUE						= $0001
                                	SRCFILE "constants.bas",435
0x1                             const_SPR_BLUE:	EQU 1
                                	;[436] CONST SPR_RED						= $0002
                                	SRCFILE "constants.bas",436
0x2                             const_SPR_RED:	EQU 2
                                	;[437] CONST SPR_TAN						= $0003
                                	SRCFILE "constants.bas",437
0x3                             const_SPR_TAN:	EQU 3
                                	;[438] CONST SPR_DARKGREEN					= $0004
                                	SRCFILE "constants.bas",438
0x4                             const_SPR_DARKGREEN:	EQU 4
                                	;[439] CONST SPR_GREEN						= $0005
                                	SRCFILE "constants.bas",439
0x5                             const_SPR_GREEN:	EQU 5
                                	;[440] CONST SPR_YELLOW					= $0006
                                	SRCFILE "constants.bas",440
0x6                             const_SPR_YELLOW:	EQU 6
                                	;[441] CONST SPR_WHITE						= $0007
                                	SRCFILE "constants.bas",441
0x7                             const_SPR_WHITE:	EQU 7
                                	;[442] CONST SPR_GREY						= $1000
                                	SRCFILE "constants.bas",442
0x1000                          const_SPR_GREY:	EQU 4096
                                	;[443] CONST SPR_CYAN						= $1001
                                	SRCFILE "constants.bas",443
0x1001                          const_SPR_CYAN:	EQU 4097
                                	;[444] CONST SPR_ORANGE					= $1002
                                	SRCFILE "constants.bas",444
0x1002                          const_SPR_ORANGE:	EQU 4098
                                	;[445] CONST SPR_BROWN						= $1003
                                	SRCFILE "constants.bas",445
0x1003                          const_SPR_BROWN:	EQU 4099
                                	;[446] CONST SPR_PINK						= $1004
                                	SRCFILE "constants.bas",446
0x1004                          const_SPR_PINK:	EQU 4100
                                	;[447] CONST SPR_LIGHTBLUE					= $1005
                                	SRCFILE "constants.bas",447
0x1005                          const_SPR_LIGHTBLUE:	EQU 4101
                                	;[448] CONST SPR_YELLOWGREEN				= $1006
                                	SRCFILE "constants.bas",448
0x1006                          const_SPR_YELLOWGREEN:	EQU 4102
                                	;[449] CONST SPR_PURPLE					= $1007
                                	SRCFILE "constants.bas",449
0x1007                          const_SPR_PURPLE:	EQU 4103
                                	;[450] 
                                	SRCFILE "constants.bas",450
                                	;[451] REM -------------------------------------------------------------------------
                                	SRCFILE "constants.bas",451
                                	;[452] REM GRAM numbers.
                                	SRCFILE "constants.bas",452
                                	;[453] REM -------------------------------------------------------------------------
                                	SRCFILE "constants.bas",453
                                	;[454] REM Note: For use in the sprite command's parameter A.
                                	SRCFILE "constants.bas",454
                                	;[455] REM -------------------------------------------------------------------------
                                	SRCFILE "constants.bas",455
                                	;[456] CONST SPR00							= $0800
                                	SRCFILE "constants.bas",456
0x800                           const_SPR00:	EQU 2048
                                	;[457] CONST SPR01							= $0808
                                	SRCFILE "constants.bas",457
0x808                           const_SPR01:	EQU 2056
                                	;[458] CONST SPR02							= $0810
                                	SRCFILE "constants.bas",458
0x810                           const_SPR02:	EQU 2064
                                	;[459] CONST SPR03							= $0818
                                	SRCFILE "constants.bas",459
0x818                           const_SPR03:	EQU 2072
                                	;[460] CONST SPR04							= $0820
                                	SRCFILE "constants.bas",460
0x820                           const_SPR04:	EQU 2080
                                	;[461] CONST SPR05							= $0828
                                	SRCFILE "constants.bas",461
0x828                           const_SPR05:	EQU 2088
                                	;[462] CONST SPR06							= $0830
                                	SRCFILE "constants.bas",462
0x830                           const_SPR06:	EQU 2096
                                	;[463] CONST SPR07							= $0838
                                	SRCFILE "constants.bas",463
0x838                           const_SPR07:	EQU 2104
                                	;[464] CONST SPR08							= $0840
                                	SRCFILE "constants.bas",464
0x840                           const_SPR08:	EQU 2112
                                	;[465] CONST SPR09							= $0848
                                	SRCFILE "constants.bas",465
0x848                           const_SPR09:	EQU 2120
                                	;[466] CONST SPR10							= $0850
                                	SRCFILE "constants.bas",466
0x850                           const_SPR10:	EQU 2128
                                	;[467] CONST SPR11							= $0858
                                	SRCFILE "constants.bas",467
0x858                           const_SPR11:	EQU 2136
                                	;[468] CONST SPR12							= $0860
                                	SRCFILE "constants.bas",468
0x860                           const_SPR12:	EQU 2144
                                	;[469] CONST SPR13							= $0868
                                	SRCFILE "constants.bas",469
0x868                           const_SPR13:	EQU 2152
                                	;[470] CONST SPR14							= $0870
                                	SRCFILE "constants.bas",470
0x870                           const_SPR14:	EQU 2160
                                	;[471] CONST SPR15							= $0878
                                	SRCFILE "constants.bas",471
0x878                           const_SPR15:	EQU 2168
                                	;[472] CONST SPR16							= $0880
                                	SRCFILE "constants.bas",472
0x880                           const_SPR16:	EQU 2176
                                	;[473] CONST SPR17							= $0888
                                	SRCFILE "constants.bas",473
0x888                           const_SPR17:	EQU 2184
                                	;[474] CONST SPR18							= $0890
                                	SRCFILE "constants.bas",474
0x890                           const_SPR18:	EQU 2192
                                	;[475] CONST SPR19							= $0898
                                	SRCFILE "constants.bas",475
0x898                           const_SPR19:	EQU 2200
                                	;[476] CONST SPR20							= $08A0
                                	SRCFILE "constants.bas",476
0x8A0                           const_SPR20:	EQU 2208
                                	;[477] CONST SPR21							= $08A8
                                	SRCFILE "constants.bas",477
0x8A8                           const_SPR21:	EQU 2216
                                	;[478] CONST SPR22							= $08B0
                                	SRCFILE "constants.bas",478
0x8B0                           const_SPR22:	EQU 2224
                                	;[479] CONST SPR23							= $08B8
                                	SRCFILE "constants.bas",479
0x8B8                           const_SPR23:	EQU 2232
                                	;[480] CONST SPR24							= $08C0
                                	SRCFILE "constants.bas",480
0x8C0                           const_SPR24:	EQU 2240
                                	;[481] CONST SPR25							= $08C8
                                	SRCFILE "constants.bas",481
0x8C8                           const_SPR25:	EQU 2248
                                	;[482] CONST SPR26							= $08D0
                                	SRCFILE "constants.bas",482
0x8D0                           const_SPR26:	EQU 2256
                                	;[483] CONST SPR27							= $08D8
                                	SRCFILE "constants.bas",483
0x8D8                           const_SPR27:	EQU 2264
                                	;[484] CONST SPR28							= $08E0
                                	SRCFILE "constants.bas",484
0x8E0                           const_SPR28:	EQU 2272
                                	;[485] CONST SPR29							= $08E8
                                	SRCFILE "constants.bas",485
0x8E8                           const_SPR29:	EQU 2280
                                	;[486] CONST SPR30							= $08F0
                                	SRCFILE "constants.bas",486
0x8F0                           const_SPR30:	EQU 2288
                                	;[487] CONST SPR31							= $08F8
                                	SRCFILE "constants.bas",487
0x8F8                           const_SPR31:	EQU 2296
                                	;[488] CONST SPR32							= $0900
                                	SRCFILE "constants.bas",488
0x900                           const_SPR32:	EQU 2304
                                	;[489] CONST SPR33							= $0908
                                	SRCFILE "constants.bas",489
0x908                           const_SPR33:	EQU 2312
                                	;[490] CONST SPR34							= $0910
                                	SRCFILE "constants.bas",490
0x910                           const_SPR34:	EQU 2320
                                	;[491] CONST SPR35							= $0918
                                	SRCFILE "constants.bas",491
0x918                           const_SPR35:	EQU 2328
                                	;[492] CONST SPR36							= $0920
                                	SRCFILE "constants.bas",492
0x920                           const_SPR36:	EQU 2336
                                	;[493] CONST SPR37							= $0928
                                	SRCFILE "constants.bas",493
0x928                           const_SPR37:	EQU 2344
                                	;[494] CONST SPR38							= $0930
                                	SRCFILE "constants.bas",494
0x930                           const_SPR38:	EQU 2352
                                	;[495] CONST SPR39							= $0938
                                	SRCFILE "constants.bas",495
0x938                           const_SPR39:	EQU 2360
                                	;[496] CONST SPR40							= $0940
                                	SRCFILE "constants.bas",496
0x940                           const_SPR40:	EQU 2368
                                	;[497] CONST SPR41							= $0948
                                	SRCFILE "constants.bas",497
0x948                           const_SPR41:	EQU 2376
                                	;[498] CONST SPR42							= $0950
                                	SRCFILE "constants.bas",498
0x950                           const_SPR42:	EQU 2384
                                	;[499] CONST SPR43							= $0958
                                	SRCFILE "constants.bas",499
0x958                           const_SPR43:	EQU 2392
                                	;[500] CONST SPR44							= $0960
                                	SRCFILE "constants.bas",500
0x960                           const_SPR44:	EQU 2400
                                	;[501] CONST SPR45							= $0968
                                	SRCFILE "constants.bas",501
0x968                           const_SPR45:	EQU 2408
                                	;[502] CONST SPR46							= $0970
                                	SRCFILE "constants.bas",502
0x970                           const_SPR46:	EQU 2416
                                	;[503] CONST SPR47							= $0978
                                	SRCFILE "constants.bas",503
0x978                           const_SPR47:	EQU 2424
                                	;[504] CONST SPR48							= $0980
                                	SRCFILE "constants.bas",504
0x980                           const_SPR48:	EQU 2432
                                	;[505] CONST SPR49							= $0988
                                	SRCFILE "constants.bas",505
0x988                           const_SPR49:	EQU 2440
                                	;[506] CONST SPR50							= $0990
                                	SRCFILE "constants.bas",506
0x990                           const_SPR50:	EQU 2448
                                	;[507] CONST SPR51							= $0998
                                	SRCFILE "constants.bas",507
0x998                           const_SPR51:	EQU 2456
                                	;[508] CONST SPR52							= $09A0
                                	SRCFILE "constants.bas",508
0x9A0                           const_SPR52:	EQU 2464
                                	;[509] CONST SPR53							= $09A8
                                	SRCFILE "constants.bas",509
0x9A8                           const_SPR53:	EQU 2472
                                	;[510] CONST SPR54							= $09B0
                                	SRCFILE "constants.bas",510
0x9B0                           const_SPR54:	EQU 2480
                                	;[511] CONST SPR55							= $09B8
                                	SRCFILE "constants.bas",511
0x9B8                           const_SPR55:	EQU 2488
                                	;[512] CONST SPR56							= $09C0
                                	SRCFILE "constants.bas",512
0x9C0                           const_SPR56:	EQU 2496
                                	;[513] CONST SPR57							= $09C8
                                	SRCFILE "constants.bas",513
0x9C8                           const_SPR57:	EQU 2504
                                	;[514] CONST SPR58							= $09D0
                                	SRCFILE "constants.bas",514
0x9D0                           const_SPR58:	EQU 2512
                                	;[515] CONST SPR59							= $09D8
                                	SRCFILE "constants.bas",515
0x9D8                           const_SPR59:	EQU 2520
                                	;[516] CONST SPR60							= $09E0
                                	SRCFILE "constants.bas",516
0x9E0                           const_SPR60:	EQU 2528
                                	;[517] CONST SPR61							= $09E8
                                	SRCFILE "constants.bas",517
0x9E8                           const_SPR61:	EQU 2536
                                	;[518] CONST SPR62							= $09F0
                                	SRCFILE "constants.bas",518
0x9F0                           const_SPR62:	EQU 2544
                                	;[519] CONST SPR63							= $09F8
                                	SRCFILE "constants.bas",519
0x9F8                           const_SPR63:	EQU 2552
                                	;[520] 
                                	SRCFILE "constants.bas",520
                                	;[521] REM -------------------------------------------------------------------------
                                	SRCFILE "constants.bas",521
                                	;[522] REM Sprite collision.
                                	SRCFILE "constants.bas",522
                                	;[523] REM -------------------------------------------------------------------------
                                	SRCFILE "constants.bas",523
                                	;[524] REM Notes:
                                	SRCFILE "constants.bas",524
                                	;[525] REM - For use with variables COL0, COL1, COL2, COL3, COL4, COL5, COL6 and COL7.
                                	SRCFILE "constants.bas",525
                                	;[526] REM - More than one collision can occur simultaneously.
                                	SRCFILE "constants.bas",526
                                	;[527] REM -------------------------------------------------------------------------
                                	SRCFILE "constants.bas",527
                                	;[528] CONST HIT_SPRITE0					= $0001		' Sprite collided with sprite 0.
                                	SRCFILE "constants.bas",528
0x1                             const_HIT_SPRITE0:	EQU 1
                                	;[529] CONST HIT_SPRITE1					= $0002		' Sprite collided with sprite 1.
                                	SRCFILE "constants.bas",529
0x2                             const_HIT_SPRITE1:	EQU 2
                                	;[530] CONST HIT_SPRITE2					= $0004		' Sprite collided with sprite 2.
                                	SRCFILE "constants.bas",530
0x4                             const_HIT_SPRITE2:	EQU 4
                                	;[531] CONST HIT_SPRITE3					= $0008		' Sprite collided with sprite 3.
                                	SRCFILE "constants.bas",531
0x8                             const_HIT_SPRITE3:	EQU 8
                                	;[532] CONST HIT_SPRITE4					= $0010		' Sprite collided with sprite 4.
                                	SRCFILE "constants.bas",532
0x10                            const_HIT_SPRITE4:	EQU 16
                                	;[533] CONST HIT_SPRITE5					= $0020		' Sprite collided with sprite 5.
                                	SRCFILE "constants.bas",533
0x20                            const_HIT_SPRITE5:	EQU 32
                                	;[534] CONST HIT_SPRITE6					= $0040		' Sprite collided with sprite 6.
                                	SRCFILE "constants.bas",534
0x40                            const_HIT_SPRITE6:	EQU 64
                                	;[535] CONST HIT_SPRITE7					= $0080		' Sprite collided with sprite 7.
                                	SRCFILE "constants.bas",535
0x80                            const_HIT_SPRITE7:	EQU 128
                                	;[536] CONST HIT_BACKGROUND				= $0100		' Sprite collided with a background pixel.
                                	SRCFILE "constants.bas",536
0x100                           const_HIT_BACKGROUND:	EQU 256
                                	;[537] CONST HIT_BORDER					= $0200		' Sprite collided with the top/bottom/left/right border.
                                	SRCFILE "constants.bas",537
0x200                           const_HIT_BORDER:	EQU 512
                                	;[538] 
                                	SRCFILE "constants.bas",538
                                	;[539] REM /////////////////////////////////////////////////////////////////////////
                                	SRCFILE "constants.bas",539
                                	;[540] 
                                	SRCFILE "constants.bas",540
                                	;[541] REM -------------------------------------------------------------------------
                                	SRCFILE "constants.bas",541
                                	;[542] REM DISC - Compass.
                                	SRCFILE "constants.bas",542
                                	;[543] REM -------------------------------------------------------------------------
                                	SRCFILE "constants.bas",543
                                	;[544] REM   NW         N         NE
                                	SRCFILE "constants.bas",544
                                	;[545] REM     \   NNW  |  NNE   /
                                	SRCFILE "constants.bas",545
                                	;[546] REM       \      |      /
                                	SRCFILE "constants.bas",546
                                	;[547] REM         \    |    /
                                	SRCFILE "constants.bas",547
                                	;[548] REM    WNW    \  |  /    ENE
                                	SRCFILE "constants.bas",548
                                	;[549] REM             \|/
                                	SRCFILE "constants.bas",549
                                	;[550] REM  W ----------+---------- E
                                	SRCFILE "constants.bas",550
                                	;[552] REM             /|REM    WSW    /  |  \    ESE
                                	SRCFILE "constants.bas",552
                                	;[556] REM         /    |    REM       /      |      REM     /   SSW  |  SSE   REM   SW         S         SE
                                	SRCFILE "constants.bas",556
                                	;[557] REM -------------------------------------------------------------------------
                                	SRCFILE "constants.bas",557
                                	;[558] REM Notes:
                                	SRCFILE "constants.bas",558
                                	;[559] REM - North points upwards on the hand controller.
                                	SRCFILE "constants.bas",559
                                	;[560] REM - Directions are listed in a clockwise manner.
                                	SRCFILE "constants.bas",560
                                	;[561] REM -------------------------------------------------------------------------
                                	SRCFILE "constants.bas",561
                                	;[562] CONST DISC_NORTH					= $0004
                                	SRCFILE "constants.bas",562
0x4                             const_DISC_NORTH:	EQU 4
                                	;[563] CONST DISC_NORTH_NORTH_EAST 		= $0014
                                	SRCFILE "constants.bas",563
0x14                            const_DISC_NORTH_NORTH_EAST:	EQU 20
                                	;[564] CONST DISC_NORTH_EAST				= $0016
                                	SRCFILE "constants.bas",564
0x16                            const_DISC_NORTH_EAST:	EQU 22
                                	;[565] CONST DISC_EAST_NORTH_EAST			= $0006
                                	SRCFILE "constants.bas",565
0x6                             const_DISC_EAST_NORTH_EAST:	EQU 6
                                	;[566] CONST DISC_EAST						= $0002
                                	SRCFILE "constants.bas",566
0x2                             const_DISC_EAST:	EQU 2
                                	;[567] CONST DISC_EAST_SOUTH_EAST			= $0012
                                	SRCFILE "constants.bas",567
0x12                            const_DISC_EAST_SOUTH_EAST:	EQU 18
                                	;[568] CONST DISC_SOUTH_EAST				= $0013
                                	SRCFILE "constants.bas",568
0x13                            const_DISC_SOUTH_EAST:	EQU 19
                                	;[569] CONST DISC_SOUTH_SOUTH_EAST			= $0003
                                	SRCFILE "constants.bas",569
0x3                             const_DISC_SOUTH_SOUTH_EAST:	EQU 3
                                	;[570] CONST DISC_SOUTH					= $0001
                                	SRCFILE "constants.bas",570
0x1                             const_DISC_SOUTH:	EQU 1
                                	;[571] CONST DISC_SOUTH_SOUTH_WEST			= $0011
                                	SRCFILE "constants.bas",571
0x11                            const_DISC_SOUTH_SOUTH_WEST:	EQU 17
                                	;[572] CONST DISC_SOUTH_WEST				= $0019
                                	SRCFILE "constants.bas",572
0x19                            const_DISC_SOUTH_WEST:	EQU 25
                                	;[573] CONST DISC_WEST_SOUTH_WEST			= $0009
                                	SRCFILE "constants.bas",573
0x9                             const_DISC_WEST_SOUTH_WEST:	EQU 9
                                	;[574] CONST DISC_WEST						= $0008
                                	SRCFILE "constants.bas",574
0x8                             const_DISC_WEST:	EQU 8
                                	;[575] CONST DISC_WEST_NORTH_WEST			= $0018
                                	SRCFILE "constants.bas",575
0x18                            const_DISC_WEST_NORTH_WEST:	EQU 24
                                	;[576] CONST DISC_NORTH_WEST				= $001C
                                	SRCFILE "constants.bas",576
0x1C                            const_DISC_NORTH_WEST:	EQU 28
                                	;[577] CONST DISC_NORTH_NORTH_WEST			= $000C
                                	SRCFILE "constants.bas",577
0xC                             const_DISC_NORTH_NORTH_WEST:	EQU 12
                                	;[578] 
                                	SRCFILE "constants.bas",578
                                	;[579] REM -------------------------------------------------------------------------
                                	SRCFILE "constants.bas",579
                                	;[580] REM DISC - Compass abbreviated versions.
                                	SRCFILE "constants.bas",580
                                	;[581] REM -------------------------------------------------------------------------
                                	SRCFILE "constants.bas",581
                                	;[582] CONST DISC_N						= $0004
                                	SRCFILE "constants.bas",582
0x4                             const_DISC_N:	EQU 4
                                	;[583] CONST DISC_NNE						= $0014
                                	SRCFILE "constants.bas",583
0x14                            const_DISC_NNE:	EQU 20
                                	;[584] CONST DISC_NE						= $0016
                                	SRCFILE "constants.bas",584
0x16                            const_DISC_NE:	EQU 22
                                	;[585] CONST DISC_ENE						= $0006
                                	SRCFILE "constants.bas",585
0x6                             const_DISC_ENE:	EQU 6
                                	;[586] CONST DISC_E						= $0002
                                	SRCFILE "constants.bas",586
0x2                             const_DISC_E:	EQU 2
                                	;[587] CONST DISC_ESE						= $0012
                                	SRCFILE "constants.bas",587
0x12                            const_DISC_ESE:	EQU 18
                                	;[588] CONST DISC_SE						= $0013
                                	SRCFILE "constants.bas",588
0x13                            const_DISC_SE:	EQU 19
                                	;[589] CONST DISC_SSE						= $0003
                                	SRCFILE "constants.bas",589
0x3                             const_DISC_SSE:	EQU 3
                                	;[590] CONST DISC_S						= $0001
                                	SRCFILE "constants.bas",590
0x1                             const_DISC_S:	EQU 1
                                	;[591] CONST DISC_SSW						= $0011
                                	SRCFILE "constants.bas",591
0x11                            const_DISC_SSW:	EQU 17
                                	;[592] CONST DISC_SW						= $0019
                                	SRCFILE "constants.bas",592
0x19                            const_DISC_SW:	EQU 25
                                	;[593] CONST DISC_WSW						= $0009
                                	SRCFILE "constants.bas",593
0x9                             const_DISC_WSW:	EQU 9
                                	;[594] CONST DISC_W						= $0008
                                	SRCFILE "constants.bas",594
0x8                             const_DISC_W:	EQU 8
                                	;[595] CONST DISC_WNW						= $0018
                                	SRCFILE "constants.bas",595
0x18                            const_DISC_WNW:	EQU 24
                                	;[596] CONST DISC_NW						= $001C
                                	SRCFILE "constants.bas",596
0x1C                            const_DISC_NW:	EQU 28
                                	;[597] CONST DISC_NNW						= $000C
                                	SRCFILE "constants.bas",597
0xC                             const_DISC_NNW:	EQU 12
                                	;[598] 
                                	SRCFILE "constants.bas",598
                                	;[599] REM -------------------------------------------------------------------------
                                	SRCFILE "constants.bas",599
                                	;[600] REM DISC - Directions.
                                	SRCFILE "constants.bas",600
                                	;[601] REM -------------------------------------------------------------------------
                                	SRCFILE "constants.bas",601
                                	;[602] CONST DISC_UP						= $0004
                                	SRCFILE "constants.bas",602
0x4                             const_DISC_UP:	EQU 4
                                	;[603] CONST DISC_UP_RIGHT					= $0016		' Up and right diagonal.
                                	SRCFILE "constants.bas",603
0x16                            const_DISC_UP_RIGHT:	EQU 22
                                	;[604] CONST DISC_RIGHT					= $0002
                                	SRCFILE "constants.bas",604
0x2                             const_DISC_RIGHT:	EQU 2
                                	;[605] CONST DISC_DOWN_RIGHT				= $0013		' Down  and right diagonal.
                                	SRCFILE "constants.bas",605
0x13                            const_DISC_DOWN_RIGHT:	EQU 19
                                	;[606] CONST DISC_DOWN						= $0001
                                	SRCFILE "constants.bas",606
0x1                             const_DISC_DOWN:	EQU 1
                                	;[607] CONST DISC_DOWN_LEFT				= $0019		' Down and left diagonal.
                                	SRCFILE "constants.bas",607
0x19                            const_DISC_DOWN_LEFT:	EQU 25
                                	;[608] CONST DISC_LEFT						= $0008
                                	SRCFILE "constants.bas",608
0x8                             const_DISC_LEFT:	EQU 8
                                	;[609] CONST DISC_UP_LEFT					= $001C		' Up and left diagonal.
                                	SRCFILE "constants.bas",609
0x1C                            const_DISC_UP_LEFT:	EQU 28
                                	;[610] 
                                	SRCFILE "constants.bas",610
                                	;[611] REM -------------------------------------------------------------------------
                                	SRCFILE "constants.bas",611
                                	;[612] REM DISK - Mask.
                                	SRCFILE "constants.bas",612
                                	;[613] REM -------------------------------------------------------------------------
                                	SRCFILE "constants.bas",613
                                	;[614] CONST DISK_MASK						= $001F
                                	SRCFILE "constants.bas",614
0x1F                            const_DISK_MASK:	EQU 31
                                	;[615] 
                                	SRCFILE "constants.bas",615
                                	;[616] REM -------------------------------------------------------------------------
                                	SRCFILE "constants.bas",616
                                	;[617] REM Controller - Keypad.
                                	SRCFILE "constants.bas",617
                                	;[618] REM -------------------------------------------------------------------------
                                	SRCFILE "constants.bas",618
                                	;[619] CONST KEYPAD_0						= 72
                                	SRCFILE "constants.bas",619
0x48                            const_KEYPAD_0:	EQU 72
                                	;[620] CONST KEYPAD_1						= 129
                                	SRCFILE "constants.bas",620
0x81                            const_KEYPAD_1:	EQU 129
                                	;[621] CONST KEYPAD_2						= 65
                                	SRCFILE "constants.bas",621
0x41                            const_KEYPAD_2:	EQU 65
                                	;[622] CONST KEYPAD_3						= 33
                                	SRCFILE "constants.bas",622
0x21                            const_KEYPAD_3:	EQU 33
                                	;[623] CONST KEYPAD_4						= 130
                                	SRCFILE "constants.bas",623
0x82                            const_KEYPAD_4:	EQU 130
                                	;[624] CONST KEYPAD_5						= 66
                                	SRCFILE "constants.bas",624
0x42                            const_KEYPAD_5:	EQU 66
                                	;[625] CONST KEYPAD_6						= 34
                                	SRCFILE "constants.bas",625
0x22                            const_KEYPAD_6:	EQU 34
                                	;[626] CONST KEYPAD_7						= 132
                                	SRCFILE "constants.bas",626
0x84                            const_KEYPAD_7:	EQU 132
                                	;[627] CONST KEYPAD_8						= 68
                                	SRCFILE "constants.bas",627
0x44                            const_KEYPAD_8:	EQU 68
                                	;[628] CONST KEYPAD_9						= 36
                                	SRCFILE "constants.bas",628
0x24                            const_KEYPAD_9:	EQU 36
                                	;[629] CONST KEYPAD_CLEAR					= 136
                                	SRCFILE "constants.bas",629
0x88                            const_KEYPAD_CLEAR:	EQU 136
                                	;[630] CONST KEYPAD_ENTER					= 40
                                	SRCFILE "constants.bas",630
0x28                            const_KEYPAD_ENTER:	EQU 40
                                	;[631] 
                                	SRCFILE "constants.bas",631
                                	;[632] REM -------------------------------------------------------------------------
                                	SRCFILE "constants.bas",632
                                	;[633] REM Controller - Pause buttons (1+9 or 3+7 held down simultaneously).
                                	SRCFILE "constants.bas",633
                                	;[634] REM -------------------------------------------------------------------------
                                	SRCFILE "constants.bas",634
                                	;[635] REM Notes:
                                	SRCFILE "constants.bas",635
                                	;[636] REM - Key codes for 3+7 and 1+9 are the same (165).
                                	SRCFILE "constants.bas",636
                                	;[637] REM -------------------------------------------------------------------------
                                	SRCFILE "constants.bas",637
                                	;[638] CONST KEYPAD_PAUSE					= (KEYPAD_1 XOR KEYPAD_9)
                                	SRCFILE "constants.bas",638
0xA5                            const_KEYPAD_PAUSE:	EQU 165
                                	;[639] 
                                	SRCFILE "constants.bas",639
                                	;[640] REM -------------------------------------------------------------------------
                                	SRCFILE "constants.bas",640
                                	;[641] REM Controller - Side buttons.
                                	SRCFILE "constants.bas",641
                                	;[642] REM -------------------------------------------------------------------------
                                	SRCFILE "constants.bas",642
                                	;[643] CONST BUTTON_TOP_LEFT				= $A0		' Top left and top right are the same button.
                                	SRCFILE "constants.bas",643
0xA0                            const_BUTTON_TOP_LEFT:	EQU 160
                                	;[644] CONST BUTTON_TOP_RIGHT				= $A0		' Note: Bit 6 is low.
                                	SRCFILE "constants.bas",644
0xA0                            const_BUTTON_TOP_RIGHT:	EQU 160
                                	;[645] CONST BUTTON_BOTTOM_LEFT			= $60		' Note: Bit 7 is low.
                                	SRCFILE "constants.bas",645
0x60                            const_BUTTON_BOTTOM_LEFT:	EQU 96
                                	;[646] CONST BUTTON_BOTTOM_RIGHT			= $C0		' Note: Bit 5 is low
                                	SRCFILE "constants.bas",646
0xC0                            const_BUTTON_BOTTOM_RIGHT:	EQU 192
                                	;[647] 
                                	SRCFILE "constants.bas",647
                                	;[648] REM Abbreviated versions.
                                	SRCFILE "constants.bas",648
                                	;[649] CONST BUTTON_1						= $A0		' Top left or top right.
                                	SRCFILE "constants.bas",649
0xA0                            const_BUTTON_1:	EQU 160
                                	;[650] CONST BUTTON_2						= $60		' Bottom left.
                                	SRCFILE "constants.bas",650
0x60                            const_BUTTON_2:	EQU 96
                                	;[651] CONST BUTTON_3						= $C0		' Bottom right.
                                	SRCFILE "constants.bas",651
0xC0                            const_BUTTON_3:	EQU 192
                                	;[652] 
                                	SRCFILE "constants.bas",652
                                	;[653] REM Mask.
                                	SRCFILE "constants.bas",653
                                	;[654] CONST BUTTON_MASK					= $E0
                                	SRCFILE "constants.bas",654
0xE0                            const_BUTTON_MASK:	EQU 224
                                	;[655] 
                                	SRCFILE "constants.bas",655
                                	;[656] REM /////////////////////////////////////////////////////////////////////////
                                	SRCFILE "constants.bas",656
                                	;[657] 
                                	SRCFILE "constants.bas",657
                                	;[658] REM -------------------------------------------------------------------------
                                	SRCFILE "constants.bas",658
                                	;[659] REM Programmable Sound Generator (PSG)
                                	SRCFILE "constants.bas",659
                                	;[660] REM -------------------------------------------------------------------------
                                	SRCFILE "constants.bas",660
                                	;[661] REM Notes:
                                	SRCFILE "constants.bas",661
                                	;[662] REM - For use with the SOUND command
                                	SRCFILE "constants.bas",662
                                	;[663] REM -------------------------------------------------------------------------
                                	SRCFILE "constants.bas",663
                                	;[664] 
                                	SRCFILE "constants.bas",664
                                	;[665] REM -------------------------------------------------------------------------
                                	SRCFILE "constants.bas",665
                                	;[666] REM Internal sound hardware.
                                	SRCFILE "constants.bas",666
                                	;[667] REM -------------------------------------------------------------------------
                                	SRCFILE "constants.bas",667
                                	;[668] CONST PSG_CHANNELA					= 0
                                	SRCFILE "constants.bas",668
0x0                             const_PSG_CHANNELA:	EQU 0
                                	;[669] CONST PSG_CHANNELB					= 1
                                	SRCFILE "constants.bas",669
0x1                             const_PSG_CHANNELB:	EQU 1
                                	;[670] CONST PSG_CHANNELC					= 2
                                	SRCFILE "constants.bas",670
0x2                             const_PSG_CHANNELC:	EQU 2
                                	;[671] CONST PSG_ENVELOPE					= 3
                                	SRCFILE "constants.bas",671
0x3                             const_PSG_ENVELOPE:	EQU 3
                                	;[672] CONST PSG_MIXER						= 4
                                	SRCFILE "constants.bas",672
0x4                             const_PSG_MIXER:	EQU 4
                                	;[673] 
                                	SRCFILE "constants.bas",673
                                	;[674] REM -------------------------------------------------------------------------
                                	SRCFILE "constants.bas",674
                                	;[675] REM ECS sound hardware.
                                	SRCFILE "constants.bas",675
                                	;[676] REM -------------------------------------------------------------------------
                                	SRCFILE "constants.bas",676
                                	;[677] CONST PSG_ECS_CHANNELA				= 5
                                	SRCFILE "constants.bas",677
0x5                             const_PSG_ECS_CHANNELA:	EQU 5
                                	;[678] CONST PSG_ECS_CHANNELB				= 6
                                	SRCFILE "constants.bas",678
0x6                             const_PSG_ECS_CHANNELB:	EQU 6
                                	;[679] CONST PSG_ECS_CHANNELC				= 7
                                	SRCFILE "constants.bas",679
0x7                             const_PSG_ECS_CHANNELC:	EQU 7
                                	;[680] CONST PSG_ECS_ENVELOPE				= 8
                                	SRCFILE "constants.bas",680
0x8                             const_PSG_ECS_ENVELOPE:	EQU 8
                                	;[681] CONST PSG_ECS_MIXER					= 9
                                	SRCFILE "constants.bas",681
0x9                             const_PSG_ECS_MIXER:	EQU 9
                                	;[682] 
                                	SRCFILE "constants.bas",682
                                	;[683] REM -------------------------------------------------------------------------
                                	SRCFILE "constants.bas",683
                                	;[684] REM PSG - Volume control.
                                	SRCFILE "constants.bas",684
                                	;[685] REM -------------------------------------------------------------------------
                                	SRCFILE "constants.bas",685
                                	;[686] REM Notes:
                                	SRCFILE "constants.bas",686
                                	;[687] REM - For use in the volume field of the SOUND command.
                                	SRCFILE "constants.bas",687
                                	;[688] REM - Internal channels: PSG_CHANNELA, PSG_CHANNELB, PSG_CHANNELC
                                	SRCFILE "constants.bas",688
                                	;[689] REM - ECS channels: PSG_ECS_CHANNELA, PSG_ECS_CHANNELB, PSG_ECS_CHANNELC
                                	SRCFILE "constants.bas",689
                                	;[690] REM -------------------------------------------------------------------------
                                	SRCFILE "constants.bas",690
                                	;[691] CONST PSG_VOLUME_MAX				= 15	' Maximum channel volume.
                                	SRCFILE "constants.bas",691
0xF                             const_PSG_VOLUME_MAX:	EQU 15
                                	;[692] CONST PSG_ENVELOPE_ENABLE			= 48	' Channel volume is controlled by envelope generator.
                                	SRCFILE "constants.bas",692
0x30                            const_PSG_ENVELOPE_ENABLE:	EQU 48
                                	;[693] 
                                	SRCFILE "constants.bas",693
                                	;[694] REM -------------------------------------------------------------------------
                                	SRCFILE "constants.bas",694
                                	;[695] REM PSG - Mixer control.
                                	SRCFILE "constants.bas",695
                                	;[696] REM -------------------------------------------------------------------------
                                	SRCFILE "constants.bas",696
                                	;[697] REM Notes:
                                	SRCFILE "constants.bas",697
                                	;[698] REM - Internal channel: PSG_MIXER
                                	SRCFILE "constants.bas",698
                                	;[699] REM - ECS channel: PSG_ECS_MIXER
                                	SRCFILE "constants.bas",699
                                	;[700] REM -------------------------------------------------------------------------
                                	SRCFILE "constants.bas",700
                                	;[701] CONST PSG_TONE_CHANNELA_DISABLE		= $01	' Disable channel A tone.
                                	SRCFILE "constants.bas",701
0x1                             const_PSG_TONE_CHANNELA_DISABLE:	EQU 1
                                	;[702] CONST PSG_TONE_CHANNELB_DISABLE		= $02	' Disable channel B tone.
                                	SRCFILE "constants.bas",702
0x2                             const_PSG_TONE_CHANNELB_DISABLE:	EQU 2
                                	;[703] CONST PSG_TONE_CHANNELC_DISABLE		= $04	' Disable channel C tone.
                                	SRCFILE "constants.bas",703
0x4                             const_PSG_TONE_CHANNELC_DISABLE:	EQU 4
                                	;[704] CONST PSG_NOISE_CHANNELA_DISABLE	= $08	' Disable channel A noise.
                                	SRCFILE "constants.bas",704
0x8                             const_PSG_NOISE_CHANNELA_DISABLE:	EQU 8
                                	;[705] CONST PSG_NOISE_CHANNELB_DISABLE	= $10	' Disable channel B noise.
                                	SRCFILE "constants.bas",705
0x10                            const_PSG_NOISE_CHANNELB_DISABLE:	EQU 16
                                	;[706] CONST PSG_NOISE_CHANNELC_DISABLE	= $20	' Disable channel C noise.
                                	SRCFILE "constants.bas",706
0x20                            const_PSG_NOISE_CHANNELC_DISABLE:	EQU 32
                                	;[707] CONST PSG_MIXER_DEFAULT				= $38 	' All notes enabled. all noise disabled.
                                	SRCFILE "constants.bas",707
0x38                            const_PSG_MIXER_DEFAULT:	EQU 56
                                	;[708] 
                                	SRCFILE "constants.bas",708
                                	;[709] REM -------------------------------------------------------------------------
                                	SRCFILE "constants.bas",709
                                	;[710] REM PSG - Envelope control.
                                	SRCFILE "constants.bas",710
                                	;[711] REM -------------------------------------------------------------------------
                                	SRCFILE "constants.bas",711
                                	;[712] REM Notes:
                                	SRCFILE "constants.bas",712
                                	;[713] REM - Internal channel: PSG_ENVELOPE
                                	SRCFILE "constants.bas",713
                                	;[714] REM - ECS channel: PSG_ECS_ENVELOPE
                                	SRCFILE "constants.bas",714
                                	;[715] REM -------------------------------------------------------------------------
                                	SRCFILE "constants.bas",715
                                	;[716] CONST PSG_ENVELOPE_HOLD								= $01
                                	SRCFILE "constants.bas",716
0x1                             const_PSG_ENVELOPE_HOLD:	EQU 1
                                	;[717] CONST PSG_ENVELOPE_ALTERNATE						= $02
                                	SRCFILE "constants.bas",717
0x2                             const_PSG_ENVELOPE_ALTERNATE:	EQU 2
                                	;[718] CONST PSG_ENVELOPE_ATTACK							= $04
                                	SRCFILE "constants.bas",718
0x4                             const_PSG_ENVELOPE_ATTACK:	EQU 4
                                	;[719] CONST PSG_ENVELOPE_CONTINUE							= $08
                                	SRCFILE "constants.bas",719
0x8                             const_PSG_ENVELOPE_CONTINUE:	EQU 8
                                	;[720] CONST PSG_ENVELOPE_SINGLE_SHOT_RAMP_DOWN_AND_OFF	= $00 '\______
                                	SRCFILE "constants.bas",720
0x0                             const_PSG_ENVELOPE_SINGLE_SHOT_RAMP_DOWN_AND_OFF:	EQU 0
                                	;[721] CONST PSG_ENVELOPE_SINGLE_SHOT_RAMP_UP_AND_OFF		= $04 '/______
                                	SRCFILE "constants.bas",721
0x4                             const_PSG_ENVELOPE_SINGLE_SHOT_RAMP_UP_AND_OFF:	EQU 4
                                	;[724] CONST PSG_ENVELOPE_CYCLE_RAMP_DOWN_SAWTOOTH			= $08 '\\\\\\CONST PSG_ENVELOPE_CYCLE_RAMP_DOWN_TRIANGLE			= $0A '\/\/\/CONST PSG_ENVELOPE_SINGLE_SHOT_RAMP_DOWN_AND_MAX	= $0B '\^^^^^^
                                	SRCFILE "constants.bas",724
0x8                             const_PSG_ENVELOPE_CYCLE_RAMP_DOWN_SAWTOOTH:	EQU 8
                                	;[725] CONST PSG_ENVELOPE_CYCLE_RAMP_UP_SAWTOOTH			= $0C '///////
                                	SRCFILE "constants.bas",725
0xC                             const_PSG_ENVELOPE_CYCLE_RAMP_UP_SAWTOOTH:	EQU 12
                                	;[726] CONST PSG_ENVELOPE_SINGLE_SHOT_RAMP_UP_AND_MAX		= $0D '/^^^^^^
                                	SRCFILE "constants.bas",726
0xD                             const_PSG_ENVELOPE_SINGLE_SHOT_RAMP_UP_AND_MAX:	EQU 13
                                	;[727] CONST PSG_ENVELOPE_CYCLE_RAMP_UP_TRIANGLE			= $0E '/\/\/\/
                                	SRCFILE "constants.bas",727
0xE                             const_PSG_ENVELOPE_CYCLE_RAMP_UP_TRIANGLE:	EQU 14
                                	;[728] 
                                	SRCFILE "constants.bas",728
                                	;[729] REM /////////////////////////////////////////////////////////////////////////
                                	SRCFILE "constants.bas",729
                                	;[730] 
                                	SRCFILE "constants.bas",730
                                	;[731] REM -------------------------------------------------------------------------
                                	SRCFILE "constants.bas",731
                                	;[732] REM Useful functions.
                                	SRCFILE "constants.bas",732
                                	;[733] REM -------------------------------------------------------------------------
                                	SRCFILE "constants.bas",733
                                	;[734] DEF FN screenpos(aColumn, aRow)				=               (((aRow)*BACKGROUND_COLUMNS)+(aColumn))
                                	SRCFILE "constants.bas",734
                                	;[735] DEF FN screenaddr(aColumn, aRow)			= (BACKTAB_ADDR+(((aRow)*BACKGROUND_COLUMNS)+(aColumn)))
                                	SRCFILE "constants.bas",735
                                	;[736] 
                                	SRCFILE "constants.bas",736
                                	;[737] DEF FN setspritex(aSpriteNo,anXPosition)	= #mobshadow(aSpriteNo  )=(#mobshadow(aSpriteNo  ) and $ff00)+anXPosition
                                	SRCFILE "constants.bas",737
                                	;[738] DEF FN setspritey(aSpriteNo,aYPosition)		= #mobshadow(aSpriteNo+8)=(#mobshadow(aSpriteNo+8) and $ff80)+aYPosition
                                	SRCFILE "constants.bas",738
                                	;[739] DEF FN resetsprite(aSpriteNo)				= sprite aSpriteNo, 0, 0, 0
                                	SRCFILE "constants.bas",739
                                	;[740] DEF FN togglespritevisible(aSpriteNo)		= #mobshadow(aSpriteNo   )=#mobshadow(aSpriteNo)    xor VISIBLE
                                	SRCFILE "constants.bas",740
                                	;[741] DEF FN togglespritehit(aSpriteNo)			= #mobshadow(aSpriteNo   )=#mobshadow(aSpriteNo)    xor HIT
                                	SRCFILE "constants.bas",741
                                	;[742] DEF FN togglespritebehind(aSpriteNo)		= #mobshadow(aSpriteNo+16)=#mobshadow(aSpriteNo+16) xor BEHIND
                                	SRCFILE "constants.bas",742
                                	;[743] 
                                	SRCFILE "constants.bas",743
                                	;[744] REM /////////////////////////////////////////////////////////////////////////
                                	SRCFILE "constants.bas",744
                                	;[745] 
                                	SRCFILE "constants.bas",745
                                	;[746] REM -------------------------------------------------------------------------
                                	SRCFILE "constants.bas",746
                                	;[747] REM END
                                	SRCFILE "constants.bas",747
                                	;[748] REM -------------------------------------------------------------------------
                                	SRCFILE "constants.bas",748
                                	;ENDFILE
                                	;FILE pirtoII.bas
                                	;[11]     ' Splash screen 
                                	SRCFILE "pirtoII.bas",11
                                	;[12]     INCLUDE "constant2.bas"
                                	SRCFILE "pirtoII.bas",12
                                	;FILE constant2.bas
                                	;[1] 
                                	SRCFILE "constant2.bas",1
                                	;[2] ' =========================================================================
                                	SRCFILE "constant2.bas",2
                                	;[3] ' Define Constants
                                	SRCFILE "constant2.bas",3
                                	;[4] ' =========================================================================
                                	SRCFILE "constant2.bas",4
                                	;[5] CONST TITLE_ROW        = 6      ' Background row in which to print TITLE string
                                	SRCFILE "constant2.bas",5
0x6                             const_TITLE_ROW:	EQU 6
                                	;[6] CONST TITLE_LENGTH     = 13     ' Length of TITLE string, in characters
                                	SRCFILE "constant2.bas",6
0xD                             const_TITLE_LENGTH:	EQU 13
                                	;[7] CONST TITLE_COLOR      = CS_YELLOW  ' Color of TITLE string
                                	SRCFILE "constant2.bas",7
0x6                             const_TITLE_COLOR:	EQU 6
                                	;[8] 
                                	SRCFILE "constant2.bas",8
                                	;[9] 
                                	SRCFILE "constant2.bas",9
                                	;[10] CONST AUTHOR_ROW       = 10     ' Background row in which to print AUTHOR string
                                	SRCFILE "constant2.bas",10
0xA                             const_AUTHOR_ROW:	EQU 10
                                	;[11] CONST AUTHOR_LENGTH    = 6      ' Length of AUTHOR string, in characters
                                	SRCFILE "constant2.bas",11
0x6                             const_AUTHOR_LENGTH:	EQU 6
                                	;[12] CONST AUTHOR_COLOR     = CS_WHITE   ' Color of AUTHOR string (and copyright year)
                                	SRCFILE "constant2.bas",12
0x7                             const_AUTHOR_COLOR:	EQU 7
                                	;[13] 
                                	SRCFILE "constant2.bas",13
                                	;[14] CONST COLOR_BAR_ROW    = 5      ' Background row in which to display colored bars
                                	SRCFILE "constant2.bas",14
0x5                             const_COLOR_BAR_ROW:	EQU 5
                                	;[15] CONST BRAND_ROW        = 3      ' Row in which to print the SDK brand and logo
                                	SRCFILE "constant2.bas",15
0x3                             const_BRAND_ROW:	EQU 3
                                	;[16] CONST BRAND_COLOR      = CS_WHITE   ' Color of SDK brand and logo
                                	SRCFILE "constant2.bas",16
0x7                             const_BRAND_COLOR:	EQU 7
                                	;[17] 
                                	SRCFILE "constant2.bas",17
                                	;[18] CONST CARD_WIDTH       = 8      ' Width of a background card, in pixels
                                	SRCFILE "constant2.bas",18
0x8                             const_CARD_WIDTH:	EQU 8
                                	;[19] CONST CARD_HEIGHT      = 8      ' Height of a background card, in pixels
                                	SRCFILE "constant2.bas",19
0x8                             const_CARD_HEIGHT:	EQU 8
                                	;[20] 
                                	SRCFILE "constant2.bas",20
                                	;[21] CONST DEBOUNCE_DELAY   = 2      ' Number of cycles to detect button press
                                	SRCFILE "constant2.bas",21
0x2                             const_DEBOUNCE_DELAY:	EQU 2
                                	;[22] CONST NO_KEY           = 0      ' Represents no user input
                                	SRCFILE "constant2.bas",22
0x0                             const_NO_KEY:	EQU 0
                                	;[23]  
                                	SRCFILE "constant2.bas",23
                                	;[24] DEF FN TextCenterPos(aLength, aRow)  = SCREENPOS((((BACKGROUND_COLUMNS - aLength) + 1) / 2), aRow)
                                	SRCFILE "constant2.bas",24
                                	;[25] DEF FN SpritePosX(aColumn, anOffset) = ((aColumn + 1) * CARD_WIDTH ) + anOffset
                                	SRCFILE "constant2.bas",25
                                	;[26] DEF FN SpritePosY(aRow, anOffset)    = ((aRow    + 1) * CARD_HEIGHT) + anOffset
                                	SRCFILE "constant2.bas",26
                                	;[27] 
                                	SRCFILE "constant2.bas",27
                                	;[28]    ' Set Screen Mode to "Color Stack" and define the stack
                                	SRCFILE "constant2.bas",28
                                	;[29]     MODE   SCREEN_COLOR_STACK, STACK_BLACK, STACK_BROWN, STACK_BLACK, STACK_BROWN
                                	SRCFILE "constant2.bas",29
50BB   02B8 0BB0                	MVII #2992,R0
50BD   0240 0347                	MVO R0,_color
50BF   02B8 0002                	MVII #2,R0
50C1   0240 0109                	MVO R0,_mode_select
                                	;[30]     BORDER BORDER_BLACK
                                	SRCFILE "constant2.bas",30
50C3   01C0                     	CLRR R0
50C4   0240 010A                	MVO R0,_border_color
                                	;[31]     rem DEFINE DEF00,5,Graphics
                                	SRCFILE "constant2.bas",31
                                	;[32]     CLS
                                	SRCFILE "constant2.bas",32
50C6   0004 0150 0014           	CALL CLRSCR
                                	;[33]     DEFINE 0,16,screen_bitmaps_0
                                	SRCFILE "constant2.bas",33
50C9   01C0                     	CLRR R0
50CA   0240 0105                	MVO R0,_gram_target
50CC   02B8 0010                	MVII #16,R0
50CE   0240 0106                	MVO R0,_gram_total
50D0   02B8 5A91                	MVII #label_SCREEN_BITMAPS_0,R0
50D2   0240 0344                	MVO R0,_gram_bitmap
                                	;[34]     WAIT
                                	SRCFILE "constant2.bas",34
50D4   0004 015C 002D           	CALL _wait
                                	;[35]     DEFINE 16,16,screen_bitmaps_1
                                	SRCFILE "constant2.bas",35
50D7   02B8 0010                	MVII #16,R0
50D9   0240 0105                	MVO R0,_gram_target
50DB   0240 0106                	MVO R0,_gram_total
50DD   02B8 5AD1                	MVII #label_SCREEN_BITMAPS_1,R0
50DF   0240 0344                	MVO R0,_gram_bitmap
                                	;[36]    
                                	SRCFILE "constant2.bas",36
                                	;[37]     WAIT
                                	SRCFILE "constant2.bas",37
50E1   0004 015C 002D           	CALL _wait
                                	;[38]     SCREEN screen_cards
                                	SRCFILE "constant2.bas",38
50E4   02BB 5B11                	MVII #label_SCREEN_CARDS,R3
50E6   02BA 0200                	MVII #512,R2
50E8   02B9 0014                	MVII #20,R1
50EA   02B8 000C                	MVII #12,R0
50EC   0004 015C 001B           	CALL CPYBLK
                                	;[39] 
                                	SRCFILE "constant2.bas",39
                                	;[40]       ' Print classic colored bars
                                	SRCFILE "constant2.bas",40
                                	;[41]     '  - Vertical bars on left
                                	SRCFILE "constant2.bas",41
                                	;[42]     PRINT AT SCREENPOS( 2, COLOR_BAR_ROW) COLOR CS_WHITE,     "\165"
                                	SRCFILE "constant2.bas",42
50EF   02B8 0266                	MVII #614,R0
50F1   0240 0346                	MVO R0,_screen
50F3   02B8 0007                	MVII #7,R0
50F5   0240 0347                	MVO R0,_color
50F7   0284 0346                	MVI _screen,R4
50F9   02B8 0528                	MVII #1320,R0
50FB   03C0 0347                	XOR _color,R0
50FD   0260                     	MVO@ R0,R4
50FE   0244 0346                	MVO R4,_screen
                                	;[43]     PRINT AT SCREENPOS( 4, COLOR_BAR_ROW) COLOR CS_YELLOW,    "\165"
                                	SRCFILE "constant2.bas",43
5100   02B8 0268                	MVII #616,R0
5102   0240 0346                	MVO R0,_screen
5104   02B8 0006                	MVII #6,R0
5106   0240 0347                	MVO R0,_color
5108   0284 0346                	MVI _screen,R4
510A   02B8 0528                	MVII #1320,R0
510C   03C0 0347                	XOR _color,R0
510E   0260                     	MVO@ R0,R4
510F   0244 0346                	MVO R4,_screen
                                	;[44]     PRINT AT SCREENPOS( 6, COLOR_BAR_ROW) COLOR CS_GREEN,     "\165"
                                	SRCFILE "constant2.bas",44
5111   02B8 026A                	MVII #618,R0
5113   0240 0346                	MVO R0,_screen
5115   02B8 0005                	MVII #5,R0
5117   0240 0347                	MVO R0,_color
5119   0284 0346                	MVI _screen,R4
511B   02B8 0528                	MVII #1320,R0
511D   03C0 0347                	XOR _color,R0
511F   0260                     	MVO@ R0,R4
5120   0244 0346                	MVO R4,_screen
                                	;[45]     PRINT AT SCREENPOS( 8, COLOR_BAR_ROW) COLOR CS_DARKGREEN, "\165"
                                	SRCFILE "constant2.bas",45
5122   02B8 026C                	MVII #620,R0
5124   0240 0346                	MVO R0,_screen
5126   02B8 0004                	MVII #4,R0
5128   0240 0347                	MVO R0,_color
512A   0284 0346                	MVI _screen,R4
512C   02B8 0528                	MVII #1320,R0
512E   03C0 0347                	XOR _color,R0
5130   0260                     	MVO@ R0,R4
5131   0244 0346                	MVO R4,_screen
                                	;[46]     PRINT AT SCREENPOS( 9, COLOR_BAR_ROW) COLOR CS_RED, "II"
                                	SRCFILE "constant2.bas",46
5133   02B8 026D                	MVII #621,R0
5135   0240 0346                	MVO R0,_screen
5137   02B8 0002                	MVII #2,R0
5139   0240 0347                	MVO R0,_color
513B   0284 0346                	MVI _screen,R4
513D   02B8 0148                	MVII #328,R0
513F   03C0 0347                	XOR _color,R0
5141   0260                     	MVO@ R0,R4
5142   0260                     	MVO@ R0,R4
5143   0034                     	NOP
5144   0244 0346                	MVO R4,_screen
                                	;[47]     
                                	SRCFILE "constant2.bas",47
                                	;[48]     '  - Vertical bars on right
                                	SRCFILE "constant2.bas",48
                                	;[49]     PRINT AT SCREENPOS(11, COLOR_BAR_ROW) COLOR CS_TAN,       "\164"
                                	SRCFILE "constant2.bas",49
5146   02B8 026F                	MVII #623,R0
5148   0240 0346                	MVO R0,_screen
514A   02B8 0003                	MVII #3,R0
514C   0240 0347                	MVO R0,_color
514E   0284 0346                	MVI _screen,R4
5150   02B8 0520                	MVII #1312,R0
5152   03C0 0347                	XOR _color,R0
5154   0260                     	MVO@ R0,R4
5155   0244 0346                	MVO R4,_screen
                                	;[50]     PRINT AT SCREENPOS(13, COLOR_BAR_ROW) COLOR CS_RED,       "\164"
                                	SRCFILE "constant2.bas",50
5157   02B8 0271                	MVII #625,R0
5159   0240 0346                	MVO R0,_screen
515B   02B8 0002                	MVII #2,R0
515D   0240 0347                	MVO R0,_color
515F   0284 0346                	MVI _screen,R4
5161   02B8 0520                	MVII #1312,R0
5163   03C0 0347                	XOR _color,R0
5165   0260                     	MVO@ R0,R4
5166   0244 0346                	MVO R4,_screen
                                	;[51]     PRINT AT SCREENPOS(15, COLOR_BAR_ROW) COLOR CS_BLUE,      "\164"
                                	SRCFILE "constant2.bas",51
5168   02B8 0273                	MVII #627,R0
516A   0240 0346                	MVO R0,_screen
516C   02B8 0001                	MVII #1,R0
516E   0240 0347                	MVO R0,_color
5170   0284 0346                	MVI _screen,R4
5172   02B8 0520                	MVII #1312,R0
5174   03C0 0347                	XOR _color,R0
5176   0260                     	MVO@ R0,R4
5177   0244 0346                	MVO R4,_screen
                                	;[52]     PRINT AT SCREENPOS(17, COLOR_BAR_ROW) COLOR CS_WHITE,     "\164"
                                	SRCFILE "constant2.bas",52
5179   02B8 0275                	MVII #629,R0
517B   0240 0346                	MVO R0,_screen
517D   02B8 0007                	MVII #7,R0
517F   0240 0347                	MVO R0,_color
5181   0284 0346                	MVI _screen,R4
5183   02B8 0520                	MVII #1312,R0
5185   03C0 0347                	XOR _color,R0
5187   0260                     	MVO@ R0,R4
5188   0244 0346                	MVO R4,_screen
                                	;[53]     PRINT AT SCREENPOS(48, COLOR_BAR_ROW) COLOR CS_RED, "D U O"
                                	SRCFILE "constant2.bas",53
518A   02B8 0294                	MVII #660,R0
518C   0240 0346                	MVO R0,_screen
518E   02B8 0002                	MVII #2,R0
5190   0240 0347                	MVO R0,_color
5192   0284 0346                	MVI _screen,R4
5194   02B8 0120                	MVII #288,R0
5196   03C0 0347                	XOR _color,R0
5198   0260                     	MVO@ R0,R4
5199   03F8 0120                	XORI #288,R0
519B   0260                     	MVO@ R0,R4
519C   03F8 01A8                	XORI #424,R0
519E   0260                     	MVO@ R0,R4
519F   03F8 01A8                	XORI #424,R0
51A1   0260                     	MVO@ R0,R4
51A2   03F8 0178                	XORI #376,R0
51A4   0260                     	MVO@ R0,R4
51A5   0244 0346                	MVO R4,_screen
                                	;[54] 
                                	SRCFILE "constant2.bas",54
                                	;[55] 
                                	SRCFILE "constant2.bas",55
                                	;[56]     PRINT AT TextCenterPos((AUTHOR_LENGTH + 4), AUTHOR_ROW) + 0, BG27 + AUTHOR_COLOR
                                	SRCFILE "constant2.bas",56
51A7   02B8 02CD                	MVII #717,R0
51A9   0240 0346                	MVO R0,_screen
51AB   02B8 08DF                	MVII #2271,R0
51AD   0284 0346                	MVI _screen,R4
51AF   0260                     	MVO@ R0,R4
51B0   0244 0346                	MVO R4,_screen
                                	;[57]     PRINT AT TextCenterPos((AUTHOR_LENGTH + 4), AUTHOR_ROW) + 1 COLOR AUTHOR_COLOR,  "2026 AOtta"
                                	SRCFILE "constant2.bas",57
51B2   02B8 02CE                	MVII #718,R0
51B4   0240 0346                	MVO R0,_screen
51B6   02B8 0007                	MVII #7,R0
51B8   0240 0347                	MVO R0,_color
51BA   0284 0346                	MVI _screen,R4
51BC   02B8 0090                	MVII #144,R0
51BE   03C0 0347                	XOR _color,R0
51C0   0260                     	MVO@ R0,R4
51C1   03F8 0010                	XORI #16,R0
51C3   0260                     	MVO@ R0,R4
51C4   03F8 0010                	XORI #16,R0
51C6   0260                     	MVO@ R0,R4
51C7   03F8 0020                	XORI #32,R0
51C9   0260                     	MVO@ R0,R4
51CA   03F8 00B0                	XORI #176,R0
51CC   0260                     	MVO@ R0,R4
51CD   03F8 0108                	XORI #264,R0
51CF   0260                     	MVO@ R0,R4
51D0   03F8 0070                	XORI #112,R0
51D2   0260                     	MVO@ R0,R4
51D3   03F8 03D8                	XORI #984,R0
51D5   0260                     	MVO@ R0,R4
51D6   0260                     	MVO@ R0,R4
51D7   03F8 00A8                	XORI #168,R0
51D9   0260                     	MVO@ R0,R4
51DA   0244 0346                	MVO R4,_screen
                                	;ENDFILE
                                	;FILE pirtoII.bas
                                	;[13]     CONST mfile=$817f
                                	SRCFILE "pirtoII.bas",13
0x817F                          const_MFILE:	EQU 33151
                                	;[14]     CONST mst=$813f
                                	SRCFILE "pirtoII.bas",14
0x813F                          const_MST:	EQU 33087
                                	;[15]     const riga=$8899
                                	SRCFILE "pirtoII.bas",15
0x8899                          const_RIGA:	EQU 34969
                                	;[16]     const joy=$8889
                                	SRCFILE "pirtoII.bas",16
0x8889                          const_JOY:	EQU 34953
                                	;[17]     const joyck=$8119
                                	SRCFILE "pirtoII.bas",17
0x8119                          const_JOYCK:	EQU 33049
                                	;[18]     const hack=$9111
                                	SRCFILE "pirtoII.bas",18
0x9111                          const_HACK:	EQU 37137
                                	;[19]     const dirfile=$8651
                                	SRCFILE "pirtoII.bas",19
0x8651                          const_DIRFILE:	EQU 34385
                                	;[20]     const chk=$815e
                                	SRCFILE "pirtoII.bas",20
0x815E                          const_CHK:	EQU 33118
                                	;[21]     const debug=$8163
                                	SRCFILE "pirtoII.bas",21
0x8163                          const_DEBUG:	EQU 33123
                                	;[22]     
                                	SRCFILE "pirtoII.bas",22
                                	;[23] 
                                	SRCFILE "pirtoII.bas",23
                                	;[24]     dim tipo(10)
                                	SRCFILE "pirtoII.bas",24
                                	;[25]     poke(mst),0
                                	SRCFILE "pirtoII.bas",25
51DC   01C0                     	CLRR R0
51DD   0240 813F                	MVO R0,33087
                                	;[26]     poke(chk),0
                                	SRCFILE "pirtoII.bas",26
51DF   0240 815E                	MVO R0,33118
                                	;[27]     poke(dirfile),0
                                	SRCFILE "pirtoII.bas",27
51E1   0034                     	NOP
51E2   0240 8651                	MVO R0,34385
                                	;[28] 
                                	SRCFILE "pirtoII.bas",28
                                	;[29]    
                                	SRCFILE "pirtoII.bas",29
                                	;[30]     GOSUB reset_sound
                                	SRCFILE "pirtoII.bas",30
51E4   0004 0158 026D           	CALL label_RESET_SOUND
                                	;[31]     for A=1 to 2    
                                	SRCFILE "pirtoII.bas",31
51E7   02B8 0001                	MVII #1,R0
51E9   0240 010C                	MVO R0,var_A
0x51EB                          T1:
                                	;[32]         IF A=1 THEN #C=477
                                	SRCFILE "pirtoII.bas",32
51EB   0280 010C                	MVI var_A,R0
51ED   0378 0001                	CMPI #1,R0
51EF   020C 0004                	BNE T2
51F1   02B8 01DD                	MVII #477,R0
51F3   0240 0308                	MVO R0,var_&C
0x51F5                          T2:
                                	;[33]         IF A=2 THEN #C=239
                                	SRCFILE "pirtoII.bas",33
51F5   0280 010C                	MVI var_A,R0
51F7   0378 0002                	CMPI #2,R0
51F9   020C 0004                	BNE T3
51FB   02B8 00EF                	MVII #239,R0
51FD   0240 0308                	MVO R0,var_&C
0x51FF                          T3:
                                	;[34]     SOUND 0,#C,PSG_ENVELOPE_ENABLE
                                	SRCFILE "pirtoII.bas",34
51FF   0280 0308                	MVI var_&C,R0
5201   0240 01F0                	MVO R0,496
5203   0040                     	SWAP R0
5204   0240 01F4                	MVO R0,500
5206   02B8 0030                	MVII #48,R0
5208   0240 01FB                	MVO R0,507
                                	;[35]     SOUND 1,(#C+1)/2,PSG_ENVELOPE_ENABLE
                                	SRCFILE "pirtoII.bas",35
520A   0280 0308                	MVI var_&C,R0
520C   0008                     	INCR R0
520D   0060                     	SLR R0,1
520E   0240 01F1                	MVO R0,497
5210   0040                     	SWAP R0
5211   0240 01F5                	MVO R0,501
5213   02B8 0030                	MVII #48,R0
5215   0240 01FC                	MVO R0,508
                                	;[36]     SOUND 2,#C*2,PSG_ENVELOPE_ENABLE
                                	SRCFILE "pirtoII.bas",36
5217   0280 0308                	MVI var_&C,R0
5219   0048                     	SLL R0,1
521A   0240 01F2                	MVO R0,498
521C   0040                     	SWAP R0
521D   0240 01F6                	MVO R0,502
521F   02B8 0030                	MVII #48,R0
5221   0240 01FD                	MVO R0,509
                                	;[37]     SOUND 3,6000,PSG_ENVELOPE_SINGLE_SHOT_RAMP_DOWN_AND_OFF ' Slow decay, single shot \______
                                	SRCFILE "pirtoII.bas",37
5223   02B8 1770                	MVII #6000,R0
5225   0240 01F3                	MVO R0,499
5227   0040                     	SWAP R0
5228   0240 01F7                	MVO R0,503
522A   01C0                     	CLRR R0
522B   0240 01FA                	MVO R0,506
                                	;[38]     FOR C = 1 TO 30:WAIT:NEXT C
                                	SRCFILE "pirtoII.bas",38
522D   02B8 0001                	MVII #1,R0
522F   0240 010D                	MVO R0,var_C
0x5231                          T4:
5231   0004 015C 002D           	CALL _wait
5234   0280 010D                	MVI var_C,R0
5236   0008                     	INCR R0
5237   0240 010D                	MVO R0,var_C
5239   0378 001E                	CMPI #30,R0
523B   0226 000B                	BLE T4
                                	;[39]     NEXT A
                                	SRCFILE "pirtoII.bas",39
523D   0280 010C                	MVI var_A,R0
523F   0008                     	INCR R0
5240   0240 010C                	MVO R0,var_A
5242   0378 0002                	CMPI #2,R0
5244   0226 005A                	BLE T1
                                	;[40]     GOSUB reset_sound
                                	SRCFILE "pirtoII.bas",40
5246   0004 0158 026D           	CALL label_RESET_SOUND
                                	;[41]     poke (joyck),0
                                	SRCFILE "pirtoII.bas",41
5249   01C0                     	CLRR R0
524A   0240 8119                	MVO R0,33049
                                	;[42]     #cnt=0
                                	SRCFILE "pirtoII.bas",42
524C   0240 0309                	MVO R0,var_&CNT
                                	;[43]     WHILE (cont = NO_KEY) and (peek(joyck)<>123) and (#cnt<100) ' 0x119)  
                                	SRCFILE "pirtoII.bas",43
0x524E                          T5:
524E   0280 01FE                	MVI 510,R0
5250   03C0 01FF                	XOR 511,R0
5252   02B8 FFFF                	MVII #65535,R0
5254   0204 0001                	BEQ T7
5256   0008                     	INCR R0
0x5257                          T7:
5257   0281 8119                	MVI 33049,R1
5259   0379 007B                	CMPI #123,R1
525B   02B9 FFFF                	MVII #65535,R1
525D   020C 0001                	BNE T8
525F   0009                     	INCR R1
0x5260                          T8:
5260   0188                     	ANDR R1,R0
5261   0281 0309                	MVI var_&CNT,R1
5263   0379 0064                	CMPI #100,R1
5265   02B9 FFFF                	MVII #65535,R1
5267   0205 0001                	BLT T9
5269   0009                     	INCR R1
0x526A                          T9:
526A   0188                     	ANDR R1,R0
526B   0204 000A                	BEQ T6
                                	;[44]         #cnt=#cnt+1
                                	SRCFILE "pirtoII.bas",44
526D   0280 0309                	MVI var_&CNT,R0
526F   0008                     	INCR R0
5270   0240 0309                	MVO R0,var_&CNT
                                	;[45]         WAIT
                                	SRCFILE "pirtoII.bas",45
5272   0004 015C 002D           	CALL _wait
                                	;[46]     WEND
                                	SRCFILE "pirtoII.bas",46
5275   0220 0028                	B T5
0x5277                          T6:
                                	;[47]     poke(chk),0
                                	SRCFILE "pirtoII.bas",47
5277   01C0                     	CLRR R0
5278   0240 815E                	MVO R0,33118
                                	;[48]     WAIT
                                	SRCFILE "pirtoII.bas",48
527A   0004 015C 002D           	CALL _wait
                                	;[49]    
                                	SRCFILE "pirtoII.bas",49
                                	;[50]     poke(joyck),0 '0x119
                                	SRCFILE "pirtoII.bas",50
527D   01C0                     	CLRR R0
527E   0240 8119                	MVO R0,33049
                                	;[51]     poke (joy),0
                                	SRCFILE "pirtoII.bas",51
5280   0240 8889                	MVO R0,34953
                                	;[52] 
                                	SRCFILE "pirtoII.bas",52
                                	;[53]    ' poke(joy),1 ' carica i file
                                	SRCFILE "pirtoII.bas",53
                                	;[54]   
                                	SRCFILE "pirtoII.bas",54
                                	;[55] avanti:
                                	SRCFILE "pirtoII.bas",55
                                	; AVANTI
0x5282                          label_AVANTI:	;[56]     
                                	SRCFILE "pirtoII.bas",56
                                	;[57]     curriga=0
                                	SRCFILE "pirtoII.bas",57
5282   01C0                     	CLRR R0
5283   0240 010E                	MVO R0,var_CURRIGA
                                	;[58]     cls     ' Clear the screen.
                                	SRCFILE "pirtoII.bas",58
5285   0004 0150 0014           	CALL CLRSCR
                                	;[59] 
                                	SRCFILE "pirtoII.bas",59
                                	;[60]     wait
                                	SRCFILE "pirtoII.bas",60
5288   0004 015C 002D           	CALL _wait
                                	;[61]     PRINT AT SCREENPOS(1, 0) COLOR CS_RED,"PiRTO II-2"
                                	SRCFILE "pirtoII.bas",61
528B   02B8 0201                	MVII #513,R0
528D   0240 0346                	MVO R0,_screen
528F   02B8 0002                	MVII #2,R0
5291   0240 0347                	MVO R0,_color
5293   0284 0346                	MVI _screen,R4
5295   02B8 0180                	MVII #384,R0
5297   03C0 0347                	XOR _color,R0
5299   0260                     	MVO@ R0,R4
529A   03F8 03C8                	XORI #968,R0
529C   0260                     	MVO@ R0,R4
529D   03F8 03D8                	XORI #984,R0
529F   0260                     	MVO@ R0,R4
52A0   03F8 0030                	XORI #48,R0
52A2   0260                     	MVO@ R0,R4
52A3   03F8 00D8                	XORI #216,R0
52A5   0260                     	MVO@ R0,R4
52A6   03F8 0178                	XORI #376,R0
52A8   0260                     	MVO@ R0,R4
52A9   03F8 0148                	XORI #328,R0
52AB   0260                     	MVO@ R0,R4
52AC   0260                     	MVO@ R0,R4
52AD   03F8 0120                	XORI #288,R0
52AF   0260                     	MVO@ R0,R4
52B0   03F8 00F8                	XORI #248,R0
52B2   0260                     	MVO@ R0,R4
52B3   0244 0346                	MVO R4,_screen
                                	;[62]     PRINT COLOR CS_WHITE," - Flash"
                                	SRCFILE "pirtoII.bas",62
52B5   02B8 0007                	MVII #7,R0
52B7   0240 0347                	MVO R0,_color
52B9   0284 0346                	MVI _screen,R4
52BB   0260                     	MVO@ R0,R4
52BC   03F8 0068                	XORI #104,R0
52BE   0260                     	MVO@ R0,R4
52BF   03F8 0068                	XORI #104,R0
52C1   0260                     	MVO@ R0,R4
52C2   03F8 0130                	XORI #304,R0
52C4   0260                     	MVO@ R0,R4
52C5   03F8 0350                	XORI #848,R0
52C7   0260                     	MVO@ R0,R4
52C8   03F8 0068                	XORI #104,R0
52CA   0260                     	MVO@ R0,R4
52CB   03F8 0090                	XORI #144,R0
52CD   0260                     	MVO@ R0,R4
52CE   03F8 00D8                	XORI #216,R0
52D0   0260                     	MVO@ R0,R4
52D1   0244 0346                	MVO R4,_screen
                                	;[63]     PRINT AT SCREENPOS(0, 11) COLOR CS_WHITE,"ENT/BT:sel*CLR:../"
                                	SRCFILE "pirtoII.bas",63
52D3   02B8 02DC                	MVII #732,R0
52D5   0240 0346                	MVO R0,_screen
52D7   02B8 0007                	MVII #7,R0
52D9   0240 0347                	MVO R0,_color
52DB   0284 0346                	MVI _screen,R4
52DD   02B8 0128                	MVII #296,R0
52DF   03C0 0347                	XOR _color,R0
52E1   0260                     	MVO@ R0,R4
52E2   03F8 0058                	XORI #88,R0
52E4   0260                     	MVO@ R0,R4
52E5   03F8 00D0                	XORI #208,R0
52E7   0260                     	MVO@ R0,R4
52E8   03F8 01D8                	XORI #472,R0
52EA   0260                     	MVO@ R0,R4
52EB   03F8 0168                	XORI #360,R0
52ED   0260                     	MVO@ R0,R4
52EE   03F8 00B0                	XORI #176,R0
52F0   0260                     	MVO@ R0,R4
52F1   03F8 0170                	XORI #368,R0
52F3   0260                     	MVO@ R0,R4
52F4   03F8 0248                	XORI #584,R0
52F6   0260                     	MVO@ R0,R4
52F7   03F8 00B0                	XORI #176,R0
52F9   0260                     	MVO@ R0,R4
52FA   03F8 0048                	XORI #72,R0
52FC   0260                     	MVO@ R0,R4
52FD   03F8 0230                	XORI #560,R0
52FF   0260                     	MVO@ R0,R4
5300   03F8 0148                	XORI #328,R0
5302   0260                     	MVO@ R0,R4
5303   03F8 0078                	XORI #120,R0
5305   0260                     	MVO@ R0,R4
5306   03F8 00F0                	XORI #240,R0
5308   0260                     	MVO@ R0,R4
5309   03F8 0140                	XORI #320,R0
530B   0260                     	MVO@ R0,R4
530C   03F8 00A0                	XORI #160,R0
530E   0260                     	MVO@ R0,R4
530F   0260                     	MVO@ R0,R4
5310   03F8 0008                	XORI #8,R0
5312   0260                     	MVO@ R0,R4
5313   0244 0346                	MVO R4,_screen
                                	;[64]     
                                	SRCFILE "pirtoII.bas",64
                                	;[65]    
                                	SRCFILE "pirtoII.bas",65
                                	;[66]       
                                	SRCFILE "pirtoII.bas",66
                                	;[67] menu:
                                	SRCFILE "pirtoII.bas",67
                                	; MENU
0x5315                          label_MENU:	;[68]     GOSUB leggimenu
                                	SRCFILE "pirtoII.bas",68
5315   0004 0158 0009           	CALL label_LEGGIMENU
                                	;[69]     c = cont
                                	SRCFILE "pirtoII.bas",69
5318   0280 01FE                	MVI 510,R0
531A   03C0 01FF                	XOR 511,R0
531C   0240 010D                	MVO R0,var_C
                                	;[70]     
                                	SRCFILE "pirtoII.bas",70
                                	;[71]     if (c=KEYPAD_ENTER) or (c=BUTTON_1) or (c=BUTTON_2) or (c=BUTTON_3) then 
                                	SRCFILE "pirtoII.bas",71
531E   0280 010D                	MVI var_C,R0
5320   0378 0028                	CMPI #40,R0
5322   02B8 FFFF                	MVII #65535,R0
5324   0204 0001                	BEQ T11
5326   0008                     	INCR R0
0x5327                          T11:
5327   0281 010D                	MVI var_C,R1
5329   0379 00A0                	CMPI #160,R1
532B   02B9 FFFF                	MVII #65535,R1
532D   0204 0001                	BEQ T12
532F   0009                     	INCR R1
0x5330                          T12:
5330   0019                     	COMR R1
5331   0188                     	ANDR R1,R0
5332   0019                     	COMR R1
5333   01C8                     	XORR R1,R0
5334   0281 010D                	MVI var_C,R1
5336   0379 0060                	CMPI #96,R1
5338   02B9 FFFF                	MVII #65535,R1
533A   0204 0001                	BEQ T13
533C   0009                     	INCR R1
0x533D                          T13:
533D   0019                     	COMR R1
533E   0188                     	ANDR R1,R0
533F   0019                     	COMR R1
5340   01C8                     	XORR R1,R0
5341   0281 010D                	MVI var_C,R1
5343   0379 00C0                	CMPI #192,R1
5345   02B9 FFFF                	MVII #65535,R1
5347   0204 0001                	BEQ T14
5349   0009                     	INCR R1
0x534A                          T14:
534A   0019                     	COMR R1
534B   0188                     	ANDR R1,R0
534C   0019                     	COMR R1
534D   01C8                     	XORR R1,R0
534E   0204 0007                	BEQ T10
                                	;[72]         poke(joy),0:poke(joyck),0
                                	SRCFILE "pirtoII.bas",72
5350   01C0                     	CLRR R0
5351   0240 8889                	MVO R0,34953
5353   0240 8119                	MVO R0,33049
                                	;[73]         goto select
                                	SRCFILE "pirtoII.bas",73
5355   0200 0353                	B label_SELECT
                                	;[74]     end if
                                	SRCFILE "pirtoII.bas",74
0x5357                          T10:
                                	;[75] 
                                	SRCFILE "pirtoII.bas",75
                                	;[76]     if (c=KEYPAD_CLEAR) then
                                	SRCFILE "pirtoII.bas",76
5357   0280 010D                	MVI var_C,R0
5359   0378 0088                	CMPI #136,R0
535B   020C 00DF                	BNE T15
                                	;[77]         sound 0,120,15
                                	SRCFILE "pirtoII.bas",77
535D   02B8 0078                	MVII #120,R0
535F   0240 01F0                	MVO R0,496
5361   0040                     	SWAP R0
5362   0240 01F4                	MVO R0,500
5364   02B8 000F                	MVII #15,R0
5366   0240 01FB                	MVO R0,507
                                	;[78]         for p=0 to 5:next p
                                	SRCFILE "pirtoII.bas",78
5368   01C0                     	CLRR R0
5369   0240 0114                	MVO R0,var_P
0x536B                          T16:
536B   0280 0114                	MVI var_P,R0
536D   0008                     	INCR R0
536E   0240 0114                	MVO R0,var_P
5370   0378 0005                	CMPI #5,R0
5372   0226 0008                	BLE T16
                                	;[79]         sound 0,0,0 
                                	SRCFILE "pirtoII.bas",79
5374   01C0                     	CLRR R0
5375   0240 01F0                	MVO R0,496
5377   0040                     	SWAP R0
5378   0240 01F4                	MVO R0,500
537A   01C0                     	CLRR R0
537B   0240 01FB                	MVO R0,507
                                	;[80]         cls
                                	SRCFILE "pirtoII.bas",80
537D   0004 0150 0014           	CALL CLRSCR
                                	;[81]         k=0
                                	SRCFILE "pirtoII.bas",81
5380   01C0                     	CLRR R0
5381   0240 0112                	MVO R0,var_K
                                	;[82]         while peek(joyck)<>1 'and #cnt<500' 0x119
                                	SRCFILE "pirtoII.bas",82
0x5383                          T17:
5383   0280 8119                	MVI 33049,R0
5385   0378 0001                	CMPI #1,R0
5387   0204 00AC                	BEQ T18
                                	;[83]             poke(joy),5
                                	SRCFILE "pirtoII.bas",83
5389   02B8 0005                	MVII #5,R0
538B   0240 8889                	MVO R0,34953
                                	;[84]             print at screenpos(3,2) color CS_TAN,"UP DIR" ' root
                                	SRCFILE "pirtoII.bas",84
538D   02B8 022B                	MVII #555,R0
538F   0240 0346                	MVO R0,_screen
5391   02B8 0003                	MVII #3,R0
5393   0240 0347                	MVO R0,_color
5395   0284 0346                	MVI _screen,R4
5397   02B8 01A8                	MVII #424,R0
5399   03C0 0347                	XOR _color,R0
539B   0260                     	MVO@ R0,R4
539C   03F8 0028                	XORI #40,R0
539E   0260                     	MVO@ R0,R4
539F   03F8 0180                	XORI #384,R0
53A1   0260                     	MVO@ R0,R4
53A2   03F8 0120                	XORI #288,R0
53A4   0260                     	MVO@ R0,R4
53A5   03F8 0068                	XORI #104,R0
53A7   0260                     	MVO@ R0,R4
53A8   03F8 00D8                	XORI #216,R0
53AA   0260                     	MVO@ R0,R4
53AB   0244 0346                	MVO R4,_screen
                                	;[85]             print at screenpos(3,5),"PLEASE WAIT..."
                                	SRCFILE "pirtoII.bas",85
53AD   02B8 0267                	MVII #615,R0
53AF   0240 0346                	MVO R0,_screen
53B1   0084                     	MOVR R0,R4
53B2   02B8 0180                	MVII #384,R0
53B4   03C0 0347                	XOR _color,R0
53B6   0260                     	MVO@ R0,R4
53B7   03F8 00E0                	XORI #224,R0
53B9   0260                     	MVO@ R0,R4
53BA   03F8 0048                	XORI #72,R0
53BC   0260                     	MVO@ R0,R4
53BD   03F8 0020                	XORI #32,R0
53BF   0260                     	MVO@ R0,R4
53C0   03F8 0090                	XORI #144,R0
53C2   0260                     	MVO@ R0,R4
53C3   03F8 00B0                	XORI #176,R0
53C5   0260                     	MVO@ R0,R4
53C6   03F8 0128                	XORI #296,R0
53C8   0260                     	MVO@ R0,R4
53C9   03F8 01B8                	XORI #440,R0
53CB   0260                     	MVO@ R0,R4
53CC   03F8 00B0                	XORI #176,R0
53CE   0260                     	MVO@ R0,R4
53CF   03F8 0040                	XORI #64,R0
53D1   0260                     	MVO@ R0,R4
53D2   03F8 00E8                	XORI #232,R0
53D4   0260                     	MVO@ R0,R4
53D5   03F8 01D0                	XORI #464,R0
53D7   0260                     	MVO@ R0,R4
53D8   0260                     	MVO@ R0,R4
53D9   0260                     	MVO@ R0,R4
53DA   0034                     	NOP
53DB   0244 0346                	MVO R4,_screen
                                	;[86]             if k=0 then print at screenpos(10,8),BG28 + CS_BLUE
                                	SRCFILE "pirtoII.bas",86
53DD   0280 0112                	MVI var_K,R0
53DF   0080                     	TSTR R0
53E0   020C 000B                	BNE T19
53E2   02B8 02AA                	MVII #682,R0
53E4   0240 0346                	MVO R0,_screen
53E6   02B8 08E1                	MVII #2273,R0
53E8   0284 0346                	MVI _screen,R4
53EA   0260                     	MVO@ R0,R4
53EB   0244 0346                	MVO R4,_screen
0x53ED                          T19:
                                	;[87]             if k=1 then print at screenpos(10,8),BG29 + CS_BLUE
                                	SRCFILE "pirtoII.bas",87
53ED   0280 0112                	MVI var_K,R0
53EF   0378 0001                	CMPI #1,R0
53F1   020C 000B                	BNE T20
53F3   02B8 02AA                	MVII #682,R0
53F5   0240 0346                	MVO R0,_screen
53F7   02B8 08E9                	MVII #2281,R0
53F9   0284 0346                	MVI _screen,R4
53FB   0260                     	MVO@ R0,R4
53FC   0244 0346                	MVO R4,_screen
0x53FE                          T20:
                                	;[88]             if k=2 then print at screenpos(10,8),BG30 + CS_BLUE
                                	SRCFILE "pirtoII.bas",88
53FE   0280 0112                	MVI var_K,R0
5400   0378 0002                	CMPI #2,R0
5402   020C 000B                	BNE T21
5404   02B8 02AA                	MVII #682,R0
5406   0240 0346                	MVO R0,_screen
5408   02B8 08F1                	MVII #2289,R0
540A   0284 0346                	MVI _screen,R4
540C   0260                     	MVO@ R0,R4
540D   0244 0346                	MVO R4,_screen
0x540F                          T21:
                                	;[89]             if k=3 then print at screenpos(10,8),BG31 + CS_BLUE
                                	SRCFILE "pirtoII.bas",89
540F   0280 0112                	MVI var_K,R0
5411   0378 0003                	CMPI #3,R0
5413   020C 000B                	BNE T22
5415   02B8 02AA                	MVII #682,R0
5417   0240 0346                	MVO R0,_screen
5419   02B8 08F9                	MVII #2297,R0
541B   0284 0346                	MVI _screen,R4
541D   0260                     	MVO@ R0,R4
541E   0244 0346                	MVO R4,_screen
0x5420                          T22:
                                	;[90]             k=k+1:#cnt=#cnt+1
                                	SRCFILE "pirtoII.bas",90
5420   0280 0112                	MVI var_K,R0
5422   0008                     	INCR R0
5423   0240 0112                	MVO R0,var_K
5425   0280 0309                	MVI var_&CNT,R0
5427   0008                     	INCR R0
5428   0240 0309                	MVO R0,var_&CNT
                                	;[91]             if k>3 then k=0   
                                	SRCFILE "pirtoII.bas",91
542A   0280 0112                	MVI var_K,R0
542C   0378 0003                	CMPI #3,R0
542E   0206 0003                	BLE T23
5430   01C0                     	CLRR R0
5431   0240 0112                	MVO R0,var_K
0x5433                          T23:
                                	;[92]         wend
                                	SRCFILE "pirtoII.bas",92
5433   0220 00B1                	B T17
0x5435                          T18:
                                	;[93]         
                                	SRCFILE "pirtoII.bas",93
                                	;[94]         poke(joyck),0
                                	SRCFILE "pirtoII.bas",94
5435   01C0                     	CLRR R0
5436   0240 8119                	MVO R0,33049
                                	;[95]         poke (joy),0  
                                	SRCFILE "pirtoII.bas",95
5438   0240 8889                	MVO R0,34953
                                	;[96]         goto avanti
                                	SRCFILE "pirtoII.bas",96
543A   0220 01B9                	B label_AVANTI
                                	;[97]     end if    
                                	SRCFILE "pirtoII.bas",97
0x543C                          T15:
                                	;[98] 
                                	SRCFILE "pirtoII.bas",98
                                	;[99]     if cont.down and (curriga<lastriga) then
                                	SRCFILE "pirtoII.bas",99
543C   0280 01FE                	MVI 510,R0
543E   03C0 01FF                	XOR 511,R0
5440   03B8 0001                	ANDI #1,R0
5442   0281 010E                	MVI var_CURRIGA,R1
5444   0341 0113                	CMP var_LASTRIGA,R1
5446   02B9 FFFF                	MVII #65535,R1
5448   0205 0001                	BLT T25
544A   0009                     	INCR R1
0x544B                          T25:
544B   0188                     	ANDR R1,R0
544C   0204 0028                	BEQ T24
                                	;[100]        curriga=curriga+1 ' giù
                                	SRCFILE "pirtoII.bas",100
544E   0280 010E                	MVI var_CURRIGA,R0
5450   0008                     	INCR R0
5451   0240 010E                	MVO R0,var_CURRIGA
                                	;[101]        sound 0,140,15
                                	SRCFILE "pirtoII.bas",101
5453   02B8 008C                	MVII #140,R0
5455   0240 01F0                	MVO R0,496
5457   0040                     	SWAP R0
5458   0240 01F4                	MVO R0,500
545A   02B8 000F                	MVII #15,R0
545C   0240 01FB                	MVO R0,507
                                	;[102]        for p=0 to 9:next p
                                	SRCFILE "pirtoII.bas",102
545E   01C0                     	CLRR R0
545F   0240 0114                	MVO R0,var_P
0x5461                          T26:
5461   0280 0114                	MVI var_P,R0
5463   0008                     	INCR R0
5464   0240 0114                	MVO R0,var_P
5466   0378 0009                	CMPI #9,R0
5468   0226 0008                	BLE T26
                                	;[103]        wait
                                	SRCFILE "pirtoII.bas",103
546A   0004 015C 002D           	CALL _wait
                                	;[104]        sound 0,0,0 
                                	SRCFILE "pirtoII.bas",104
546D   01C0                     	CLRR R0
546E   0240 01F0                	MVO R0,496
5470   0040                     	SWAP R0
5471   0240 01F4                	MVO R0,500
5473   01C0                     	CLRR R0
5474   0240 01FB                	MVO R0,507
                                	;[105]     end if
                                	SRCFILE "pirtoII.bas",105
0x5476                          T24:
                                	;[106]     
                                	SRCFILE "pirtoII.bas",106
                                	;[107]     if cont.up and curriga>0 then 
                                	SRCFILE "pirtoII.bas",107
5476   0280 01FE                	MVI 510,R0
5478   03C0 01FF                	XOR 511,R0
547A   03B8 0004                	ANDI #4,R0
547C   0281 010E                	MVI var_CURRIGA,R1
547E   0379 0000                	CMPI #0,R1
5480   02B9 FFFF                	MVII #65535,R1
5482   020E 0001                	BGT T28
5484   0009                     	INCR R1
0x5485                          T28:
5485   0188                     	ANDR R1,R0
5486   0204 0028                	BEQ T27
                                	;[108]        curriga=curriga-1 ' su
                                	SRCFILE "pirtoII.bas",108
5488   0280 010E                	MVI var_CURRIGA,R0
548A   0010                     	DECR R0
548B   0240 010E                	MVO R0,var_CURRIGA
                                	;[109]        sound 0,140,15
                                	SRCFILE "pirtoII.bas",109
548D   02B8 008C                	MVII #140,R0
548F   0240 01F0                	MVO R0,496
5491   0040                     	SWAP R0
5492   0240 01F4                	MVO R0,500
5494   02B8 000F                	MVII #15,R0
5496   0240 01FB                	MVO R0,507
                                	;[110]        for p=0 to 9:next p
                                	SRCFILE "pirtoII.bas",110
5498   01C0                     	CLRR R0
5499   0240 0114                	MVO R0,var_P
0x549B                          T29:
549B   0280 0114                	MVI var_P,R0
549D   0008                     	INCR R0
549E   0240 0114                	MVO R0,var_P
54A0   0378 0009                	CMPI #9,R0
54A2   0226 0008                	BLE T29
                                	;[111]        wait
                                	SRCFILE "pirtoII.bas",111
54A4   0004 015C 002D           	CALL _wait
                                	;[112]        sound 0,0,0 
                                	SRCFILE "pirtoII.bas",112
54A7   01C0                     	CLRR R0
54A8   0240 01F0                	MVO R0,496
54AA   0040                     	SWAP R0
54AB   0240 01F4                	MVO R0,500
54AD   01C0                     	CLRR R0
54AE   0240 01FB                	MVO R0,507
                                	;[113]     end if
                                	SRCFILE "pirtoII.bas",113
0x54B0                          T27:
                                	;[114]     if cont.right then 
                                	SRCFILE "pirtoII.bas",114
54B0   0280 01FE                	MVI 510,R0
54B2   03C0 01FF                	XOR 511,R0
54B4   03B8 0002                	ANDI #2,R0
54B6   0204 00FA                	BEQ T30
                                	;[115]         sound 0,140,15
                                	SRCFILE "pirtoII.bas",115
54B8   02B8 008C                	MVII #140,R0
54BA   0240 01F0                	MVO R0,496
54BC   0040                     	SWAP R0
54BD   0240 01F4                	MVO R0,500
54BF   02B8 000F                	MVII #15,R0
54C1   0240 01FB                	MVO R0,507
                                	;[116]         sound 0,0,0 
                                	SRCFILE "pirtoII.bas",116
54C3   01C0                     	CLRR R0
54C4   0240 01F0                	MVO R0,496
54C6   0040                     	SWAP R0
54C7   0240 01F4                	MVO R0,500
54C9   01C0                     	CLRR R0
54CA   0240 01FB                	MVO R0,507
                                	;[117]         k=0:#cnt=0
                                	SRCFILE "pirtoII.bas",117
54CC   0240 0112                	MVO R0,var_K
54CE   0034                     	NOP
54CF   0240 0309                	MVO R0,var_&CNT
                                	;[118]         cls
                                	SRCFILE "pirtoII.bas",118
54D1   0004 0150 0014           	CALL CLRSCR
                                	;[119]         print at screenpos(3,2) color CS_TAN,"Loading next page" ' root
                                	SRCFILE "pirtoII.bas",119
54D4   02B8 022B                	MVII #555,R0
54D6   0240 0346                	MVO R0,_screen
54D8   02B8 0003                	MVII #3,R0
54DA   0240 0347                	MVO R0,_color
54DC   0284 0346                	MVI _screen,R4
54DE   02B8 0160                	MVII #352,R0
54E0   03C0 0347                	XOR _color,R0
54E2   0260                     	MVO@ R0,R4
54E3   03F8 0318                	XORI #792,R0
54E5   0260                     	MVO@ R0,R4
54E6   03F8 0070                	XORI #112,R0
54E8   0260                     	MVO@ R0,R4
54E9   03F8 0028                	XORI #40,R0
54EB   0260                     	MVO@ R0,R4
54EC   03F8 0068                	XORI #104,R0
54EE   0260                     	MVO@ R0,R4
54EF   03F8 0038                	XORI #56,R0
54F1   0260                     	MVO@ R0,R4
54F2   03F8 0048                	XORI #72,R0
54F4   0260                     	MVO@ R0,R4
54F5   03F8 0238                	XORI #568,R0
54F7   0260                     	MVO@ R0,R4
54F8   03F8 0270                	XORI #624,R0
54FA   0260                     	MVO@ R0,R4
54FB   03F8 0058                	XORI #88,R0
54FD   0260                     	MVO@ R0,R4
54FE   03F8 00E8                	XORI #232,R0
5500   0260                     	MVO@ R0,R4
5501   03F8 0060                	XORI #96,R0
5503   0260                     	MVO@ R0,R4
5504   03F8 02A0                	XORI #672,R0
5506   0260                     	MVO@ R0,R4
5507   03F8 0280                	XORI #640,R0
5509   0260                     	MVO@ R0,R4
550A   03F8 0088                	XORI #136,R0
550C   0260                     	MVO@ R0,R4
550D   03F8 0030                	XORI #48,R0
550F   0260                     	MVO@ R0,R4
5510   03F8 0010                	XORI #16,R0
5512   0260                     	MVO@ R0,R4
5513   0244 0346                	MVO R4,_screen
                                	;[120]         print at screenpos(3,5),"Please wait..."
                                	SRCFILE "pirtoII.bas",120
5515   02B8 0267                	MVII #615,R0
5517   0240 0346                	MVO R0,_screen
5519   0084                     	MOVR R0,R4
551A   02B8 0180                	MVII #384,R0
551C   03C0 0347                	XOR _color,R0
551E   0260                     	MVO@ R0,R4
551F   03F8 03E0                	XORI #992,R0
5521   0260                     	MVO@ R0,R4
5522   03F8 0048                	XORI #72,R0
5524   0260                     	MVO@ R0,R4
5525   03F8 0020                	XORI #32,R0
5527   0260                     	MVO@ R0,R4
5528   03F8 0090                	XORI #144,R0
552A   0260                     	MVO@ R0,R4
552B   03F8 00B0                	XORI #176,R0
552D   0260                     	MVO@ R0,R4
552E   03F8 0228                	XORI #552,R0
5530   0260                     	MVO@ R0,R4
5531   03F8 02B8                	XORI #696,R0
5533   0260                     	MVO@ R0,R4
5534   03F8 00B0                	XORI #176,R0
5536   0260                     	MVO@ R0,R4
5537   03F8 0040                	XORI #64,R0
5539   0260                     	MVO@ R0,R4
553A   03F8 00E8                	XORI #232,R0
553C   0260                     	MVO@ R0,R4
553D   03F8 02D0                	XORI #720,R0
553F   0260                     	MVO@ R0,R4
5540   0260                     	MVO@ R0,R4
5541   0260                     	MVO@ R0,R4
5542   0034                     	NOP
5543   0244 0346                	MVO R4,_screen
                                	;[121]         poke (joy),3
                                	SRCFILE "pirtoII.bas",121
5545   02B8 0003                	MVII #3,R0
5547   0240 8889                	MVO R0,34953
                                	;[122]         while peek(joyck)<>1 'and #cnt<500 ' 0x119
                                	SRCFILE "pirtoII.bas",122
0x5549                          T31:
5549   0280 8119                	MVI 33049,R0
554B   0378 0001                	CMPI #1,R0
554D   0204 005C                	BEQ T32
                                	;[123]             if k=0 then print at screenpos(10,8),BG28 + CS_BLUE
                                	SRCFILE "pirtoII.bas",123
554F   0280 0112                	MVI var_K,R0
5551   0080                     	TSTR R0
5552   020C 000B                	BNE T33
5554   02B8 02AA                	MVII #682,R0
5556   0240 0346                	MVO R0,_screen
5558   02B8 08E1                	MVII #2273,R0
555A   0284 0346                	MVI _screen,R4
555C   0260                     	MVO@ R0,R4
555D   0244 0346                	MVO R4,_screen
0x555F                          T33:
                                	;[124]             if k=1 then print at screenpos(10,8),BG29 + CS_BLUE
                                	SRCFILE "pirtoII.bas",124
555F   0280 0112                	MVI var_K,R0
5561   0378 0001                	CMPI #1,R0
5563   020C 000B                	BNE T34
5565   02B8 02AA                	MVII #682,R0
5567   0240 0346                	MVO R0,_screen
5569   02B8 08E9                	MVII #2281,R0
556B   0284 0346                	MVI _screen,R4
556D   0260                     	MVO@ R0,R4
556E   0244 0346                	MVO R4,_screen
0x5570                          T34:
                                	;[125]             if k=2 then print at screenpos(10,8),BG30 + CS_BLUE
                                	SRCFILE "pirtoII.bas",125
5570   0280 0112                	MVI var_K,R0
5572   0378 0002                	CMPI #2,R0
5574   020C 000B                	BNE T35
5576   02B8 02AA                	MVII #682,R0
5578   0240 0346                	MVO R0,_screen
557A   02B8 08F1                	MVII #2289,R0
557C   0284 0346                	MVI _screen,R4
557E   0260                     	MVO@ R0,R4
557F   0244 0346                	MVO R4,_screen
0x5581                          T35:
                                	;[126]             if k=3 then print at screenpos(10,8),BG31 + CS_BLUE    
                                	SRCFILE "pirtoII.bas",126
5581   0280 0112                	MVI var_K,R0
5583   0378 0003                	CMPI #3,R0
5585   020C 000B                	BNE T36
5587   02B8 02AA                	MVII #682,R0
5589   0240 0346                	MVO R0,_screen
558B   02B8 08F9                	MVII #2297,R0
558D   0284 0346                	MVI _screen,R4
558F   0260                     	MVO@ R0,R4
5590   0244 0346                	MVO R4,_screen
0x5592                          T36:
                                	;[127]             k=k+1:#cnt=#cnt+1
                                	SRCFILE "pirtoII.bas",127
5592   0280 0112                	MVI var_K,R0
5594   0008                     	INCR R0
5595   0240 0112                	MVO R0,var_K
5597   0280 0309                	MVI var_&CNT,R0
5599   0008                     	INCR R0
559A   0240 0309                	MVO R0,var_&CNT
                                	;[128]             if k>3 then k=0
                                	SRCFILE "pirtoII.bas",128
559C   0280 0112                	MVI var_K,R0
559E   0378 0003                	CMPI #3,R0
55A0   0206 0003                	BLE T37
55A2   01C0                     	CLRR R0
55A3   0240 0112                	MVO R0,var_K
0x55A5                          T37:
                                	;[129]             poke(joy),3
                                	SRCFILE "pirtoII.bas",129
55A5   02B8 0003                	MVII #3,R0
55A7   0240 8889                	MVO R0,34953
                                	;[130]         wend
                                	SRCFILE "pirtoII.bas",130
55A9   0220 0061                	B T31
0x55AB                          T32:
                                	;[131]         poke(joyck),0 '0x119
                                	SRCFILE "pirtoII.bas",131
55AB   01C0                     	CLRR R0
55AC   0240 8119                	MVO R0,33049
                                	;[132]         poke (joy),0
                                	SRCFILE "pirtoII.bas",132
55AE   0240 8889                	MVO R0,34953
                                	;[133]         goto avanti
                                	SRCFILE "pirtoII.bas",133
55B0   0220 032F                	B label_AVANTI
                                	;[134]     end if
                                	SRCFILE "pirtoII.bas",134
0x55B2                          T30:
                                	;[135]     if cont.left then 
                                	SRCFILE "pirtoII.bas",135
55B2   0280 01FE                	MVI 510,R0
55B4   03C0 01FF                	XOR 511,R0
55B6   03B8 0008                	ANDI #8,R0
55B8   0204 00EE                	BEQ T38
                                	;[136]         sound 0,120,15
                                	SRCFILE "pirtoII.bas",136
55BA   02B8 0078                	MVII #120,R0
55BC   0240 01F0                	MVO R0,496
55BE   0040                     	SWAP R0
55BF   0240 01F4                	MVO R0,500
55C1   02B8 000F                	MVII #15,R0
55C3   0240 01FB                	MVO R0,507
                                	;[137]         for p=0 to 9:next p
                                	SRCFILE "pirtoII.bas",137
55C5   01C0                     	CLRR R0
55C6   0240 0114                	MVO R0,var_P
0x55C8                          T39:
55C8   0280 0114                	MVI var_P,R0
55CA   0008                     	INCR R0
55CB   0240 0114                	MVO R0,var_P
55CD   0378 0009                	CMPI #9,R0
55CF   0226 0008                	BLE T39
                                	;[138]         wait
                                	SRCFILE "pirtoII.bas",138
55D1   0004 015C 002D           	CALL _wait
                                	;[139]         sound 0,0,0 
                                	SRCFILE "pirtoII.bas",139
55D4   01C0                     	CLRR R0
55D5   0240 01F0                	MVO R0,496
55D7   0040                     	SWAP R0
55D8   0240 01F4                	MVO R0,500
55DA   01C0                     	CLRR R0
55DB   0240 01FB                	MVO R0,507
                                	;[140]         k=0:#cnt=0
                                	SRCFILE "pirtoII.bas",140
55DD   0240 0112                	MVO R0,var_K
55DF   0034                     	NOP
55E0   0240 0309                	MVO R0,var_&CNT
                                	;[141]         cls
                                	SRCFILE "pirtoII.bas",141
55E2   0004 0150 0014           	CALL CLRSCR
                                	;[142]         print at screenpos(3,2) color CS_TAN,"Prev DIR" ' root
                                	SRCFILE "pirtoII.bas",142
55E5   02B8 022B                	MVII #555,R0
55E7   0240 0346                	MVO R0,_screen
55E9   02B8 0003                	MVII #3,R0
55EB   0240 0347                	MVO R0,_color
55ED   0284 0346                	MVI _screen,R4
55EF   02B8 0180                	MVII #384,R0
55F1   03C0 0347                	XOR _color,R0
55F3   0260                     	MVO@ R0,R4
55F4   03F8 0310                	XORI #784,R0
55F6   0260                     	MVO@ R0,R4
55F7   03F8 00B8                	XORI #184,R0
55F9   0260                     	MVO@ R0,R4
55FA   03F8 0098                	XORI #152,R0
55FC   0260                     	MVO@ R0,R4
55FD   03F8 02B0                	XORI #688,R0
55FF   0260                     	MVO@ R0,R4
5600   03F8 0120                	XORI #288,R0
5602   0260                     	MVO@ R0,R4
5603   03F8 0068                	XORI #104,R0
5605   0260                     	MVO@ R0,R4
5606   03F8 00D8                	XORI #216,R0
5608   0260                     	MVO@ R0,R4
5609   0244 0346                	MVO R4,_screen
                                	;[143]         print at screenpos(3,5),"Please wait..."
                                	SRCFILE "pirtoII.bas",143
560B   02B8 0267                	MVII #615,R0
560D   0240 0346                	MVO R0,_screen
560F   0084                     	MOVR R0,R4
5610   02B8 0180                	MVII #384,R0
5612   03C0 0347                	XOR _color,R0
5614   0260                     	MVO@ R0,R4
5615   03F8 03E0                	XORI #992,R0
5617   0260                     	MVO@ R0,R4
5618   03F8 0048                	XORI #72,R0
561A   0260                     	MVO@ R0,R4
561B   03F8 0020                	XORI #32,R0
561D   0260                     	MVO@ R0,R4
561E   03F8 0090                	XORI #144,R0
5620   0260                     	MVO@ R0,R4
5621   03F8 00B0                	XORI #176,R0
5623   0260                     	MVO@ R0,R4
5624   03F8 0228                	XORI #552,R0
5626   0260                     	MVO@ R0,R4
5627   03F8 02B8                	XORI #696,R0
5629   0260                     	MVO@ R0,R4
562A   03F8 00B0                	XORI #176,R0
562C   0260                     	MVO@ R0,R4
562D   03F8 0040                	XORI #64,R0
562F   0260                     	MVO@ R0,R4
5630   03F8 00E8                	XORI #232,R0
5632   0260                     	MVO@ R0,R4
5633   03F8 02D0                	XORI #720,R0
5635   0260                     	MVO@ R0,R4
5636   0260                     	MVO@ R0,R4
5637   0260                     	MVO@ R0,R4
5638   0034                     	NOP
5639   0244 0346                	MVO R4,_screen
                                	;[144]         poke(joy),4
                                	SRCFILE "pirtoII.bas",144
563B   02B8 0004                	MVII #4,R0
563D   0240 8889                	MVO R0,34953
                                	;[145]         while peek(joyck)<>1 'and #cnt<500 ' 0x119
                                	SRCFILE "pirtoII.bas",145
0x563F                          T40:
563F   0280 8119                	MVI 33049,R0
5641   0378 0001                	CMPI #1,R0
5643   0204 005C                	BEQ T41
                                	;[146]             if k=0 then print at screenpos(10,8),BG28 + CS_BLUE
                                	SRCFILE "pirtoII.bas",146
5645   0280 0112                	MVI var_K,R0
5647   0080                     	TSTR R0
5648   020C 000B                	BNE T42
564A   02B8 02AA                	MVII #682,R0
564C   0240 0346                	MVO R0,_screen
564E   02B8 08E1                	MVII #2273,R0
5650   0284 0346                	MVI _screen,R4
5652   0260                     	MVO@ R0,R4
5653   0244 0346                	MVO R4,_screen
0x5655                          T42:
                                	;[147]             if k=1 then print at screenpos(10,8),BG29 + CS_BLUE
                                	SRCFILE "pirtoII.bas",147
5655   0280 0112                	MVI var_K,R0
5657   0378 0001                	CMPI #1,R0
5659   020C 000B                	BNE T43
565B   02B8 02AA                	MVII #682,R0
565D   0240 0346                	MVO R0,_screen
565F   02B8 08E9                	MVII #2281,R0
5661   0284 0346                	MVI _screen,R4
5663   0260                     	MVO@ R0,R4
5664   0244 0346                	MVO R4,_screen
0x5666                          T43:
                                	;[148]             if k=2 then print at screenpos(10,8),BG30 + CS_BLUE
                                	SRCFILE "pirtoII.bas",148
5666   0280 0112                	MVI var_K,R0
5668   0378 0002                	CMPI #2,R0
566A   020C 000B                	BNE T44
566C   02B8 02AA                	MVII #682,R0
566E   0240 0346                	MVO R0,_screen
5670   02B8 08F1                	MVII #2289,R0
5672   0284 0346                	MVI _screen,R4
5674   0260                     	MVO@ R0,R4
5675   0244 0346                	MVO R4,_screen
0x5677                          T44:
                                	;[149]             if k=3 then print at screenpos(10,8),BG31 + CS_BLUE
                                	SRCFILE "pirtoII.bas",149
5677   0280 0112                	MVI var_K,R0
5679   0378 0003                	CMPI #3,R0
567B   020C 000B                	BNE T45
567D   02B8 02AA                	MVII #682,R0
567F   0240 0346                	MVO R0,_screen
5681   02B8 08F9                	MVII #2297,R0
5683   0284 0346                	MVI _screen,R4
5685   0260                     	MVO@ R0,R4
5686   0244 0346                	MVO R4,_screen
0x5688                          T45:
                                	;[150]             k=k+1:#cnt=#cnt+1
                                	SRCFILE "pirtoII.bas",150
5688   0280 0112                	MVI var_K,R0
568A   0008                     	INCR R0
568B   0240 0112                	MVO R0,var_K
568D   0280 0309                	MVI var_&CNT,R0
568F   0008                     	INCR R0
5690   0240 0309                	MVO R0,var_&CNT
                                	;[151]             if k>3 then k=0
                                	SRCFILE "pirtoII.bas",151
5692   0280 0112                	MVI var_K,R0
5694   0378 0003                	CMPI #3,R0
5696   0206 0003                	BLE T46
5698   01C0                     	CLRR R0
5699   0240 0112                	MVO R0,var_K
0x569B                          T46:
                                	;[152]             poke(joy),4
                                	SRCFILE "pirtoII.bas",152
569B   02B8 0004                	MVII #4,R0
569D   0240 8889                	MVO R0,34953
                                	;[153]         wend
                                	SRCFILE "pirtoII.bas",153
569F   0220 0061                	B T40
0x56A1                          T41:
                                	;[154]         poke(joyck),0
                                	SRCFILE "pirtoII.bas",154
56A1   01C0                     	CLRR R0
56A2   0240 8119                	MVO R0,33049
                                	;[155]         poke (joy),0  
                                	SRCFILE "pirtoII.bas",155
56A4   0240 8889                	MVO R0,34953
                                	;[156]         goto avanti
                                	SRCFILE "pirtoII.bas",156
56A6   0220 0425                	B label_AVANTI
                                	;[157]     end if
                                	SRCFILE "pirtoII.bas",157
0x56A8                          T38:
                                	;[158] 
                                	SRCFILE "pirtoII.bas",158
                                	;[159] 
                                	SRCFILE "pirtoII.bas",159
                                	;[160]     goto menu
                                	SRCFILE "pirtoII.bas",160
56A8   0220 0394                	B label_MENU
                                	;[161]    
                                	SRCFILE "pirtoII.bas",161
                                	;[162] select:
                                	SRCFILE "pirtoII.bas",162
                                	; SELECT
0x56AA                          label_SELECT:	;[163]     k=0
                                	SRCFILE "pirtoII.bas",163
56AA   01C0                     	CLRR R0
56AB   0240 0112                	MVO R0,var_K
                                	;[164]     CLS
                                	SRCFILE "pirtoII.bas",164
56AD   0004 0150 0014           	CALL CLRSCR
                                	;[165]     print at screenpos(3,2) color CS_TAN," LOADING" ' root
                                	SRCFILE "pirtoII.bas",165
56B0   02B8 022B                	MVII #555,R0
56B2   0240 0346                	MVO R0,_screen
56B4   02B8 0003                	MVII #3,R0
56B6   0240 0347                	MVO R0,_color
56B8   0284 0346                	MVI _screen,R4
56BA   0260                     	MVO@ R0,R4
56BB   03F8 0160                	XORI #352,R0
56BD   0260                     	MVO@ R0,R4
56BE   03F8 0018                	XORI #24,R0
56C0   0260                     	MVO@ R0,R4
56C1   03F8 0070                	XORI #112,R0
56C3   0260                     	MVO@ R0,R4
56C4   03F8 0028                	XORI #40,R0
56C6   0260                     	MVO@ R0,R4
56C7   03F8 0068                	XORI #104,R0
56C9   0260                     	MVO@ R0,R4
56CA   03F8 0038                	XORI #56,R0
56CC   0260                     	MVO@ R0,R4
56CD   03F8 0048                	XORI #72,R0
56CF   0260                     	MVO@ R0,R4
56D0   0244 0346                	MVO R4,_screen
                                	;[166]     print at screenpos(3,5),"PLEASE WAIT..."
                                	SRCFILE "pirtoII.bas",166
56D2   02B8 0267                	MVII #615,R0
56D4   0240 0346                	MVO R0,_screen
56D6   0084                     	MOVR R0,R4
56D7   02B8 0180                	MVII #384,R0
56D9   03C0 0347                	XOR _color,R0
56DB   0260                     	MVO@ R0,R4
56DC   03F8 00E0                	XORI #224,R0
56DE   0260                     	MVO@ R0,R4
56DF   03F8 0048                	XORI #72,R0
56E1   0260                     	MVO@ R0,R4
56E2   03F8 0020                	XORI #32,R0
56E4   0260                     	MVO@ R0,R4
56E5   03F8 0090                	XORI #144,R0
56E7   0260                     	MVO@ R0,R4
56E8   03F8 00B0                	XORI #176,R0
56EA   0260                     	MVO@ R0,R4
56EB   03F8 0128                	XORI #296,R0
56ED   0260                     	MVO@ R0,R4
56EE   03F8 01B8                	XORI #440,R0
56F0   0260                     	MVO@ R0,R4
56F1   03F8 00B0                	XORI #176,R0
56F3   0260                     	MVO@ R0,R4
56F4   03F8 0040                	XORI #64,R0
56F6   0260                     	MVO@ R0,R4
56F7   03F8 00E8                	XORI #232,R0
56F9   0260                     	MVO@ R0,R4
56FA   03F8 01D0                	XORI #464,R0
56FC   0260                     	MVO@ R0,R4
56FD   0260                     	MVO@ R0,R4
56FE   0260                     	MVO@ R0,R4
56FF   0034                     	NOP
5700   0244 0346                	MVO R4,_screen
                                	;[167]     'print at screenpos(3,6),<1>tipo(curriga)
                                	SRCFILE "pirtoII.bas",167
                                	;[168]     
                                	SRCFILE "pirtoII.bas",168
                                	;[169]     poke(riga),curriga+1      
                                	SRCFILE "pirtoII.bas",169
5702   0280 010E                	MVI var_CURRIGA,R0
5704   0008                     	INCR R0
5705   0240 8899                	MVO R0,34969
                                	;[170]     poke(joy),2
                                	SRCFILE "pirtoII.bas",170
5707   02B8 0002                	MVII #2,R0
5709   0240 8889                	MVO R0,34953
                                	;[171] 'poivia ---------------------------------------------------
                                	SRCFILE "pirtoII.bas",171
                                	;[172]     if peek(debug)>1 then gosub debug
                                	SRCFILE "pirtoII.bas",172
570B   0280 8163                	MVI 33123,R0
570D   0378 0001                	CMPI #1,R0
570F   0206 0003                	BLE T47
5711   0004 0158 0176           	CALL label_DEBUG
0x5714                          T47:
                                	;[173] 
                                	SRCFILE "pirtoII.bas",173
                                	;[174]     while peek(joyck)<>1 and #cnt<500' 0x119
                                	SRCFILE "pirtoII.bas",174
0x5714                          T48:
5714   0280 8119                	MVI 33049,R0
5716   0378 0001                	CMPI #1,R0
5718   02B8 FFFF                	MVII #65535,R0
571A   020C 0001                	BNE T50
571C   0008                     	INCR R0
0x571D                          T50:
571D   0281 0309                	MVI var_&CNT,R1
571F   0379 01F4                	CMPI #500,R1
5721   02B9 FFFF                	MVII #65535,R1
5723   0205 0001                	BLT T51
5725   0009                     	INCR R1
0x5726                          T51:
5726   0188                     	ANDR R1,R0
5727   0204 0058                	BEQ T49
                                	;[175]         if k=0 then print at screenpos(10,8),BG28 + CS_BLUE
                                	SRCFILE "pirtoII.bas",175
5729   0280 0112                	MVI var_K,R0
572B   0080                     	TSTR R0
572C   020C 000B                	BNE T52
572E   02B8 02AA                	MVII #682,R0
5730   0240 0346                	MVO R0,_screen
5732   02B8 08E1                	MVII #2273,R0
5734   0284 0346                	MVI _screen,R4
5736   0260                     	MVO@ R0,R4
5737   0244 0346                	MVO R4,_screen
0x5739                          T52:
                                	;[176]         if k=1 then print at screenpos(10,8),BG29 + CS_BLUE
                                	SRCFILE "pirtoII.bas",176
5739   0280 0112                	MVI var_K,R0
573B   0378 0001                	CMPI #1,R0
573D   020C 000B                	BNE T53
573F   02B8 02AA                	MVII #682,R0
5741   0240 0346                	MVO R0,_screen
5743   02B8 08E9                	MVII #2281,R0
5745   0284 0346                	MVI _screen,R4
5747   0260                     	MVO@ R0,R4
5748   0244 0346                	MVO R4,_screen
0x574A                          T53:
                                	;[177]         if k=2 then print at screenpos(10,8),BG30 + CS_BLUE
                                	SRCFILE "pirtoII.bas",177
574A   0280 0112                	MVI var_K,R0
574C   0378 0002                	CMPI #2,R0
574E   020C 000B                	BNE T54
5750   02B8 02AA                	MVII #682,R0
5752   0240 0346                	MVO R0,_screen
5754   02B8 08F1                	MVII #2289,R0
5756   0284 0346                	MVI _screen,R4
5758   0260                     	MVO@ R0,R4
5759   0244 0346                	MVO R4,_screen
0x575B                          T54:
                                	;[178]         if k=3 then print at screenpos(10,8),BG31 + CS_BLUE
                                	SRCFILE "pirtoII.bas",178
575B   0280 0112                	MVI var_K,R0
575D   0378 0003                	CMPI #3,R0
575F   020C 000B                	BNE T55
5761   02B8 02AA                	MVII #682,R0
5763   0240 0346                	MVO R0,_screen
5765   02B8 08F9                	MVII #2297,R0
5767   0284 0346                	MVI _screen,R4
5769   0260                     	MVO@ R0,R4
576A   0244 0346                	MVO R4,_screen
0x576C                          T55:
                                	;[179]     
                                	SRCFILE "pirtoII.bas",179
                                	;[180]         k=k+1:#cnt=#cnt+1
                                	SRCFILE "pirtoII.bas",180
576C   0280 0112                	MVI var_K,R0
576E   0008                     	INCR R0
576F   0240 0112                	MVO R0,var_K
5771   0280 0309                	MVI var_&CNT,R0
5773   0008                     	INCR R0
5774   0240 0309                	MVO R0,var_&CNT
                                	;[181]         if k>3 then k=0
                                	SRCFILE "pirtoII.bas",181
5776   0280 0112                	MVI var_K,R0
5778   0378 0003                	CMPI #3,R0
577A   0206 0003                	BLE T56
577C   01C0                     	CLRR R0
577D   0240 0112                	MVO R0,var_K
0x577F                          T56:
                                	;[182]  
                                	SRCFILE "pirtoII.bas",182
                                	;[183]     wend
                                	SRCFILE "pirtoII.bas",183
577F   0220 006C                	B T48
0x5781                          T49:
                                	;[184]     poke(joyck),0
                                	SRCFILE "pirtoII.bas",184
5781   01C0                     	CLRR R0
5782   0240 8119                	MVO R0,33049
                                	;[185]     poke (joy),0  
                                	SRCFILE "pirtoII.bas",185
5784   0240 8889                	MVO R0,34953
                                	;[186]     if tipo(curriga)=2 then goto avanti ' directory
                                	SRCFILE "pirtoII.bas",186
5786   02BB 0115                	MVII #array_TIPO,R3
5788   02C3 010E                	ADD var_CURRIGA,R3
578A   0298                     	MVI@ R3,R0
578B   0378 0002                	CMPI #2,R0
578D   0224 050C                	BEQ label_AVANTI
                                	;[187]     'goto avanti    
                                	SRCFILE "pirtoII.bas",187
                                	;[188] ' sennò è Gioco
                                	SRCFILE "pirtoII.bas",188
                                	;[189]     cls
                                	SRCFILE "pirtoII.bas",189
578F   0004 0150 0014           	CALL CLRSCR
                                	;[190]     print at screenpos(3,2) color CS_TAN," LOADING GAME" ' root
                                	SRCFILE "pirtoII.bas",190
5792   02B8 022B                	MVII #555,R0
5794   0240 0346                	MVO R0,_screen
5796   02B8 0003                	MVII #3,R0
5798   0240 0347                	MVO R0,_color
579A   0284 0346                	MVI _screen,R4
579C   0260                     	MVO@ R0,R4
579D   03F8 0160                	XORI #352,R0
579F   0260                     	MVO@ R0,R4
57A0   03F8 0018                	XORI #24,R0
57A2   0260                     	MVO@ R0,R4
57A3   03F8 0070                	XORI #112,R0
57A5   0260                     	MVO@ R0,R4
57A6   03F8 0028                	XORI #40,R0
57A8   0260                     	MVO@ R0,R4
57A9   03F8 0068                	XORI #104,R0
57AB   0260                     	MVO@ R0,R4
57AC   03F8 0038                	XORI #56,R0
57AE   0260                     	MVO@ R0,R4
57AF   03F8 0048                	XORI #72,R0
57B1   0260                     	MVO@ R0,R4
57B2   03F8 0138                	XORI #312,R0
57B4   0260                     	MVO@ R0,R4
57B5   03F8 0138                	XORI #312,R0
57B7   0260                     	MVO@ R0,R4
57B8   03F8 0030                	XORI #48,R0
57BA   0260                     	MVO@ R0,R4
57BB   03F8 0060                	XORI #96,R0
57BD   0260                     	MVO@ R0,R4
57BE   03F8 0040                	XORI #64,R0
57C0   0260                     	MVO@ R0,R4
57C1   0244 0346                	MVO R4,_screen
                                	;[191]     print at screenpos(3,5),"PLEASE WAIT..."
                                	SRCFILE "pirtoII.bas",191
57C3   02B8 0267                	MVII #615,R0
57C5   0240 0346                	MVO R0,_screen
57C7   0084                     	MOVR R0,R4
57C8   02B8 0180                	MVII #384,R0
57CA   03C0 0347                	XOR _color,R0
57CC   0260                     	MVO@ R0,R4
57CD   03F8 00E0                	XORI #224,R0
57CF   0260                     	MVO@ R0,R4
57D0   03F8 0048                	XORI #72,R0
57D2   0260                     	MVO@ R0,R4
57D3   03F8 0020                	XORI #32,R0
57D5   0260                     	MVO@ R0,R4
57D6   03F8 0090                	XORI #144,R0
57D8   0260                     	MVO@ R0,R4
57D9   03F8 00B0                	XORI #176,R0
57DB   0260                     	MVO@ R0,R4
57DC   03F8 0128                	XORI #296,R0
57DE   0260                     	MVO@ R0,R4
57DF   03F8 01B8                	XORI #440,R0
57E1   0260                     	MVO@ R0,R4
57E2   03F8 00B0                	XORI #176,R0
57E4   0260                     	MVO@ R0,R4
57E5   03F8 0040                	XORI #64,R0
57E7   0260                     	MVO@ R0,R4
57E8   03F8 00E8                	XORI #232,R0
57EA   0260                     	MVO@ R0,R4
57EB   03F8 01D0                	XORI #464,R0
57ED   0260                     	MVO@ R0,R4
57EE   0260                     	MVO@ R0,R4
57EF   0260                     	MVO@ R0,R4
57F0   0034                     	NOP
57F1   0244 0346                	MVO R4,_screen
                                	;[192]     print at screenpos(3,6),<1>tipo(curriga)
                                	SRCFILE "pirtoII.bas",192
57F3   02B8 027B                	MVII #635,R0
57F5   0240 0346                	MVO R0,_screen
57F7   02BB 0115                	MVII #array_TIPO,R3
57F9   02C3 010E                	ADD var_CURRIGA,R3
57FB   0298                     	MVI@ R3,R0
57FC   02BA 0001                	MVII #1,R2
57FE   0283 0347                	MVI _color,R3
5800   0284 0346                	MVI _screen,R4
5802   0004 015C 0145           	CALL PRNUM16.z
5805   0244 0346                	MVO R4,_screen
                                	;[193] 
                                	SRCFILE "pirtoII.bas",193
                                	;[194] fine:
                                	SRCFILE "pirtoII.bas",194
                                	; FINE
0x5807                          label_FINE:	;[195]     goto fine
                                	SRCFILE "pirtoII.bas",195
5807   0220 0001                	B label_FINE
                                	;[196] 
                                	SRCFILE "pirtoII.bas",196
                                	;[197] leggimenu: PROCEDURE
                                	SRCFILE "pirtoII.bas",197
                                	; LEGGIMENU
0x5809                          label_LEGGIMENU:	PROC
5809   0275                     	BEGIN
                                	;[198]     lastriga=0
                                	SRCFILE "pirtoII.bas",198
580A   01C0                     	CLRR R0
580B   0240 0113                	MVO R0,var_LASTRIGA
                                	;[199]     emptylines=0
                                	SRCFILE "pirtoII.bas",199
580D   0240 010F                	MVO R0,var_EMPTYLINES
                                	;[200]     for j=0 to 9
                                	SRCFILE "pirtoII.bas",200
580F   0034                     	NOP
5810   0240 0111                	MVO R0,var_J
0x5812                          T58:
                                	;[201]         lastriga=lastriga+1
                                	SRCFILE "pirtoII.bas",201
5812   0280 0113                	MVI var_LASTRIGA,R0
5814   0008                     	INCR R0
5815   0240 0113                	MVO R0,var_LASTRIGA
                                	;[202]         for i=0 to 19
                                	SRCFILE "pirtoII.bas",202
5817   01C0                     	CLRR R0
5818   0240 0110                	MVO R0,var_I
0x581A                          T59:
                                	;[203]          
                                	SRCFILE "pirtoII.bas",203
                                	;[204]             #mem=peek((mfile+i*2)+40*j)
                                	SRCFILE "pirtoII.bas",204
581A   0281 0110                	MVI var_I,R1
581C   0049                     	SLL R1,1
581D   02F9 817F                	ADDI #33151,R1
581F   0282 0111                	MVI var_J,R2
                                ;	MULT R2,R4,40
                                	;
5821   004E                                     SLL     R2,  2
5822   004A                                     SLL     R2,  1
5823   0094                                     MOVR    R2,  R4
5824   004E                                     SLL     R2,  2
5825   00E2                                     ADDR    R4,  R2
5826   00D1                     	ADDR R2,R1
5827   0288                     	MVI@ R1,R0
5828   0240 030A                	MVO R0,var_&MEM
                                	;[205]             if i=0 and #mem=0 then ' empty line
                                	SRCFILE "pirtoII.bas",205
582A   0280 0110                	MVI var_I,R0
582C   0080                     	TSTR R0
582D   02B8 FFFF                	MVII #65535,R0
582F   0204 0001                	BEQ T61
5831   0008                     	INCR R0
0x5832                          T61:
5832   0281 030A                	MVI var_&MEM,R1
5834   0089                     	TSTR R1
5835   02B9 FFFF                	MVII #65535,R1
5837   0204 0001                	BEQ T62
5839   0009                     	INCR R1
0x583A                          T62:
583A   0188                     	ANDR R1,R0
583B   0204 000F                	BEQ T60
                                	;[206]                 #mem=32
                                	SRCFILE "pirtoII.bas",206
583D   02B8 0020                	MVII #32,R0
583F   0240 030A                	MVO R0,var_&MEM
                                	;[207]                 emptylines=emptylines+1
                                	SRCFILE "pirtoII.bas",207
5841   0280 010F                	MVI var_EMPTYLINES,R0
5843   0008                     	INCR R0
5844   0240 010F                	MVO R0,var_EMPTYLINES
                                	;[208]                 tipo(j)=0
                                	SRCFILE "pirtoII.bas",208
5846   01C0                     	CLRR R0
5847   02BB 0115                	MVII #array_TIPO,R3
5849   02C3 0111                	ADD var_J,R3
584B   0258                     	MVO@ R0,R3
                                	;[209]             end if 
                                	SRCFILE "pirtoII.bas",209
0x584C                          T60:
                                	;[210]             if j=curriga then 
                                	SRCFILE "pirtoII.bas",210
584C   0280 0111                	MVI var_J,R0
584E   0340 010E                	CMP var_CURRIGA,R0
5850   020C 003E                	BNE T63
                                	;[211]                 if peek($9000+j)=1 then 
                                	SRCFILE "pirtoII.bas",211
5852   0081                     	MOVR R0,R1
5853   02F9 9000                	ADDI #36864,R1
5855   0288                     	MVI@ R1,R0
5856   0378 0001                	CMPI #1,R0
5858   020C 0009                	BNE T64
                                	;[212]                     tipo(j)=2 'dir
                                	SRCFILE "pirtoII.bas",212
585A   02B8 0002                	MVII #2,R0
585C   02BB 0115                	MVII #array_TIPO,R3
585E   02C3 0111                	ADD var_J,R3
5860   0258                     	MVO@ R0,R3
                                	;[213]                 else
                                	SRCFILE "pirtoII.bas",213
5861   0200 0007                	B T65
0x5863                          T64:
                                	;[214]                     tipo(j)=1 'file
                                	SRCFILE "pirtoII.bas",214
5863   02B8 0001                	MVII #1,R0
5865   02BB 0115                	MVII #array_TIPO,R3
5867   02C3 0111                	ADD var_J,R3
5869   0258                     	MVO@ R0,R3
                                	;[215]                 end if
                                	SRCFILE "pirtoII.bas",215
0x586A                          T65:
                                	;[216]                 if #mem<32 then #mem=32
                                	SRCFILE "pirtoII.bas",216
586A   0280 030A                	MVI var_&MEM,R0
586C   0378 0020                	CMPI #32,R0
586E   020D 0004                	BGE T66
5870   02B8 0020                	MVII #32,R0
5872   0240 030A                	MVO R0,var_&MEM
0x5874                          T66:
                                	;[217]                 PRINT AT screenpos(i,j+1),(#mem-32)*8+CS_YELLOW
                                	SRCFILE "pirtoII.bas",217
5874   0280 0111                	MVI var_J,R0
5876   0008                     	INCR R0
                                ;	MULT R0,R4,20
                                	;
5877   004C                                     SLL     R0,  2
5878   0084                                     MOVR    R0,  R4
5879   004C                                     SLL     R0,  2
587A   00E0                                     ADDR    R4,  R0
587B   02C0 0110                	ADD var_I,R0
587D   02F8 0200                	ADDI #512,R0
587F   0240 0346                	MVO R0,_screen
5881   0280 030A                	MVI var_&MEM,R0
5883   0338 0020                	SUBI #32,R0
5885   004C                     	SLL R0,2
5886   00C0                     	ADDR R0,R0
5887   02F8 0006                	ADDI #6,R0
5889   0284 0346                	MVI _screen,R4
588B   0260                     	MVO@ R0,R4
588C   0244 0346                	MVO R4,_screen
                                	;[218]             else
                                	SRCFILE "pirtoII.bas",218
588E   0200 0060                	B T67
0x5890                          T63:
                                	;[219]                 if peek($9000+j)=1 then
                                	SRCFILE "pirtoII.bas",219
5890   0281 0111                	MVI var_J,R1
5892   02F9 9000                	ADDI #36864,R1
5894   0288                     	MVI@ R1,R0
5895   0378 0001                	CMPI #1,R0
5897   020C 002C                	BNE T68
                                	;[220]                     tipo(j)=2 'dir
                                	SRCFILE "pirtoII.bas",220
5899   02B8 0002                	MVII #2,R0
589B   02BB 0115                	MVII #array_TIPO,R3
589D   02C3 0111                	ADD var_J,R3
589F   0258                     	MVO@ R0,R3
                                	;[221]                     if #mem<32 then #mem=32
                                	SRCFILE "pirtoII.bas",221
58A0   0280 030A                	MVI var_&MEM,R0
58A2   0378 0020                	CMPI #32,R0
58A4   020D 0004                	BGE T69
58A6   02B8 0020                	MVII #32,R0
58A8   0240 030A                	MVO R0,var_&MEM
0x58AA                          T69:
                                	;[222]                     PRINT AT screenpos(i,j+1), (#mem-32)*8+CS_BLUE
                                	SRCFILE "pirtoII.bas",222
58AA   0280 0111                	MVI var_J,R0
58AC   0008                     	INCR R0
                                ;	MULT R0,R4,20
                                	;
58AD   004C                                     SLL     R0,  2
58AE   0084                                     MOVR    R0,  R4
58AF   004C                                     SLL     R0,  2
58B0   00E0                                     ADDR    R4,  R0
58B1   02C0 0110                	ADD var_I,R0
58B3   02F8 0200                	ADDI #512,R0
58B5   0240 0346                	MVO R0,_screen
58B7   0280 030A                	MVI var_&MEM,R0
58B9   0338 0020                	SUBI #32,R0
58BB   004C                     	SLL R0,2
58BC   00C0                     	ADDR R0,R0
58BD   0008                     	INCR R0
58BE   0284 0346                	MVI _screen,R4
58C0   0260                     	MVO@ R0,R4
58C1   0244 0346                	MVO R4,_screen
                                	;[223]                 else
                                	SRCFILE "pirtoII.bas",223
58C3   0200 002B                	B T70
0x58C5                          T68:
                                	;[224]                     tipo(j)=1
                                	SRCFILE "pirtoII.bas",224
58C5   02B8 0001                	MVII #1,R0
58C7   02BB 0115                	MVII #array_TIPO,R3
58C9   02C3 0111                	ADD var_J,R3
58CB   0258                     	MVO@ R0,R3
                                	;[225]                     if #mem<32 then #mem=32
                                	SRCFILE "pirtoII.bas",225
58CC   0280 030A                	MVI var_&MEM,R0
58CE   0378 0020                	CMPI #32,R0
58D0   020D 0004                	BGE T71
58D2   02B8 0020                	MVII #32,R0
58D4   0240 030A                	MVO R0,var_&MEM
0x58D6                          T71:
                                	;[226]                     PRINT AT screenpos(i,j+1), (#mem-32)*8+CS_GREEN
                                	SRCFILE "pirtoII.bas",226
58D6   0280 0111                	MVI var_J,R0
58D8   0008                     	INCR R0
                                ;	MULT R0,R4,20
                                	;
58D9   004C                                     SLL     R0,  2
58DA   0084                                     MOVR    R0,  R4
58DB   004C                                     SLL     R0,  2
58DC   00E0                                     ADDR    R4,  R0
58DD   02C0 0110                	ADD var_I,R0
58DF   02F8 0200                	ADDI #512,R0
58E1   0240 0346                	MVO R0,_screen
58E3   0280 030A                	MVI var_&MEM,R0
58E5   0338 0020                	SUBI #32,R0
58E7   004C                     	SLL R0,2
58E8   00C0                     	ADDR R0,R0
58E9   02F8 0005                	ADDI #5,R0
58EB   0284 0346                	MVI _screen,R4
58ED   0260                     	MVO@ R0,R4
58EE   0244 0346                	MVO R4,_screen
                                	;[227]                 end if  
                                	SRCFILE "pirtoII.bas",227
0x58F0                          T70:
                                	;[228]             end if
                                	SRCFILE "pirtoII.bas",228
0x58F0                          T67:
                                	;[229]          
                                	SRCFILE "pirtoII.bas",229
                                	;[230]         next i
                                	SRCFILE "pirtoII.bas",230
58F0   0280 0110                	MVI var_I,R0
58F2   0008                     	INCR R0
58F3   0240 0110                	MVO R0,var_I
58F5   0378 0013                	CMPI #19,R0
58F7   0226 00DE                	BLE T59
                                	;[231]     next j
                                	SRCFILE "pirtoII.bas",231
58F9   0280 0111                	MVI var_J,R0
58FB   0008                     	INCR R0
58FC   0240 0111                	MVO R0,var_J
58FE   0378 0009                	CMPI #9,R0
5900   0226 00EF                	BLE T58
                                	;[232]     lastriga=lastriga-emptylines-1
                                	SRCFILE "pirtoII.bas",232
5902   0280 0113                	MVI var_LASTRIGA,R0
5904   0300 010F                	SUB var_EMPTYLINES,R0
5906   0010                     	DECR R0
5907   0240 0113                	MVO R0,var_LASTRIGA
                                	;[233] if peek(debug)>0 then
                                	SRCFILE "pirtoII.bas",233
5909   0280 8163                	MVI 33123,R0
590B   0378 0000                	CMPI #0,R0
590D   0206 0066                	BLE T72
                                	;[234]     print at screenpos(0,11),<2>lastriga
                                	SRCFILE "pirtoII.bas",234
590F   02B8 02DC                	MVII #732,R0
5911   0240 0346                	MVO R0,_screen
5913   0280 0113                	MVI var_LASTRIGA,R0
5915   02BA 0002                	MVII #2,R2
5917   0283 0347                	MVI _color,R3
5919   0284 0346                	MVI _screen,R4
591B   0004 015C 0145           	CALL PRNUM16.z
591E   0244 0346                	MVO R4,_screen
                                	;[235]     print at screenpos(17,11),<2>emptylines
                                	SRCFILE "pirtoII.bas",235
5920   02B8 02ED                	MVII #749,R0
5922   0240 0346                	MVO R0,_screen
5924   0280 010F                	MVI var_EMPTYLINES,R0
5926   02BA 0002                	MVII #2,R2
5928   0283 0347                	MVI _color,R3
592A   0284 0346                	MVI _screen,R4
592C   0004 015C 0145           	CALL PRNUM16.z
592F   0244 0346                	MVO R4,_screen
                                	;[236]     print at screenpos(8,11),<2>curriga
                                	SRCFILE "pirtoII.bas",236
5931   02B8 02E4                	MVII #740,R0
5933   0240 0346                	MVO R0,_screen
5935   0280 010E                	MVI var_CURRIGA,R0
5937   02BA 0002                	MVII #2,R2
5939   0283 0347                	MVI _color,R3
593B   0284 0346                	MVI _screen,R4
593D   0004 015C 0145           	CALL PRNUM16.z
5940   0244 0346                	MVO R4,_screen
                                	;[237]     print at screenpos(0,11),<3>peek($8000+$1030)
                                	SRCFILE "pirtoII.bas",237
5942   02B8 02DC                	MVII #732,R0
5944   0240 0346                	MVO R0,_screen
5946   0280 9030                	MVI 36912,R0
5948   02BA 0003                	MVII #3,R2
594A   0283 0347                	MVI _color,R3
594C   0284 0346                	MVI _screen,R4
594E   0004 015C 0145           	CALL PRNUM16.z
5951   0244 0346                	MVO R4,_screen
                                	;[238]     print at screenpos(4,11),<3>peek($8000+$1031)
                                	SRCFILE "pirtoII.bas",238
5953   02B8 02E0                	MVII #736,R0
5955   0240 0346                	MVO R0,_screen
5957   0280 9031                	MVI 36913,R0
5959   02BA 0003                	MVII #3,R2
595B   0283 0347                	MVI _color,R3
595D   0284 0346                	MVI _screen,R4
595F   0004 015C 0145           	CALL PRNUM16.z
5962   0244 0346                	MVO R4,_screen
                                	;[239]     print at screenpos(12,11),<3>peek($8000+$1032)
                                	SRCFILE "pirtoII.bas",239
5964   02B8 02E8                	MVII #744,R0
5966   0240 0346                	MVO R0,_screen
5968   0280 9032                	MVI 36914,R0
596A   02BA 0003                	MVII #3,R2
596C   0283 0347                	MVI _color,R3
596E   0284 0346                	MVI _screen,R4
5970   0004 015C 0145           	CALL PRNUM16.z
5973   0244 0346                	MVO R4,_screen
                                	;[240] end if
                                	SRCFILE "pirtoII.bas",240
0x5975                          T72:
                                	;[241] 
                                	SRCFILE "pirtoII.bas",241
                                	;[242]   END
                                	SRCFILE "pirtoII.bas",242
5975   02B7                     	RETURN
                                	ENDP
                                	;[243] 
                                	SRCFILE "pirtoII.bas",243
                                	;[244]   ' 32 bitmaps
                                	SRCFILE "pirtoII.bas",244
                                	;[245]     
                                	SRCFILE "pirtoII.bas",245
                                	;[246] debug:  PROCEDURE
                                	SRCFILE "pirtoII.bas",246
                                	; DEBUG
0x5976                          label_DEBUG:	PROC
5976   0275                     	BEGIN
                                	;[247]    cls
                                	SRCFILE "pirtoII.bas",247
5977   0004 0150 0014           	CALL CLRSCR
                                	;[248] looppa:
                                	SRCFILE "pirtoII.bas",248
                                	; LOOPPA
0x597A                          label_LOOPPA:	;[249]  for i=0 to 20:#mem=peek(mfile+i*2):print at screenpos(i,0),(#mem-32)*8+CS_WHITE:next i
                                	SRCFILE "pirtoII.bas",249
597A   01C0                     	CLRR R0
597B   0240 0110                	MVO R0,var_I
0x597D                          T73:
597D   0281 0110                	MVI var_I,R1
597F   0049                     	SLL R1,1
5980   02F9 817F                	ADDI #33151,R1
5982   0288                     	MVI@ R1,R0
5983   0240 030A                	MVO R0,var_&MEM
5985   0280 0110                	MVI var_I,R0
5987   02F8 0200                	ADDI #512,R0
5989   0240 0346                	MVO R0,_screen
598B   0280 030A                	MVI var_&MEM,R0
598D   0338 0020                	SUBI #32,R0
598F   004C                     	SLL R0,2
5990   00C0                     	ADDR R0,R0
5991   02F8 0007                	ADDI #7,R0
5993   0284 0346                	MVI _screen,R4
5995   0260                     	MVO@ R0,R4
5996   0244 0346                	MVO R4,_screen
5998   0280 0110                	MVI var_I,R0
599A   0008                     	INCR R0
599B   0240 0110                	MVO R0,var_I
599D   0378 0014                	CMPI #20,R0
599F   0226 0023                	BLE T73
                                	;[250]  for i=0 to 20:#mem=peek(mfile+i*2+40):print at screenpos(i,1),(#mem-32)*8+CS_WHITE:next i
                                	SRCFILE "pirtoII.bas",250
59A1   01C0                     	CLRR R0
59A2   0240 0110                	MVO R0,var_I
0x59A4                          T74:
59A4   0281 0110                	MVI var_I,R1
59A6   0049                     	SLL R1,1
59A7   02F9 81A7                	ADDI #33191,R1
59A9   0288                     	MVI@ R1,R0
59AA   0240 030A                	MVO R0,var_&MEM
59AC   0280 0110                	MVI var_I,R0
59AE   02F8 0214                	ADDI #532,R0
59B0   0240 0346                	MVO R0,_screen
59B2   0280 030A                	MVI var_&MEM,R0
59B4   0338 0020                	SUBI #32,R0
59B6   004C                     	SLL R0,2
59B7   00C0                     	ADDR R0,R0
59B8   02F8 0007                	ADDI #7,R0
59BA   0284 0346                	MVI _screen,R4
59BC   0260                     	MVO@ R0,R4
59BD   0244 0346                	MVO R4,_screen
59BF   0280 0110                	MVI var_I,R0
59C1   0008                     	INCR R0
59C2   0240 0110                	MVO R0,var_I
59C4   0378 0014                	CMPI #20,R0
59C6   0226 0023                	BLE T74
                                	;[251]  for i=0 to 20:#mem=peek(mfile+i*2+80):print at screenpos(i,2),(#mem-32)*8+CS_WHITE:next i
                                	SRCFILE "pirtoII.bas",251
59C8   01C0                     	CLRR R0
59C9   0240 0110                	MVO R0,var_I
0x59CB                          T75:
59CB   0281 0110                	MVI var_I,R1
59CD   0049                     	SLL R1,1
59CE   02F9 81CF                	ADDI #33231,R1
59D0   0288                     	MVI@ R1,R0
59D1   0240 030A                	MVO R0,var_&MEM
59D3   0280 0110                	MVI var_I,R0
59D5   02F8 0228                	ADDI #552,R0
59D7   0240 0346                	MVO R0,_screen
59D9   0280 030A                	MVI var_&MEM,R0
59DB   0338 0020                	SUBI #32,R0
59DD   004C                     	SLL R0,2
59DE   00C0                     	ADDR R0,R0
59DF   02F8 0007                	ADDI #7,R0
59E1   0284 0346                	MVI _screen,R4
59E3   0260                     	MVO@ R0,R4
59E4   0244 0346                	MVO R4,_screen
59E6   0280 0110                	MVI var_I,R0
59E8   0008                     	INCR R0
59E9   0240 0110                	MVO R0,var_I
59EB   0378 0014                	CMPI #20,R0
59ED   0226 0023                	BLE T75
                                	;[252]  print at screenpos(0,5),<2>peek(mfile+200)
                                	SRCFILE "pirtoII.bas",252
59EF   02B8 0264                	MVII #612,R0
59F1   0240 0346                	MVO R0,_screen
59F3   0280 8247                	MVI 33351,R0
59F5   02BA 0002                	MVII #2,R2
59F7   0283 0347                	MVI _color,R3
59F9   0284 0346                	MVI _screen,R4
59FB   0004 015C 0145           	CALL PRNUM16.z
59FE   0244 0346                	MVO R4,_screen
                                	;[253] print at screenpos(4,5),<6>peek(mfile+202)
                                	SRCFILE "pirtoII.bas",253
5A00   02B8 0268                	MVII #616,R0
5A02   0240 0346                	MVO R0,_screen
5A04   0280 8249                	MVI 33353,R0
5A06   02BA 0006                	MVII #6,R2
5A08   0283 0347                	MVI _color,R3
5A0A   0284 0346                	MVI _screen,R4
5A0C   0004 015C 0145           	CALL PRNUM16.z
5A0F   0244 0346                	MVO R4,_screen
                                	;[254] print at screenpos(12,5),<6>peek(mfile+204)
                                	SRCFILE "pirtoII.bas",254
5A11   02B8 0270                	MVII #624,R0
5A13   0240 0346                	MVO R0,_screen
5A15   0280 824B                	MVI 33355,R0
5A17   02BA 0006                	MVII #6,R2
5A19   0283 0347                	MVI _color,R3
5A1B   0284 0346                	MVI _screen,R4
5A1D   0004 015C 0145           	CALL PRNUM16.z
5A20   0244 0346                	MVO R4,_screen
                                	;[255] print at screenpos(0,6),<6>peek(mfile+206)
                                	SRCFILE "pirtoII.bas",255
5A22   02B8 0278                	MVII #632,R0
5A24   0240 0346                	MVO R0,_screen
5A26   0280 824D                	MVI 33357,R0
5A28   02BA 0006                	MVII #6,R2
5A2A   0283 0347                	MVI _color,R3
5A2C   0284 0346                	MVI _screen,R4
5A2E   0004 015C 0145           	CALL PRNUM16.z
5A31   0244 0346                	MVO R4,_screen
                                	;[256] print at screenpos(10,6),<6>peek(mfile+212)
                                	SRCFILE "pirtoII.bas",256
5A33   02B8 0282                	MVII #642,R0
5A35   0240 0346                	MVO R0,_screen
5A37   0280 8253                	MVI 33363,R0
5A39   02BA 0006                	MVII #6,R2
5A3B   0283 0347                	MVI _color,R3
5A3D   0284 0346                	MVI _screen,R4
5A3F   0004 015C 0145           	CALL PRNUM16.z
5A42   0244 0346                	MVO R4,_screen
                                	;[257] print at screenpos(2,7),<2>peek(mfile+208)
                                	SRCFILE "pirtoII.bas",257
5A44   02B8 028E                	MVII #654,R0
5A46   0240 0346                	MVO R0,_screen
5A48   0280 824F                	MVI 33359,R0
5A4A   02BA 0002                	MVII #2,R2
5A4C   0283 0347                	MVI _color,R3
5A4E   0284 0346                	MVI _screen,R4
5A50   0004 015C 0145           	CALL PRNUM16.z
5A53   0244 0346                	MVO R4,_screen
                                	;[258] print at screenpos(5,7),<2>peek(mfile+210)
                                	SRCFILE "pirtoII.bas",258
5A55   02B8 0291                	MVII #657,R0
5A57   0240 0346                	MVO R0,_screen
5A59   0280 8251                	MVI 33361,R0
5A5B   02BA 0002                	MVII #2,R2
5A5D   0283 0347                	MVI _color,R3
5A5F   0284 0346                	MVI _screen,R4
5A61   0004 015C 0145           	CALL PRNUM16.z
5A64   0244 0346                	MVO R4,_screen
                                	;[259] 
                                	SRCFILE "pirtoII.bas",259
                                	;[260] if peek(debug)=2 then goto looppa
                                	SRCFILE "pirtoII.bas",260
5A66   0280 8163                	MVI 33123,R0
5A68   0378 0002                	CMPI #2,R0
5A6A   0224 00F1                	BEQ label_LOOPPA
                                	;[261] end
                                	SRCFILE "pirtoII.bas",261
5A6C   02B7                     	RETURN
                                	ENDP
                                	;[262]  
                                	SRCFILE "pirtoII.bas",262
                                	;[263] 
                                	SRCFILE "pirtoII.bas",263
                                	;[264] reset_sound:    PROCEDURE
                                	SRCFILE "pirtoII.bas",264
                                	; RESET_SOUND
0x5A6D                          label_RESET_SOUND:	PROC
5A6D   0275                     	BEGIN
                                	;[265]     SOUND 0,1,0
                                	SRCFILE "pirtoII.bas",265
5A6E   02B8 0001                	MVII #1,R0
5A70   0240 01F0                	MVO R0,496
5A72   0040                     	SWAP R0
5A73   0240 01F4                	MVO R0,500
5A75   01C0                     	CLRR R0
5A76   0240 01FB                	MVO R0,507
                                	;[266]     SOUND 1,1,0
                                	SRCFILE "pirtoII.bas",266
5A78   02B8 0001                	MVII #1,R0
5A7A   0240 01F1                	MVO R0,497
5A7C   0040                     	SWAP R0
5A7D   0240 01F5                	MVO R0,501
5A7F   01C0                     	CLRR R0
5A80   0240 01FC                	MVO R0,508
                                	;[267]     SOUND 2,1,0
                                	SRCFILE "pirtoII.bas",267
5A82   02B8 0001                	MVII #1,R0
5A84   0240 01F2                	MVO R0,498
5A86   0040                     	SWAP R0
5A87   0240 01F6                	MVO R0,502
5A89   01C0                     	CLRR R0
5A8A   0240 01FD                	MVO R0,509
                                	;[268]     SOUND 4,,$38
                                	SRCFILE "pirtoII.bas",268
5A8C   02B8 0038                	MVII #56,R0
5A8E   0240 01F8                	MVO R0,504
                                	;[269]     RETURN
                                	SRCFILE "pirtoII.bas",269
5A90   02B7                     	RETURN
                                	;[270]     END
                                	SRCFILE "pirtoII.bas",270
                                	ENDP
                                	;[271] 
                                	SRCFILE "pirtoII.bas",271
                                	;[272] 
                                	SRCFILE "pirtoII.bas",272
                                	;[273] screen_bitmaps_0:
                                	SRCFILE "pirtoII.bas",273
                                	; SCREEN_BITMAPS_0
0x5A91                          label_SCREEN_BITMAPS_0:	;[274]     DATA $0000,$0000,$3F00,$FF7F
                                	SRCFILE "pirtoII.bas",274
5A91   0000                     	DECLE 0
5A92   0000                     	DECLE 0
5A93   3F00                     	DECLE 16128
5A94   FF7F                     	DECLE 65407
                                	;[275]     DATA $0000,$0000,$FF00,$FFFF
                                	SRCFILE "pirtoII.bas",275
5A95   0000                     	DECLE 0
5A96   0000                     	DECLE 0
5A97   FF00                     	DECLE 65280
5A98   FFFF                     	DECLE 65535
                                	;[276]     DATA $0000,$0000,$0301,$0303
                                	SRCFILE "pirtoII.bas",276
5A99   0000                     	DECLE 0
5A9A   0000                     	DECLE 0
5A9B   0301                     	DECLE 769
5A9C   0303                     	DECLE 771
                                	;[277]     DATA $0000,$0000,$FFFF,$F1FF
                                	SRCFILE "pirtoII.bas",277
5A9D   0000                     	DECLE 0
5A9E   0000                     	DECLE 0
5A9F   FFFF                     	DECLE 65535
5AA0   F1FF                     	DECLE 61951
                                	;[278]     DATA $0000,$0000,$F180,$FCF9
                                	SRCFILE "pirtoII.bas",278
5AA1   0000                     	DECLE 0
5AA2   0000                     	DECLE 0
5AA3   F180                     	DECLE 61824
5AA4   FCF9                     	DECLE 64761
                                	;[279]     DATA $0000,$0000,$FFFF,$1FFF
                                	SRCFILE "pirtoII.bas",279
5AA5   0000                     	DECLE 0
5AA6   0000                     	DECLE 0
5AA7   FFFF                     	DECLE 65535
5AA8   1FFF                     	DECLE 8191
                                	;[280]     DATA $0000,$0000,$FCFE,$80FC
                                	SRCFILE "pirtoII.bas",280
5AA9   0000                     	DECLE 0
5AAA   0000                     	DECLE 0
5AAB   FCFE                     	DECLE 64766
5AAC   80FC                     	DECLE 33020
                                	;[281]     DATA $0000,$0000,$1F03,$F87F
                                	SRCFILE "pirtoII.bas",281
5AAD   0000                     	DECLE 0
5AAE   0000                     	DECLE 0
5AAF   1F03                     	DECLE 7939
5AB0   F87F                     	DECLE 63615
                                	;[282]     DATA $0000,$0000,$F0C0,$FCF8
                                	SRCFILE "pirtoII.bas",282
5AB1   0000                     	DECLE 0
5AB2   0000                     	DECLE 0
5AB3   F0C0                     	DECLE 61632
5AB4   FCF8                     	DECLE 64760
                                	;[283]     DATA $8CCC,$0C0C,$1C0C,$3C1C
                                	SRCFILE "pirtoII.bas",283
5AB5   8CCC                     	DECLE 36044
5AB6   0C0C                     	DECLE 3084
5AB7   1C0C                     	DECLE 7180
5AB8   3C1C                     	DECLE 15388
                                	;[284]     DATA $7070,$7070,$7070,$7170
                                	SRCFILE "pirtoII.bas",284
5AB9   7070                     	DECLE 28784
5ABA   7070                     	DECLE 28784
5ABB   7070                     	DECLE 28784
5ABC   7170                     	DECLE 29040
                                	;[285]     DATA $0703,$0707,$0F0F,$0F0F
                                	SRCFILE "pirtoII.bas",285
5ABD   0703                     	DECLE 1795
5ABE   0707                     	DECLE 1799
5ABF   0F0F                     	DECLE 3855
5AC0   0F0F                     	DECLE 3855
                                	;[286]     DATA $E1E0,$FFE3,$FFFF,$FFFF
                                	SRCFILE "pirtoII.bas",286
5AC1   E1E0                     	DECLE 57824
5AC2   FFE3                     	DECLE 65507
5AC3   FFFF                     	DECLE 65535
5AC4   FFFF                     	DECLE 65535
                                	;[287]     DATA $F8FC,$F0F8,$00E0,$8000
                                	SRCFILE "pirtoII.bas",287
5AC5   F8FC                     	DECLE 63740
5AC6   F0F8                     	DECLE 61688
5AC7   00E0                     	DECLE 224
5AC8   8000                     	DECLE 32768
                                	;[288]     DATA $1F1F,$3F1F,$3E3F,$7E3E
                                	SRCFILE "pirtoII.bas",288
5AC9   1F1F                     	DECLE 7967
5ACA   3F1F                     	DECLE 16159
5ACB   3E3F                     	DECLE 15935
5ACC   7E3E                     	DECLE 32318
                                	;[289]     DATA $0381,$0703,$0707,$0707
                                	SRCFILE "pirtoII.bas",289
5ACD   0381                     	DECLE 897
5ACE   0703                     	DECLE 1795
5ACF   0707                     	DECLE 1799
5AD0   0707                     	DECLE 1799
                                	;[290] screen_bitmaps_1:
                                	SRCFILE "pirtoII.bas",290
                                	; SCREEN_BITMAPS_1
0x5AD1                          label_SCREEN_BITMAPS_1:	;[291]     DATA $F0F0,$E0F0,$E0E0,$C1C0
                                	SRCFILE "pirtoII.bas",291
5AD1   F0F0                     	DECLE 61680
5AD2   E0F0                     	DECLE 57584
5AD3   E0E0                     	DECLE 57568
5AD4   C1C0                     	DECLE 49600
                                	;[292]     DATA $7C7C,$FC7C,$FCFC,$F8F8
                                	SRCFILE "pirtoII.bas",292
5AD5   7C7C                     	DECLE 31868
5AD6   FC7C                     	DECLE 64636
5AD7   FCFC                     	DECLE 64764
5AD8   F8F8                     	DECLE 63736
                                	;[293]     DATA $7838,$3078,$0000,$0000
                                	SRCFILE "pirtoII.bas",293
5AD9   7838                     	DECLE 30776
5ADA   3078                     	DECLE 12408
5ADB   0000                     	DECLE 0
5ADC   0000                     	DECLE 0
                                	;[294]     DATA $7673,$1C3E,$0000,$0000
                                	SRCFILE "pirtoII.bas",294
5ADD   7673                     	DECLE 30323
5ADE   1C3E                     	DECLE 7230
5ADF   0000                     	DECLE 0
5AE0   0000                     	DECLE 0
                                	;[295]     DATA $1F1F,$3F1F,$003F,$0000
                                	SRCFILE "pirtoII.bas",295
5AE1   1F1F                     	DECLE 7967
5AE2   3F1F                     	DECLE 16159
5AE3   003F                     	DECLE 63
5AE4   0000                     	DECLE 0
                                	;[296]     DATA $9F9F,$8F8F,$0007,$0000
                                	SRCFILE "pirtoII.bas",296
5AE5   9F9F                     	DECLE 40863
5AE6   8F8F                     	DECLE 36751
5AE7   0007                     	DECLE 7
5AE8   0000                     	DECLE 0
                                	;[297]     DATA $C080,$E0E0,$00F0,$0000
                                	SRCFILE "pirtoII.bas",297
5AE9   C080                     	DECLE 49280
5AEA   E0E0                     	DECLE 57568
5AEB   00F0                     	DECLE 240
5AEC   0000                     	DECLE 0
                                	;[298]     DATA $7C7C,$FC7C,$00F8,$0000
                                	SRCFILE "pirtoII.bas",298
5AED   7C7C                     	DECLE 31868
5AEE   FC7C                     	DECLE 64636
5AEF   00F8                     	DECLE 248
5AF0   0000                     	DECLE 0
                                	;[299]     DATA $0707,$0103,$0000,$0000
                                	SRCFILE "pirtoII.bas",299
5AF1   0707                     	DECLE 1799
5AF2   0103                     	DECLE 259
5AF3   0000                     	DECLE 0
5AF4   0000                     	DECLE 0
                                	;[300]     DATA $E3C1,$FFFF,$0078,$0000
                                	SRCFILE "pirtoII.bas",300
5AF5   E3C1                     	DECLE 58305
5AF6   FFFF                     	DECLE 65535
5AF7   0078                     	DECLE 120
5AF8   0000                     	DECLE 0
                                	;[301]     DATA $E0F0,$00C0,$0000,$0000
                                	SRCFILE "pirtoII.bas",301
5AF9   E0F0                     	DECLE 57584
5AFA   00C0                     	DECLE 192
5AFB   0000                     	DECLE 0
5AFC   0000                     	DECLE 0
                                	;[302] 
                                	SRCFILE "pirtoII.bas",302
                                	;[303]     ' Real Copyright Symbol
                                	SRCFILE "pirtoII.bas",303
                                	;[304]     BITMAP ".######."
                                	SRCFILE "pirtoII.bas",304
                                	;[305]     BITMAP "#......#"
                                	SRCFILE "pirtoII.bas",305
5AFD   817E                     	DECLE 33150
                                	;[306]     BITMAP "#..###.#"
                                	SRCFILE "pirtoII.bas",306
                                	;[307]     BITMAP "#.#....#"
                                	SRCFILE "pirtoII.bas",307
5AFE   A19D                     	DECLE 41373
                                	;[308]     BITMAP "#.#....#"
                                	SRCFILE "pirtoII.bas",308
                                	;[309]     BITMAP "#..###.#"
                                	SRCFILE "pirtoII.bas",309
5AFF   9DA1                     	DECLE 40353
                                	;[310]     BITMAP "#......#"
                                	SRCFILE "pirtoII.bas",310
                                	;[311]     BITMAP ".######."
                                	SRCFILE "pirtoII.bas",311
5B00   7E81                     	DECLE 32385
                                	;[312] 
                                	SRCFILE "pirtoII.bas",312
                                	;[313] BITMAP "....##.."
                                	SRCFILE "pirtoII.bas",313
                                	;[314] BITMAP "......#."
                                	SRCFILE "pirtoII.bas",314
5B01   020C                     	DECLE 524
                                	;[315] BITMAP ".......#"
                                	SRCFILE "pirtoII.bas",315
                                	;[316] BITMAP ".......#"
                                	SRCFILE "pirtoII.bas",316
5B02   0101                     	DECLE 257
                                	;[317] BITMAP "........"
                                	SRCFILE "pirtoII.bas",317
                                	;[318] BITMAP "........"
                                	SRCFILE "pirtoII.bas",318
5B03   0000                     	DECLE 0
                                	;[319] BITMAP "........"
                                	SRCFILE "pirtoII.bas",319
                                	;[320] BITMAP "........"
                                	SRCFILE "pirtoII.bas",320
5B04   0000                     	DECLE 0
                                	;[321] 
                                	SRCFILE "pirtoII.bas",321
                                	;[322] BITMAP "........"
                                	SRCFILE "pirtoII.bas",322
                                	;[323] BITMAP "........"
                                	SRCFILE "pirtoII.bas",323
5B05   0000                     	DECLE 0
                                	;[324] BITMAP "........"
                                	SRCFILE "pirtoII.bas",324
                                	;[325] BITMAP "........"
                                	SRCFILE "pirtoII.bas",325
5B06   0000                     	DECLE 0
                                	;[326] BITMAP ".......#"
                                	SRCFILE "pirtoII.bas",326
                                	;[327] BITMAP ".......#"
                                	SRCFILE "pirtoII.bas",327
5B07   0101                     	DECLE 257
                                	;[328] BITMAP "......#."
                                	SRCFILE "pirtoII.bas",328
                                	;[329] BITMAP "....##.."
                                	SRCFILE "pirtoII.bas",329
5B08   0C02                     	DECLE 3074
                                	;[330] 
                                	SRCFILE "pirtoII.bas",330
                                	;[331] BITMAP "........"
                                	SRCFILE "pirtoII.bas",331
                                	;[332] BITMAP "........"
                                	SRCFILE "pirtoII.bas",332
5B09   0000                     	DECLE 0
                                	;[333] BITMAP "........"
                                	SRCFILE "pirtoII.bas",333
                                	;[334] BITMAP "........"
                                	SRCFILE "pirtoII.bas",334
5B0A   0000                     	DECLE 0
                                	;[335] BITMAP "#......."
                                	SRCFILE "pirtoII.bas",335
                                	;[336] BITMAP "#......."
                                	SRCFILE "pirtoII.bas",336
5B0B   8080                     	DECLE 32896
                                	;[337] BITMAP ".#......"
                                	SRCFILE "pirtoII.bas",337
                                	;[338] BITMAP "..##...."
                                	SRCFILE "pirtoII.bas",338
5B0C   3040                     	DECLE 12352
                                	;[339] 
                                	SRCFILE "pirtoII.bas",339
                                	;[340] BITMAP "..##...."
                                	SRCFILE "pirtoII.bas",340
                                	;[341] BITMAP ".#......"
                                	SRCFILE "pirtoII.bas",341
5B0D   4030                     	DECLE 16432
                                	;[342] BITMAP "#......."
                                	SRCFILE "pirtoII.bas",342
                                	;[343] BITMAP "#......."
                                	SRCFILE "pirtoII.bas",343
5B0E   8080                     	DECLE 32896
                                	;[344] BITMAP "........"
                                	SRCFILE "pirtoII.bas",344
                                	;[345] BITMAP "........"
                                	SRCFILE "pirtoII.bas",345
5B0F   0000                     	DECLE 0
                                	;[346] BITMAP "........"
                                	SRCFILE "pirtoII.bas",346
                                	;[347] BITMAP "........"
                                	SRCFILE "pirtoII.bas",347
5B10   0000                     	DECLE 0
                                	;[348] 
                                	SRCFILE "pirtoII.bas",348
                                	;[349] 
                                	SRCFILE "pirtoII.bas",349
                                	;[350]     REM 20x12 cards
                                	SRCFILE "pirtoII.bas",350
                                	;[351] screen_cards:
                                	SRCFILE "pirtoII.bas",351
                                	; SCREEN_CARDS
0x5B11                          label_SCREEN_CARDS:	;[352]     DATA $0000,$0000,$0000,$0000,$0000,$0000,$0000,$0000,$0000,$0000,$0000,$0000,$0000,$0000,$0000,$0000,$0000,$0000,$0000,$0000
                                	SRCFILE "pirtoII.bas",352
5B11   0000                     	DECLE 0
5B12   0000                     	DECLE 0
5B13   0000                     	DECLE 0
5B14   0000                     	DECLE 0
5B15   0000                     	DECLE 0
5B16   0000                     	DECLE 0
5B17   0000                     	DECLE 0
5B18   0000                     	DECLE 0
5B19   0000                     	DECLE 0
5B1A   0000                     	DECLE 0
5B1B   0000                     	DECLE 0
5B1C   0000                     	DECLE 0
5B1D   0000                     	DECLE 0
5B1E   0000                     	DECLE 0
5B1F   0000                     	DECLE 0
5B20   0000                     	DECLE 0
5B21   0000                     	DECLE 0
5B22   0000                     	DECLE 0
5B23   0000                     	DECLE 0
5B24   0000                     	DECLE 0
                                	;[353]     DATA $0000,$0000,$0000,$0000,$0000,$0802,$080A,$0000,$0812,$081A,$0822,$082A,$0832,$083A,$0842,$0000,$0000,$0000,$0000,$0000
                                	SRCFILE "pirtoII.bas",353
5B25   0000                     	DECLE 0
5B26   0000                     	DECLE 0
5B27   0000                     	DECLE 0
5B28   0000                     	DECLE 0
5B29   0000                     	DECLE 0
5B2A   0802                     	DECLE 2050
5B2B   080A                     	DECLE 2058
5B2C   0000                     	DECLE 0
5B2D   0812                     	DECLE 2066
5B2E   081A                     	DECLE 2074
5B2F   0822                     	DECLE 2082
5B30   082A                     	DECLE 2090
5B31   0832                     	DECLE 2098
5B32   083A                     	DECLE 2106
5B33   0842                     	DECLE 2114
5B34   0000                     	DECLE 0
5B35   0000                     	DECLE 0
5B36   0000                     	DECLE 0
5B37   0000                     	DECLE 0
5B38   0000                     	DECLE 0
                                	;[354]     DATA $0000,$0000,$0000,$0000,$0000,$084A,$0852,$0000,$085A,$0862,$086A,$0872,$087A,$0882,$088A,$0000,$0000,$0000,$0000,$0000
                                	SRCFILE "pirtoII.bas",354
5B39   0000                     	DECLE 0
5B3A   0000                     	DECLE 0
5B3B   0000                     	DECLE 0
5B3C   0000                     	DECLE 0
5B3D   0000                     	DECLE 0
5B3E   084A                     	DECLE 2122
5B3F   0852                     	DECLE 2130
5B40   0000                     	DECLE 0
5B41   085A                     	DECLE 2138
5B42   0862                     	DECLE 2146
5B43   086A                     	DECLE 2154
5B44   0872                     	DECLE 2162
5B45   087A                     	DECLE 2170
5B46   0882                     	DECLE 2178
5B47   088A                     	DECLE 2186
5B48   0000                     	DECLE 0
5B49   0000                     	DECLE 0
5B4A   0000                     	DECLE 0
5B4B   0000                     	DECLE 0
5B4C   0000                     	DECLE 0
                                	;[355]     DATA $0000,$0000,$0000,$0000,$0000,$0892,$089A,$0000,$08A2,$08AA,$08B2,$08BA,$08C2,$08CA,$08D2,$0000,$0000,$0000,$0000,$0000
                                	SRCFILE "pirtoII.bas",355
5B4D   0000                     	DECLE 0
5B4E   0000                     	DECLE 0
5B4F   0000                     	DECLE 0
5B50   0000                     	DECLE 0
5B51   0000                     	DECLE 0
5B52   0892                     	DECLE 2194
5B53   089A                     	DECLE 2202
5B54   0000                     	DECLE 0
5B55   08A2                     	DECLE 2210
5B56   08AA                     	DECLE 2218
5B57   08B2                     	DECLE 2226
5B58   08BA                     	DECLE 2234
5B59   08C2                     	DECLE 2242
5B5A   08CA                     	DECLE 2250
5B5B   08D2                     	DECLE 2258
5B5C   0000                     	DECLE 0
5B5D   0000                     	DECLE 0
5B5E   0000                     	DECLE 0
5B5F   0000                     	DECLE 0
5B60   0000                     	DECLE 0
                                	;[356]     DATA $0000,$0000,$0000,$0000,$0000,$0000,$0000,$0000,$0000,$0000,$0000,$0000,$0000,$0000,$0000,$0000,$0000,$0000,$0000,$0000
                                	SRCFILE "pirtoII.bas",356
5B61   0000                     	DECLE 0
5B62   0000                     	DECLE 0
5B63   0000                     	DECLE 0
5B64   0000                     	DECLE 0
5B65   0000                     	DECLE 0
5B66   0000                     	DECLE 0
5B67   0000                     	DECLE 0
5B68   0000                     	DECLE 0
5B69   0000                     	DECLE 0
5B6A   0000                     	DECLE 0
5B6B   0000                     	DECLE 0
5B6C   0000                     	DECLE 0
5B6D   0000                     	DECLE 0
5B6E   0000                     	DECLE 0
5B6F   0000                     	DECLE 0
5B70   0000                     	DECLE 0
5B71   0000                     	DECLE 0
5B72   0000                     	DECLE 0
5B73   0000                     	DECLE 0
5B74   0000                     	DECLE 0
                                	;[357]     DATA $0000,$0000,$0000,$0000,$0000,$0000,$0000,$0000,$0000,$0000,$0000,$0000,$0000,$0000,$0000,$0000,$0000,$0000,$0000,$0000
                                	SRCFILE "pirtoII.bas",357
5B75   0000                     	DECLE 0
5B76   0000                     	DECLE 0
5B77   0000                     	DECLE 0
5B78   0000                     	DECLE 0
5B79   0000                     	DECLE 0
5B7A   0000                     	DECLE 0
5B7B   0000                     	DECLE 0
5B7C   0000                     	DECLE 0
5B7D   0000                     	DECLE 0
5B7E   0000                     	DECLE 0
5B7F   0000                     	DECLE 0
5B80   0000                     	DECLE 0
5B81   0000                     	DECLE 0
5B82   0000                     	DECLE 0
5B83   0000                     	DECLE 0
5B84   0000                     	DECLE 0
5B85   0000                     	DECLE 0
5B86   0000                     	DECLE 0
5B87   0000                     	DECLE 0
5B88   0000                     	DECLE 0
                                	;[358]     DATA $0000,$0000,$0000,$0000,$0000,$0000,$0000,$0000,$0000,$0000,$0000,$0000,$0000,$0000,$0000,$0000,$0000,$0000,$0000,$0000
                                	SRCFILE "pirtoII.bas",358
5B89   0000                     	DECLE 0
5B8A   0000                     	DECLE 0
5B8B   0000                     	DECLE 0
5B8C   0000                     	DECLE 0
5B8D   0000                     	DECLE 0
5B8E   0000                     	DECLE 0
5B8F   0000                     	DECLE 0
5B90   0000                     	DECLE 0
5B91   0000                     	DECLE 0
5B92   0000                     	DECLE 0
5B93   0000                     	DECLE 0
5B94   0000                     	DECLE 0
5B95   0000                     	DECLE 0
5B96   0000                     	DECLE 0
5B97   0000                     	DECLE 0
5B98   0000                     	DECLE 0
5B99   0000                     	DECLE 0
5B9A   0000                     	DECLE 0
5B9B   0000                     	DECLE 0
5B9C   0000                     	DECLE 0
                                	;[359]     DATA $0000,$0000,$0000,$0000,$0000,$0000,$0000,$0000,$0000,$0000,$0000,$0000,$0000,$0000,$0000,$0000,$0000,$0000,$0000,$0000
                                	SRCFILE "pirtoII.bas",359
5B9D   0000                     	DECLE 0
5B9E   0000                     	DECLE 0
5B9F   0000                     	DECLE 0
5BA0   0000                     	DECLE 0
5BA1   0000                     	DECLE 0
5BA2   0000                     	DECLE 0
5BA3   0000                     	DECLE 0
5BA4   0000                     	DECLE 0
5BA5   0000                     	DECLE 0
5BA6   0000                     	DECLE 0
5BA7   0000                     	DECLE 0
5BA8   0000                     	DECLE 0
5BA9   0000                     	DECLE 0
5BAA   0000                     	DECLE 0
5BAB   0000                     	DECLE 0
5BAC   0000                     	DECLE 0
5BAD   0000                     	DECLE 0
5BAE   0000                     	DECLE 0
5BAF   0000                     	DECLE 0
5BB0   0000                     	DECLE 0
                                	;[360]     DATA $0000,$0000,$0000,$0000,$0000,$0000,$0000,$0000,$0000,$0000,$0000,$0000,$0000,$0000,$0000,$0000,$0000,$0000,$0000,$0000
                                	SRCFILE "pirtoII.bas",360
5BB1   0000                     	DECLE 0
5BB2   0000                     	DECLE 0
5BB3   0000                     	DECLE 0
5BB4   0000                     	DECLE 0
5BB5   0000                     	DECLE 0
5BB6   0000                     	DECLE 0
5BB7   0000                     	DECLE 0
5BB8   0000                     	DECLE 0
5BB9   0000                     	DECLE 0
5BBA   0000                     	DECLE 0
5BBB   0000                     	DECLE 0
5BBC   0000                     	DECLE 0
5BBD   0000                     	DECLE 0
5BBE   0000                     	DECLE 0
5BBF   0000                     	DECLE 0
5BC0   0000                     	DECLE 0
5BC1   0000                     	DECLE 0
5BC2   0000                     	DECLE 0
5BC3   0000                     	DECLE 0
5BC4   0000                     	DECLE 0
                                	;[361]     DATA $0000,$0000,$0000,$0000,$0000,$0000,$0000,$0000,$0000,$0000,$0000,$0000,$0000,$0000,$0000,$0000,$0000,$0000,$0000,$0000
                                	SRCFILE "pirtoII.bas",361
5BC5   0000                     	DECLE 0
5BC6   0000                     	DECLE 0
5BC7   0000                     	DECLE 0
5BC8   0000                     	DECLE 0
5BC9   0000                     	DECLE 0
5BCA   0000                     	DECLE 0
5BCB   0000                     	DECLE 0
5BCC   0000                     	DECLE 0
5BCD   0000                     	DECLE 0
5BCE   0000                     	DECLE 0
5BCF   0000                     	DECLE 0
5BD0   0000                     	DECLE 0
5BD1   0000                     	DECLE 0
5BD2   0000                     	DECLE 0
5BD3   0000                     	DECLE 0
5BD4   0000                     	DECLE 0
5BD5   0000                     	DECLE 0
5BD6   0000                     	DECLE 0
5BD7   0000                     	DECLE 0
5BD8   0000                     	DECLE 0
                                	;[362]     DATA $0000,$0000,$0000,$0000,$0000,$0000,$0000,$0000,$0000,$0000,$0000,$0000,$0000,$0000,$0000,$0000,$0000,$0000,$0000,$0000
                                	SRCFILE "pirtoII.bas",362
5BD9   0000                     	DECLE 0
5BDA   0000                     	DECLE 0
5BDB   0000                     	DECLE 0
5BDC   0000                     	DECLE 0
5BDD   0000                     	DECLE 0
5BDE   0000                     	DECLE 0
5BDF   0000                     	DECLE 0
5BE0   0000                     	DECLE 0
5BE1   0000                     	DECLE 0
5BE2   0000                     	DECLE 0
5BE3   0000                     	DECLE 0
5BE4   0000                     	DECLE 0
5BE5   0000                     	DECLE 0
5BE6   0000                     	DECLE 0
5BE7   0000                     	DECLE 0
5BE8   0000                     	DECLE 0
5BE9   0000                     	DECLE 0
5BEA   0000                     	DECLE 0
5BEB   0000                     	DECLE 0
5BEC   0000                     	DECLE 0
                                	;[363]     DATA $0000,$0000,$0000,$0000,$0000,$0000,$0000,$0000,$0000,$0000,$0000,$0000,$0000,$0000,$0000,$0000,$0000,$0000,$0000,$0000
                                	SRCFILE "pirtoII.bas",363
5BED   0000                     	DECLE 0
5BEE   0000                     	DECLE 0
5BEF   0000                     	DECLE 0
5BF0   0000                     	DECLE 0
5BF1   0000                     	DECLE 0
5BF2   0000                     	DECLE 0
5BF3   0000                     	DECLE 0
5BF4   0000                     	DECLE 0
5BF5   0000                     	DECLE 0
5BF6   0000                     	DECLE 0
5BF7   0000                     	DECLE 0
5BF8   0000                     	DECLE 0
5BF9   0000                     	DECLE 0
5BFA   0000                     	DECLE 0
5BFB   0000                     	DECLE 0
5BFC   0000                     	DECLE 0
5BFD   0000                     	DECLE 0
5BFE   0000                     	DECLE 0
5BFF   0000                     	DECLE 0
5C00   0000                     	DECLE 0
                                	;ENDFILE
                                	;ENDFILE
                                	SRCFILE "",0
                                	;
                                	; Epilogue for IntyBASIC programs
                                	; by Oscar Toledo G.  http://nanochess.org/
                                	;
                                	; Revision: Jan/30/2014. Moved GRAM code below MOB updates.
                                	;                        Added comments.
                                	; Revision: Feb/26/2014. Optimized access to collision registers
                                	;                        per DZ-Jay suggestion. Added scrolling
                                	;                        routines with optimization per intvnut
                                	;                        suggestion. Added border/mask support.
                                	; Revision: Apr/02/2014. Added support to set MODE (color stack
                                	;                        or foreground/background), added support
                                	;                        for SCREEN statement.
                                	; Revision: Aug/19/2014. Solved bug in bottom scroll, moved an
                                	;                        extra unneeded line.
                                	; Revision: Aug/26/2014. Integrated music player and NTSC/PAL
                                	;                        detection.
                                	; Revision: Oct/24/2014. Adjust in some comments.
                                	; Revision: Nov/13/2014. Integrated Joseph Zbiciak's routines
                                	;                        for printing numbers.
                                	; Revision: Nov/17/2014. Redesigned MODE support to use a single
                                	;                        variable.
                                	; Revision: Nov/21/2014. Added Intellivoice support routines made
                                	;                        by Joseph Zbiciak.
                                	; Revision: Dec/11/2014. Optimized keypad decode routines.
                                	; Revision: Jan/25/2015. Added marker for insertion of ON FRAME GOSUB
                                	; Revision: Feb/17/2015. Allows to deactivate music player (PLAY NONE)
                                	; Revision: Apr/21/2015. Accelerates common case of keypad not pressed.
                                	;                        Added ECS ROM disable code.
                                	; Revision: Apr/22/2015. Added Joseph Zbiciak accelerated multiplication
                                	;                        routines.
                                	; Revision: Jun/04/2015. Optimized play_music (per GroovyBee suggestion)
                                	; Revision: Jul/25/2015. Added infinite loop at start to avoid crashing
                                	;                        with empty programs. Solved bug where _color
                                	;                        didn't started with white.
                                	; Revision: Aug/20/2015. Moved ECS mapper disable code so nothing gets
                                	;                        after it (GroovyBee 42K sample code)
                                	; Revision: Aug/21/2015. Added Joseph Zbiciak routines for JLP Flash
                                	;                        handling.
                                	; Revision: Aug/31/2015. Added CPYBLK2 for SCREEN fifth argument.
                                	; Revision: Sep/01/2015. Defined labels Q1 and Q2 as alias.
                                	; Revision: Jan/22/2016. Music player allows not to use noise channel
                                	;                        for drums. Allows setting music volume.
                                	; Revision: Jan/23/2016. Added jump inside of music (for MUSIC JUMP)
                                	; Revision: May/03/2016. Preserves current mode in bit 0 of _mode_select
                                	; Revision: Oct/21/2016. Added C7 in notes table, it was missing. (thanks
                                	;                        mmarrero)
                                	; Revision: Jan/09/2018. Initializes scroll offset registers (useful when
                                	;                        starting from $4800). Uses slightly less space.
                                	; Revision: Feb/05/2018. Added IV_HUSH.
                                	; Revision: Mar/01/2018. Added support for music tracker over ECS.
                                	; Revision: Sep/25/2018. Solved bug in mixer for ECS drums.
                                	; Revision: Oct/30/2018. Small optimization in music player.
                                	; Revision: Jan/09/2019. Solved bug where it would play always like
                                	;                        PLAY SIMPLE NO DRUMS.
                                	; Revision: May/18/2019. Solved bug where drums failed in ECS side.
                                	;

                                	;
                                	; Avoids empty programs to crash
                                	; 
5C01   0220 0001                stuck:	B stuck

                                ;	ROM.SelectDefaultSegment
                                	;

                                	;
                                	; Copy screen helper for SCREEN wide statement
                                	;

0x5C03                          CPYBLK2:	PROC
5C03   0083                     	MOVR R0,R3		; Offset
5C04   00AA                     	MOVR R5,R2
5C05   02B0                     	PULR R0
5C06   02B1                     	PULR R1
5C07   02B5                     	PULR R5
5C08   02B4                     	PULR R4
5C09   0272                     	PSHR R2
5C0A   010B                     	SUBR R1,R3

5C0B   0273                     @@1:	PSHR R3
5C0C   008B                     	MOVR R1,R3		; Init line copy
5C0D   02A2                     @@2:	MVI@ R4,R2		; Copy line
5C0E   026A                     	MVO@ R2,R5
5C0F   0013                     	DECR R3
5C10   022C 0004                	BNE @@2
5C12   02B3                     	PULR R3		 ; Add offset to start in next line
5C13   00DC                     	ADDR R3,R4
5C14   010D                     	SUBR R1,R5
5C15   02FD 0014                	ADDI #20,R5
5C17   0010                     	DECR R0		 ; Count lines
5C18   022C 000E                	BNE @@1

5C1A   02B7                     	RETURN
                                	ENDP

                                	;
                                	; Copy screen helper for SCREEN statement
                                	;
0x5C1B                          CPYBLK:	PROC
5C1B   0275                     	BEGIN
5C1C   009C                     	MOVR R3,R4
5C1D   0095                     	MOVR R2,R5

5C1E   008B                     @@1:	MOVR R1,R3	      ; Init line copy
5C1F   02A2                     @@2:	MVI@ R4,R2	      ; Copy line
5C20   026A                     	MVO@ R2,R5
5C21   0013                     	DECR R3
5C22   022C 0004                	BNE @@2
5C24   02BB 0014                	MVII #20,R3	     ; Add offset to start in next line
5C26   010B                     	SUBR R1,R3
5C27   00DC                     	ADDR R3,R4
5C28   00DD                     	ADDR R3,R5
5C29   0010                     	DECR R0		 ; Count lines
5C2A   022C 000D                	BNE @@1
5C2C   02B7                     	RETURN
                                	ENDP

                                	;
                                	; Wait for interruption
                                	;
0x5C2D                          _wait:  PROC

                                    IF intybasic_keypad
                                	MVI $01FF,R0
                                	COMR R0
                                	ANDI #$FF,R0
                                	CMP _cnt1_p0,R0
                                	BNE @@2
                                	CMP _cnt1_p1,R0
                                	BNE @@2
                                	TSTR R0		; Accelerates common case of key not pressed
                                	MVII #_keypad_table+13,R4
                                	BEQ @@4
                                	MVII #_keypad_table,R4
                                    REPEAT 6
                                	CMP@ R4,R0
                                	BEQ @@4
                                	CMP@ R4,R0
                                	BEQ @@4
                                    ENDR
                                	INCR R4
                                @@4:    SUBI #_keypad_table+1,R4
                                	MVO R4,_cnt1_key

                                @@2:    MVI _cnt1_p1,R1
                                	MVO R1,_cnt1_p0
                                	MVO R0,_cnt1_p1

                                	MVI $01FE,R0
                                	COMR R0
                                	ANDI #$FF,R0
                                	CMP _cnt2_p0,R0
                                	BNE @@5
                                	CMP _cnt2_p1,R0
                                	BNE @@5
                                	TSTR R0		; Accelerates common case of key not pressed
                                	MVII #_keypad_table+13,R4
                                	BEQ @@7
                                	MVII #_keypad_table,R4
                                    REPEAT 6
                                	CMP@ R4,R0
                                	BEQ @@7
                                	CMP@ R4,R0
                                	BEQ @@7
                                    ENDR

                                	INCR R4
                                @@7:    SUBI #_keypad_table+1,R4
                                	MVO R4,_cnt2_key

                                @@5:    MVI _cnt2_p1,R1
                                	MVO R1,_cnt2_p0
                                	MVO R0,_cnt2_p1
                                    ENDI

5C2D   01C0                     	CLRR    R0
5C2E   0240 0102                	MVO     R0,_int	 ; Clears waiting flag
5C30   0340 0102                @@1:	CMP     _int,  R0       ; Waits for change
5C32   0224 0003                	BEQ     @@1
5C34   00AF                     	JR      R5	      ; Returns
                                	ENDP

                                	;
                                	; Keypad table
                                	;
0x5C35                          _keypad_table:	  PROC
5C35   0048 0081 0041 0021      	DECLE $48,$81,$41,$21,$82,$42,$22,$84,$44,$24,$88,$28
5C39   0082 0042 0022 0084 0044 0024 0088 0028 
                                	ENDP

0x5C41                          _set_isr:	PROC
5C41   02A8                     	MVI@ R5,R0
5C42   0240 0100                	MVO R0,ISRVEC
5C44   0040                     	SWAP R0
5C45   0240 0101                	MVO R0,ISRVEC+1
5C47   00AF                     	JR R5
                                	ENDP

                                	;
                                	; Interruption routine
                                	;
0x5C48                          _int_vector:     PROC

                                    IF intybasic_stack
                                	CMPI #$308,R6
                                	BNC @@vs
                                	MVO R0,$20	; Enables display
                                	MVI $21,R0	; Activates Color Stack mode
                                	CLRR R0
                                	MVO R0,$28
                                	MVO R0,$29
                                	MVO R0,$2A
                                	MVO R0,$2B
                                	MVII #@@vs1,R4
                                	MVII #$200,R5
                                	MVII #20,R1
                                @@vs2:	MVI@ R4,R0
                                	MVO@ R0,R5
                                	DECR R1
                                	BNE @@vs2
                                	RETURN

                                	; Stack Overflow message
                                @@vs1:	DECLE 0,0,0,$33*8+7,$54*8+7,$41*8+7,$43*8+7,$4B*8+7,$00*8+7
                                	DECLE $4F*8+7,$56*8+7,$45*8+7,$52*8+7,$46*8+7,$4C*8+7
                                	DECLE $4F*8+7,$57*8+7,0,0,0

                                @@vs:
                                    ENDI

5C48   02B9 0001                	MVII #1,R1
5C4A   0241 0102                	MVO R1,_int	; Indicates interrupt happened.

5C4C   0280 0109                	MVI _mode_select,R0
5C4E   007C                     	SARC R0,2
5C4F   020C 0002                	BNE @@ds
5C51   0240 0020                	MVO R0,$20	; Enables display
5C53   0209 0006                @@ds:	BNC @@vi14
5C55   0240 0021                	MVO R0,$21	; Foreground/background mode
5C57   020A 001B                	BNOV @@vi0
5C59   0200 0013                	B @@vi15

5C5B   0280 0021                @@vi14:	MVI $21,R0	; Color stack mode
5C5D   020A 0015                	BNOV @@vi0
5C5F   01C9                     	CLRR R1
5C60   0280 0347                	MVI _color,R0
5C62   0240 0028                	MVO R0,$28
5C64   0040                     	SWAP R0
5C65   0240 0029                	MVO R0,$29
5C67   0064                     	SLR R0,2
5C68   0064                     	SLR R0,2
5C69   0240 002A                	MVO R0,$2A
5C6B   0040                     	SWAP R0
5C6C   0240 002B                	MVO R0,$2B
0x5C6E                          @@vi15:
5C6E   0241 0109                	MVO R1,_mode_select
5C70   02B8 0007                	MVII #7,R0
5C72   0240 0347                	MVO R0,_color	   ; Default color for PRINT "string"
0x5C74                          @@vi0:

5C74   0275                     	BEGIN

5C75   0280 010A                	MVI _border_color,R0
5C77   0240 002C                	MVO     R0,     $2C     ; Border color
5C79   0280 010B                	MVI _border_mask,R0
5C7B   0240 0032                	MVO     R0,     $32     ; Border mask
                                    IF intybasic_col
                                	;
                                	; Save collision registers for further use and clear them
                                	;
                                	MVII #$18,R4
                                	MVII #_col0,R5
                                	MVI@ R4,R0
                                	MVO@ R0,R5  ; _col0
                                	MVI@ R4,R0
                                	MVO@ R0,R5  ; _col1
                                	MVI@ R4,R0
                                	MVO@ R0,R5  ; _col2
                                	MVI@ R4,R0
                                	MVO@ R0,R5  ; _col3
                                	MVI@ R4,R0
                                	MVO@ R0,R5  ; _col4
                                	MVI@ R4,R0
                                	MVO@ R0,R5  ; _col5
                                	MVI@ R4,R0
                                	MVO@ R0,R5  ; _col6
                                	MVI@ R4,R0
                                	MVO@ R0,R5  ; _col7
                                    ENDI
                                	
                                    IF intybasic_scroll

                                	;
                                	; Scrolling things
                                	;
                                	MVI _scroll_x,R0
                                	MVO R0,$30
                                	MVI _scroll_y,R0
                                	MVO R0,$31
                                    ENDI

                                	;
                                	; Updates sprites (MOBs)
                                	;
5C7D   02BC 0348                	MVII #_mobs,R4
5C7F   01ED                     	CLRR R5		; X-coordinates
                                    REPEAT 8
5C80   02A0                     	MVI@ R4,R0
5C81   0268                     	MVO@ R0,R5
5C82   02A0                     	MVI@ R4,R0
5C83   0268                     	MVO@ R0,R5
5C84   02A0                     	MVI@ R4,R0
5C85   0268                     	MVO@ R0,R5
  ;== 1                             ENDR
5C86   02A0                     	MVI@ R4,R0
5C87   0268                     	MVO@ R0,R5
5C88   02A0                     	MVI@ R4,R0
5C89   0268                     	MVO@ R0,R5
5C8A   02A0                     	MVI@ R4,R0
5C8B   0268                     	MVO@ R0,R5
  ;== 2                             ENDR
5C8C   02A0                     	MVI@ R4,R0
5C8D   0268                     	MVO@ R0,R5
5C8E   02A0                     	MVI@ R4,R0
5C8F   0268                     	MVO@ R0,R5
5C90   02A0                     	MVI@ R4,R0
5C91   0268                     	MVO@ R0,R5
  ;== 3                             ENDR
5C92   02A0                     	MVI@ R4,R0
5C93   0268                     	MVO@ R0,R5
5C94   02A0                     	MVI@ R4,R0
5C95   0268                     	MVO@ R0,R5
5C96   02A0                     	MVI@ R4,R0
5C97   0268                     	MVO@ R0,R5
  ;== 4                             ENDR
5C98   02A0                     	MVI@ R4,R0
5C99   0268                     	MVO@ R0,R5
5C9A   02A0                     	MVI@ R4,R0
5C9B   0268                     	MVO@ R0,R5
5C9C   02A0                     	MVI@ R4,R0
5C9D   0268                     	MVO@ R0,R5
  ;== 5                             ENDR
5C9E   02A0                     	MVI@ R4,R0
5C9F   0268                     	MVO@ R0,R5
5CA0   02A0                     	MVI@ R4,R0
5CA1   0268                     	MVO@ R0,R5
5CA2   02A0                     	MVI@ R4,R0
5CA3   0268                     	MVO@ R0,R5
  ;== 6                             ENDR
5CA4   02A0                     	MVI@ R4,R0
5CA5   0268                     	MVO@ R0,R5
5CA6   02A0                     	MVI@ R4,R0
5CA7   0268                     	MVO@ R0,R5
5CA8   02A0                     	MVI@ R4,R0
5CA9   0268                     	MVO@ R0,R5
  ;== 7                             ENDR
5CAA   02A0                     	MVI@ R4,R0
5CAB   0268                     	MVO@ R0,R5
5CAC   02A0                     	MVI@ R4,R0
5CAD   0268                     	MVO@ R0,R5
5CAE   02A0                     	MVI@ R4,R0
5CAF   0268                     	MVO@ R0,R5
  ;== 8                             ENDR
                                    IF intybasic_col
                                	CLRR R0		; Erase collision bits (R5 = $18)
                                	MVO@ R0,R5
                                	MVO@ R0,R5
                                	MVO@ R0,R5
                                	MVO@ R0,R5
                                	MVO@ R0,R5
                                	MVO@ R0,R5
                                	MVO@ R0,R5
                                	MVO@ R0,R5
                                    ENDI

                                    IF intybasic_music
                                     	MVI _ntsc,R0
                                	RRC R0,1	 ; PAL?
                                	BNC @@vo97      ; Yes, always emit sound
                                	MVI _music_frame,R0
                                	INCR R0
                                	CMPI #6,R0
                                	BNE @@vo14
                                	CLRR R0
                                @@vo14:	MVO R0,_music_frame
                                	BEQ @@vo15
                                @@vo97:	CALL _emit_sound
                                    IF intybasic_music_ecs
                                	CALL _emit_sound_ecs
                                    ENDI
                                @@vo15:
                                    ENDI

                                	;
                                	; Detect GRAM definition
                                	;
5CB0   0284 0344                	MVI _gram_bitmap,R4
5CB2   00A4                     	TSTR R4
5CB3   0204 001E                	BEQ @@vi1
5CB5   0281 0105                	MVI _gram_target,R1
5CB7   004D                     	SLL R1,2
5CB8   0049                     	SLL R1,1
5CB9   02F9 3800                	ADDI #$3800,R1
5CBB   008D                     	MOVR R1,R5
5CBC   0280 0106                	MVI _gram_total,R0
0x5CBE                          @@vi3:
5CBE   02A1                     	MVI@    R4,     R1
5CBF   0269                     	MVO@    R1,     R5
5CC0   0041                     	SWAP    R1
5CC1   0269                     	MVO@    R1,     R5
5CC2   02A1                     	MVI@    R4,     R1
5CC3   0269                     	MVO@    R1,     R5
5CC4   0041                     	SWAP    R1
5CC5   0269                     	MVO@    R1,     R5
5CC6   02A1                     	MVI@    R4,     R1
5CC7   0269                     	MVO@    R1,     R5
5CC8   0041                     	SWAP    R1
5CC9   0269                     	MVO@    R1,     R5
5CCA   02A1                     	MVI@    R4,     R1
5CCB   0269                     	MVO@    R1,     R5
5CCC   0041                     	SWAP    R1
5CCD   0269                     	MVO@    R1,     R5
5CCE   0010                     	DECR R0
5CCF   022C 0012                	BNE @@vi3
5CD1   0240 0344                	MVO R0,_gram_bitmap
0x5CD3                          @@vi1:
5CD3   0284 0345                	MVI _gram2_bitmap,R4
5CD5   00A4                     	TSTR R4
5CD6   0204 001E                	BEQ @@vii1
5CD8   0281 0107                	MVI _gram2_target,R1
5CDA   004D                     	SLL R1,2
5CDB   0049                     	SLL R1,1
5CDC   02F9 3800                	ADDI #$3800,R1
5CDE   008D                     	MOVR R1,R5
5CDF   0280 0108                	MVI _gram2_total,R0
0x5CE1                          @@vii3:
5CE1   02A1                     	MVI@    R4,     R1
5CE2   0269                     	MVO@    R1,     R5
5CE3   0041                     	SWAP    R1
5CE4   0269                     	MVO@    R1,     R5
5CE5   02A1                     	MVI@    R4,     R1
5CE6   0269                     	MVO@    R1,     R5
5CE7   0041                     	SWAP    R1
5CE8   0269                     	MVO@    R1,     R5
5CE9   02A1                     	MVI@    R4,     R1
5CEA   0269                     	MVO@    R1,     R5
5CEB   0041                     	SWAP    R1
5CEC   0269                     	MVO@    R1,     R5
5CED   02A1                     	MVI@    R4,     R1
5CEE   0269                     	MVO@    R1,     R5
5CEF   0041                     	SWAP    R1
5CF0   0269                     	MVO@    R1,     R5
5CF1   0010                     	DECR R0
5CF2   022C 0012                	BNE @@vii3
5CF4   0240 0345                	MVO R0,_gram2_bitmap
0x5CF6                          @@vii1:

                                    IF intybasic_scroll
                                	;
                                	; Frame scroll support
                                	;
                                	MVI _scroll_d,R0
                                	TSTR R0
                                	BEQ @@vi4
                                	CLRR R1
                                	MVO R1,_scroll_d
                                	DECR R0     ; Left
                                	BEQ @@vi5
                                	DECR R0     ; Right
                                	BEQ @@vi6
                                	DECR R0     ; Top
                                	BEQ @@vi7
                                	DECR R0     ; Bottom
                                	BEQ @@vi8
                                	B @@vi4

                                @@vi5:  MVII #$0200,R4
                                	MOVR R4,R5
                                	INCR R5
                                	MVII #12,R1
                                @@vi12: MVI@ R4,R2
                                	MVI@ R4,R3
                                	REPEAT 8
                                	MVO@ R2,R5
                                	MVI@ R4,R2
                                	MVO@ R3,R5
                                	MVI@ R4,R3
                                	ENDR
                                	MVO@ R2,R5
                                	MVI@ R4,R2
                                	MVO@ R3,R5
                                	MVO@ R2,R5
                                	INCR R4
                                	INCR R5
                                	DECR R1
                                	BNE @@vi12
                                	B @@vi4

                                @@vi6:  MVII #$0201,R4
                                	MVII #$0200,R5
                                	MVII #12,R1
                                @@vi11:
                                	REPEAT 19
                                	MVI@ R4,R0
                                	MVO@ R0,R5
                                	ENDR
                                	INCR R4
                                	INCR R5
                                	DECR R1
                                	BNE @@vi11
                                	B @@vi4
                                    
                                	;
                                	; Complex routine to be ahead of STIC display
                                	; Moves first the top 6 lines, saves intermediate line
                                	; Then moves the bottom 6 lines and restores intermediate line
                                	;
                                @@vi7:  MVII #$0264,R4
                                	MVII #5,R1
                                	MVII #_scroll_buffer,R5
                                	REPEAT 20
                                	MVI@ R4,R0
                                	MVO@ R0,R5
                                	ENDR
                                	SUBI #40,R4
                                	MOVR R4,R5
                                	ADDI #20,R5
                                @@vi10:
                                	REPEAT 20
                                	MVI@ R4,R0
                                	MVO@ R0,R5
                                	ENDR
                                	SUBI #40,R4
                                	SUBI #40,R5
                                	DECR R1
                                	BNE @@vi10
                                	MVII #$02C8,R4
                                	MVII #$02DC,R5
                                	MVII #5,R1
                                @@vi13:
                                	REPEAT 20
                                	MVI@ R4,R0
                                	MVO@ R0,R5
                                	ENDR
                                	SUBI #40,R4
                                	SUBI #40,R5
                                	DECR R1
                                	BNE @@vi13
                                	MVII #_scroll_buffer,R4
                                	REPEAT 20
                                	MVI@ R4,R0
                                	MVO@ R0,R5
                                	ENDR
                                	B @@vi4

                                @@vi8:  MVII #$0214,R4
                                	MVII #$0200,R5
                                	MVII #$DC/4,R1
                                @@vi9:  
                                	REPEAT 4
                                	MVI@ R4,R0
                                	MVO@ R0,R5
                                	ENDR
                                	DECR R1
                                	BNE @@vi9
                                	B @@vi4

                                @@vi4:
                                    ENDI

                                    IF intybasic_voice
                                	;
                                	; Intellivoice support
                                	;
                                	CALL IV_ISR
                                    ENDI

                                	;
                                	; Random number generator
                                	;
5CF6   0004 015C 00FF           	CALL _next_random

                                    IF intybasic_music
                                	; Generate sound for next frame
                                       	MVI _ntsc,R0
                                	RRC R0,1	 ; PAL?
                                	BNC @@vo98      ; Yes, always generate sound
                                	MVI _music_frame,R0
                                	TSTR R0
                                	BEQ @@vo16
                                @@vo98: CALL _generate_music
                                @@vo16:
                                    ENDI

                                	; Increase frame number
5CF9   0280 0342                	MVI _frame,R0
5CFB   0008                     	INCR R0
5CFC   0240 0342                	MVO R0,_frame

                                	; This mark is for ON FRAME GOSUB support

5CFE   02B7                     	RETURN
                                	ENDP

                                	;
                                	; Generates the next random number
                                	;
0x5CFF                          _next_random:	PROC

                                MACRO _ROR
                                	RRC R0,1
                                	MOVR R0,R2
                                	SLR R2,2
                                	SLR R2,2
                                	ANDI #$0800,R2
                                	SLR R2,2
                                	SLR R2,2
                                	ANDI #$007F,R0
                                	XORR R2,R0
                                ENDM
5CFF   0280 0104                	MVI _rand,R0
5D01   0007                     	SETC
                                ;	_ROR
5D02   0070                     	RRC R0,1
5D03   0082                     	MOVR R0,R2
5D04   0066                     	SLR R2,2
5D05   0066                     	SLR R2,2
5D06   03BA 0800                	ANDI #$0800,R2
5D08   0066                     	SLR R2,2
5D09   0066                     	SLR R2,2
5D0A   03B8 007F                	ANDI #$007F,R0
5D0C   01D0                     	XORR R2,R0
5D0D   03C0 0342                	XOR _frame,R0
                                ;	_ROR
5D0F   0070                     	RRC R0,1
5D10   0082                     	MOVR R0,R2
5D11   0066                     	SLR R2,2
5D12   0066                     	SLR R2,2
5D13   03BA 0800                	ANDI #$0800,R2
5D15   0066                     	SLR R2,2
5D16   0066                     	SLR R2,2
5D17   03B8 007F                	ANDI #$007F,R0
5D19   01D0                     	XORR R2,R0
5D1A   03C0 0104                	XOR _rand,R0
                                ;	_ROR
5D1C   0070                     	RRC R0,1
5D1D   0082                     	MOVR R0,R2
5D1E   0066                     	SLR R2,2
5D1F   0066                     	SLR R2,2
5D20   03BA 0800                	ANDI #$0800,R2
5D22   0066                     	SLR R2,2
5D23   0066                     	SLR R2,2
5D24   03B8 007F                	ANDI #$007F,R0
5D26   01D0                     	XORR R2,R0
5D27   03F8 0009                	XORI #9,R0
5D29   0240 0104                	MVO R0,_rand
5D2B   00AF                     	JR R5
                                	ENDP

                                    IF intybasic_music

                                	;
                                	; Music player, comes from my game Princess Quest for Intellivision
                                	; so it's a practical tracker used in a real game ;) and with enough
                                	; features.
                                	;

                                	; NTSC frequency for notes (based on 3.579545 mhz)
                                ntsc_note_table:    PROC
                                	; Silence - 0
                                	DECLE 0
                                	; Octave 2 - 1
                                	DECLE 1721,1621,1532,1434,1364,1286,1216,1141,1076,1017,956,909
                                	; Octave 3 - 13
                                	DECLE 854,805,761,717,678,639,605,571,538,508,480,453
                                	; Octave 4 - 25
                                	DECLE 427,404,380,360,339,321,302,285,270,254,240,226
                                	; Octave 5 - 37
                                	DECLE 214,202,191,180,170,160,151,143,135,127,120,113
                                	; Octave 6 - 49
                                	DECLE 107,101,95,90,85,80,76,71,67,64,60,57
                                	; Octave 7 - 61
                                	DECLE 54
                                	; Space for two notes more
                                	ENDP

                                	; PAL frequency for notes (based on 4 mhz)
                                pal_note_table:    PROC
                                	; Silence - 0
                                	DECLE 0
                                	; Octava 2 - 1
                                	DECLE 1923,1812,1712,1603,1524,1437,1359,1276,1202,1136,1068,1016
                                	; Octava 3 - 13
                                	DECLE 954,899,850,801,758,714,676,638,601,568,536,506
                                	; Octava 4 - 25
                                	DECLE 477,451,425,402,379,358,338,319,301,284,268,253
                                	; Octava 5 - 37
                                	DECLE 239,226,213,201,190,179,169,159,150,142,134,127
                                	; Octava 6 - 49
                                	DECLE 120,113,106,100,95,89,84,80,75,71,67,63
                                	; Octava 7 - 61
                                	DECLE 60
                                	; Space for two notes more
                                	ENDP
                                    ENDI

                                	;
                                	; Music tracker init
                                	;
0x5D2C                          _init_music:	PROC
                                    IF intybasic_music
                                	MVI _ntsc,R0
                                	RRC R0,1
                                	MVII #ntsc_note_table,R0
                                	BC @@0
                                	MVII #pal_note_table,R0
                                @@0:	MVO R0,_music_table
                                	MVII #$38,R0	; $B8 blocks controllers o.O!
                                	MVO R0,_music_mix
                                    IF intybasic_music_ecs
                                	MVO R0,_music2_mix
                                    ENDI
                                	CLRR R0
                                    ELSE
5D2C   00AF                     	JR R5		; Tracker disabled (no PLAY statement used)
                                    ENDI
                                	ENDP

                                    IF intybasic_music
                                	;
                                	; Start music
                                	; R0 = Pointer to music
                                	;
                                _play_music:	PROC
                                	MVII #1,R1
                                	MOVR R1,R3
                                	MOVR R0,R2
                                	BEQ @@1
                                	MVI@ R2,R3
                                	INCR R2
                                @@1:	MVO R2,_music_p
                                	MVO R2,_music_start
                                	SWAP R2
                                	MVO R2,_music_start+1
                                	MVO R3,_music_t
                                	MVO R1,_music_tc
                                	JR R5

                                	ENDP

                                	;
                                	; Generate music
                                	;
                                _generate_music:	PROC
                                	BEGIN
                                	MVI _music_mix,R0
                                	ANDI #$C0,R0
                                	XORI #$38,R0
                                	MVO R0,_music_mix
                                    IF intybasic_music_ecs
                                	MVI _music2_mix,R0
                                	ANDI #$C0,R0
                                	XORI #$38,R0
                                	MVO R0,_music2_mix
                                    ENDI
                                	CLRR R1			; Turn off volume for the three sound channels
                                	MVO R1,_music_vol1
                                	MVO R1,_music_vol2
                                	MVI _music_tc,R3
                                	MVO R1,_music_vol3
                                    IF intybasic_music_ecs
                                	MVO R1,_music2_vol1
                                	NOP
                                	MVO R1,_music2_vol2
                                	MVO R1,_music2_vol3
                                    ENDI
                                	DECR R3
                                	MVO R3,_music_tc
                                	BNE @@6
                                	; R3 is zero from here up to @@6
                                	MVI _music_p,R4
                                @@15:	TSTR R4		; Silence?
                                	BEQ @@43	; Keep quiet
                                @@41:	MVI@ R4,R0
                                	MVI@ R4,R1
                                	MVI _music_t,R2
                                	CMPI #$FA00,R1	; Volume?
                                	BNC @@42
                                    IF intybasic_music_volume
                                	BEQ @@40
                                    ENDI
                                	CMPI #$FF00,R1	; Speed?
                                	BEQ @@39
                                	CMPI #$FB00,R1	; Return?
                                	BEQ @@38
                                	CMPI #$FC00,R1	; Gosub?
                                	BEQ @@37
                                	CMPI #$FE00,R1	; The end?
                                	BEQ @@36       ; Keep quiet
                                ;	CMPI #$FD00,R1	; Repeat?
                                ;	BNE @@42
                                	MVI _music_start+1,R0
                                	SWAP R0
                                	ADD _music_start,R0
                                	MOVR R0,R4
                                	B @@15

                                    IF intybasic_music_volume
                                @@40:	
                                	MVO R0,_music_vol
                                	B @@41
                                    ENDI

                                @@39:	MVO R0,_music_t
                                	MOVR R0,R2
                                	B @@41

                                @@38:	MVI _music_gosub,R4
                                	B @@15

                                @@37:	MVO R4,_music_gosub
                                @@36:	MOVR R0,R4	; Jump, zero will make it quiet
                                	B @@15

                                @@43:	MVII #1,R0
                                	MVO R0,_music_tc
                                	B @@0
                                	
                                @@42: 	MVO R2,_music_tc    ; Restart note time
                                     	MVO R4,_music_p
                                     	
                                	MOVR R0,R2
                                	ANDI #$FF,R2
                                	CMPI #$3F,R2	; Sustain note?
                                	BEQ @@1
                                	MOVR R2,R4
                                	ANDI #$3F,R4
                                	MVO R4,_music_n1	; Note
                                	MVO R3,_music_s1	; Waveform
                                	ANDI #$C0,R2
                                	MVO R2,_music_i1	; Instrument
                                	
                                @@1:	SWAP R0
                                	ANDI #$FF,R0
                                	CMPI #$3F,R0	; Sustain note?
                                	BEQ @@2
                                	MOVR R0,R4
                                	ANDI #$3F,R4
                                	MVO R4,_music_n2	; Note
                                	MVO R3,_music_s2	; Waveform
                                	ANDI #$C0,R0
                                	MVO R0,_music_i2	; Instrument
                                	
                                @@2:	MOVR R1,R2
                                	ANDI #$FF,R2
                                	CMPI #$3F,R2	; Sustain note?
                                	BEQ @@3
                                	MOVR R2,R4
                                	ANDI #$3F,R4
                                	MVO R4,_music_n3	; Note
                                	MVO R3,_music_s3	; Waveform
                                	ANDI #$C0,R2
                                	MVO R2,_music_i3	; Instrument
                                	
                                @@3:	SWAP R1
                                	MVO R1,_music_n4
                                	MVO R3,_music_s4
                                	
                                    IF intybasic_music_ecs
                                	MVI _music_p,R4
                                	MVI@ R4,R0
                                	MVI@ R4,R1
                                	MVO R4,_music_p

                                	MOVR R0,R2
                                	ANDI #$FF,R2
                                	CMPI #$3F,R2	; Sustain note?
                                	BEQ @@33
                                	MOVR R2,R4
                                	ANDI #$3F,R4
                                	MVO R4,_music_n5	; Note
                                	MVO R3,_music_s5	; Waveform
                                	ANDI #$C0,R2
                                	MVO R2,_music_i5	; Instrument
                                	
                                @@33:	SWAP R0
                                	ANDI #$FF,R0
                                	CMPI #$3F,R0	; Sustain note?
                                	BEQ @@34
                                	MOVR R0,R4
                                	ANDI #$3F,R4
                                	MVO R4,_music_n6	; Note
                                	MVO R3,_music_s6	; Waveform
                                	ANDI #$C0,R0
                                	MVO R0,_music_i6	; Instrument
                                	
                                @@34:	MOVR R1,R2
                                	ANDI #$FF,R2
                                	CMPI #$3F,R2	; Sustain note?
                                	BEQ @@35
                                	MOVR R2,R4
                                	ANDI #$3F,R4
                                	MVO R4,_music_n7	; Note
                                	MVO R3,_music_s7	; Waveform
                                	ANDI #$C0,R2
                                	MVO R2,_music_i7	; Instrument
                                	
                                @@35:	MOVR R1,R2
                                	SWAP R2
                                	MVO R2,_music_n8
                                	MVO R3,_music_s8
                                	
                                    ENDI

                                	;
                                	; Construct main voice
                                	;
                                @@6:	MVI _music_n1,R3	; Read note
                                	TSTR R3		; There is note?
                                	BEQ @@7		; No, jump
                                	MVI _music_s1,R1
                                	MVI _music_i1,R2
                                	MOVR R1,R0
                                	CALL _note2freq
                                	MVO R3,_music_freq10	; Note in voice A
                                	SWAP R3
                                	MVO R3,_music_freq11
                                	MVO R1,_music_vol1
                                	; Increase time for instrument waveform
                                	INCR R0
                                	CMPI #$18,R0
                                	BNE @@20
                                	SUBI #$08,R0
                                @@20:	MVO R0,_music_s1

                                @@7:	MVI _music_n2,R3	; Read note
                                	TSTR R3		; There is note?
                                	BEQ @@8		; No, jump
                                	MVI _music_s2,R1
                                	MVI _music_i2,R2
                                	MOVR R1,R0
                                	CALL _note2freq
                                	MVO R3,_music_freq20	; Note in voice B
                                	SWAP R3
                                	MVO R3,_music_freq21
                                	MVO R1,_music_vol2
                                	; Increase time for instrument waveform
                                	INCR R0
                                	CMPI #$18,R0
                                	BNE @@21
                                	SUBI #$08,R0
                                @@21:	MVO R0,_music_s2

                                @@8:	MVI _music_n3,R3	; Read note
                                	TSTR R3		; There is note?
                                	BEQ @@9		; No, jump
                                	MVI _music_s3,R1
                                	MVI _music_i3,R2
                                	MOVR R1,R0
                                	CALL _note2freq
                                	MVO R3,_music_freq30	; Note in voice C
                                	SWAP R3
                                	MVO R3,_music_freq31
                                	MVO R1,_music_vol3
                                	; Increase time for instrument waveform
                                	INCR R0
                                	CMPI #$18,R0
                                	BNE @@22
                                	SUBI #$08,R0
                                @@22:	MVO R0,_music_s3

                                @@9:	MVI _music_n4,R0	; Read drum
                                	DECR R0		; There is drum?
                                	BMI @@4		; No, jump
                                	MVI _music_s4,R1
                                	       		; 1 - Strong
                                	BNE @@5
                                	CMPI #3,R1
                                	BGE @@12
                                @@10:	MVII #5,R0
                                	MVO R0,_music_noise
                                	CALL _activate_drum
                                	B @@12

                                @@5:	DECR R0		;2 - Short
                                	BNE @@11
                                	TSTR R1
                                	BNE @@12
                                	MVII #8,R0
                                	MVO R0,_music_noise
                                	CALL _activate_drum
                                	B @@12

                                @@11:	;DECR R0	; 3 - Rolling
                                	;BNE @@12
                                	CMPI #2,R1
                                	BLT @@10
                                	MVI _music_t,R0
                                	SLR R0,1
                                	CMPR R0,R1
                                	BLT @@12
                                	ADDI #2,R0
                                	CMPR R0,R1
                                	BLT @@10
                                	; Increase time for drum waveform
                                @@12:   INCR R1
                                	MVO R1,_music_s4

                                @@4:
                                    IF intybasic_music_ecs
                                	;
                                	; Construct main voice
                                	;
                                	MVI _music_n5,R3	; Read note
                                	TSTR R3		; There is note?
                                	BEQ @@23	; No, jump
                                	MVI _music_s5,R1
                                	MVI _music_i5,R2
                                	MOVR R1,R0
                                	CALL _note2freq
                                	MVO R3,_music2_freq10	; Note in voice A
                                	SWAP R3
                                	MVO R3,_music2_freq11
                                	MVO R1,_music2_vol1
                                	; Increase time for instrument waveform
                                	INCR R0
                                	CMPI #$18,R0
                                	BNE @@24
                                	SUBI #$08,R0
                                @@24:	MVO R0,_music_s5

                                @@23:	MVI _music_n6,R3	; Read note
                                	TSTR R3		; There is note?
                                	BEQ @@25		; No, jump
                                	MVI _music_s6,R1
                                	MVI _music_i6,R2
                                	MOVR R1,R0
                                	CALL _note2freq
                                	MVO R3,_music2_freq20	; Note in voice B
                                	SWAP R3
                                	MVO R3,_music2_freq21
                                	MVO R1,_music2_vol2
                                	; Increase time for instrument waveform
                                	INCR R0
                                	CMPI #$18,R0
                                	BNE @@26
                                	SUBI #$08,R0
                                @@26:	MVO R0,_music_s6

                                @@25:	MVI _music_n7,R3	; Read note
                                	TSTR R3		; There is note?
                                	BEQ @@27		; No, jump
                                	MVI _music_s7,R1
                                	MVI _music_i7,R2
                                	MOVR R1,R0
                                	CALL _note2freq
                                	MVO R3,_music2_freq30	; Note in voice C
                                	SWAP R3
                                	MVO R3,_music2_freq31
                                	MVO R1,_music2_vol3
                                	; Increase time for instrument waveform
                                	INCR R0
                                	CMPI #$18,R0
                                	BNE @@28
                                	SUBI #$08,R0
                                @@28:	MVO R0,_music_s7

                                @@27:	MVI _music_n8,R0	; Read drum
                                	DECR R0		; There is drum?
                                	BMI @@0		; No, jump
                                	MVI _music_s8,R1
                                	       		; 1 - Strong
                                	BNE @@29
                                	CMPI #3,R1
                                	BGE @@31
                                @@32:	MVII #5,R0
                                	MVO R0,_music2_noise
                                	CALL _activate_drum_ecs
                                	B @@31

                                @@29:	DECR R0		;2 - Short
                                	BNE @@30
                                	TSTR R1
                                	BNE @@31
                                	MVII #8,R0
                                	MVO R0,_music2_noise
                                	CALL _activate_drum_ecs
                                	B @@31

                                @@30:	;DECR R0	; 3 - Rolling
                                	;BNE @@31
                                	CMPI #2,R1
                                	BLT @@32
                                	MVI _music_t,R0
                                	SLR R0,1
                                	CMPR R0,R1
                                	BLT @@31
                                	ADDI #2,R0
                                	CMPR R0,R1
                                	BLT @@32
                                	; Increase time for drum waveform
                                @@31:	INCR R1
                                	MVO R1,_music_s8

                                    ENDI
                                @@0:	RETURN
                                	ENDP

                                	;
                                	; Translates note number to frequency
                                	; R3 = Note
                                	; R1 = Position in waveform for instrument
                                	; R2 = Instrument
                                	;
                                _note2freq:	PROC
                                	ADD _music_table,R3
                                	MVI@ R3,R3
                                	SWAP R2
                                	BEQ _piano_instrument
                                	RLC R2,1
                                	BNC _clarinet_instrument
                                	BPL _flute_instrument
                                ;	BMI _bass_instrument
                                	ENDP

                                	;
                                	; Generates a bass
                                	;
                                _bass_instrument:	PROC
                                	SLL R3,2	; Lower 2 octaves
                                	ADDI #_bass_volume,R1
                                	MVI@ R1,R1	; Bass effect
                                    IF intybasic_music_volume
                                	B _global_volume
                                    ELSE
                                	JR R5
                                    ENDI
                                	ENDP

                                _bass_volume:	PROC
                                	DECLE 12,13,14,14,13,12,12,12
                                	DECLE 11,11,12,12,11,11,12,12
                                	DECLE 11,11,12,12,11,11,12,12
                                	ENDP

                                	;
                                	; Generates a piano
                                	; R3 = Frequency
                                	; R1 = Waveform position
                                	;
                                	; Output:
                                	; R3 = Frequency.
                                	; R1 = Volume.
                                	;
                                _piano_instrument:	PROC
                                	ADDI #_piano_volume,R1
                                	MVI@ R1,R1
                                    IF intybasic_music_volume
                                	B _global_volume
                                    ELSE
                                	JR R5
                                    ENDI
                                	ENDP

                                _piano_volume:	PROC
                                	DECLE 14,13,13,12,12,11,11,10
                                	DECLE 10,9,9,8,8,7,7,6
                                	DECLE 6,6,7,7,6,6,5,5
                                	ENDP

                                	;
                                	; Generate a clarinet
                                	; R3 = Frequency
                                	; R1 = Waveform position
                                	;
                                	; Output:
                                	; R3 = Frequency
                                	; R1 = Volume
                                	;
                                _clarinet_instrument:	PROC
                                	ADDI #_clarinet_vibrato,R1
                                	ADD@ R1,R3
                                	CLRC
                                	RRC R3,1	; Duplicates frequency
                                	ADCR R3
                                	ADDI #_clarinet_volume-_clarinet_vibrato,R1
                                	MVI@ R1,R1
                                    IF intybasic_music_volume
                                	B _global_volume
                                    ELSE
                                	JR R5
                                    ENDI
                                	ENDP

                                _clarinet_vibrato:	PROC
                                	DECLE 0,0,0,0
                                	DECLE -2,-4,-2,0
                                	DECLE 2,4,2,0
                                	DECLE -2,-4,-2,0
                                	DECLE 2,4,2,0
                                	DECLE -2,-4,-2,0
                                	ENDP

                                _clarinet_volume:	PROC
                                	DECLE 13,14,14,13,13,12,12,12
                                	DECLE 11,11,11,11,12,12,12,12
                                	DECLE 11,11,11,11,12,12,12,12
                                	ENDP

                                	;
                                	; Generates a flute
                                	; R3 = Frequency
                                	; R1 = Waveform position
                                	;
                                	; Output:
                                	; R3 = Frequency
                                	; R1 = Volume
                                	;
                                _flute_instrument:	PROC
                                	ADDI #_flute_vibrato,R1
                                	ADD@ R1,R3
                                	ADDI #_flute_volume-_flute_vibrato,R1
                                	MVI@ R1,R1
                                    IF intybasic_music_volume
                                	B _global_volume
                                    ELSE
                                	JR R5
                                    ENDI
                                	ENDP

                                _flute_vibrato:	PROC
                                	DECLE 0,0,0,0
                                	DECLE 0,1,2,1
                                	DECLE 0,1,2,1
                                	DECLE 0,1,2,1
                                	DECLE 0,1,2,1
                                	DECLE 0,1,2,1
                                	ENDP
                                		 
                                _flute_volume:	PROC
                                	DECLE 10,12,13,13,12,12,12,12
                                	DECLE 11,11,11,11,10,10,10,10
                                	DECLE 11,11,11,11,10,10,10,10
                                	ENDP

                                    IF intybasic_music_volume

                                _global_volume:	PROC
                                	MVI _music_vol,R2
                                	ANDI #$0F,R2
                                	SLL R2,2
                                	SLL R2,2
                                	ADDR R1,R2
                                	ADDI #@@table,R2
                                	MVI@ R2,R1
                                	JR R5

                                @@table:
                                	DECLE 0,0,0,0,0,0,0,0,0,0,0,0,0,0,0,0
                                	DECLE 0,0,0,0,0,0,0,1,1,1,1,1,1,1,1,1
                                	DECLE 0,0,0,0,1,1,1,1,1,1,1,2,2,2,2,2
                                	DECLE 0,0,0,1,1,1,1,1,2,2,2,2,2,3,3,3
                                	DECLE 0,0,1,1,1,1,2,2,2,2,3,3,3,4,4,4
                                	DECLE 0,0,1,1,1,2,2,2,3,3,3,4,4,4,5,5
                                	DECLE 0,0,1,1,2,2,2,3,3,4,4,4,5,5,6,6
                                	DECLE 0,1,1,1,2,2,3,3,4,4,5,5,6,6,7,7
                                	DECLE 0,1,1,2,2,3,3,4,4,5,5,6,6,7,8,8
                                	DECLE 0,1,1,2,2,3,4,4,5,5,6,7,7,8,8,9
                                	DECLE 0,1,1,2,3,3,4,5,5,6,7,7,8,9,9,10
                                	DECLE 0,1,2,2,3,4,4,5,6,7,7,8,9,10,10,11
                                	DECLE 0,1,2,2,3,4,5,6,6,7,8,9,10,10,11,12
                                	DECLE 0,1,2,3,4,4,5,6,7,8,9,10,10,11,12,13
                                	DECLE 0,1,2,3,4,5,6,7,8,8,9,10,11,12,13,14
                                	DECLE 0,1,2,3,4,5,6,7,8,9,10,11,12,13,14,15

                                	ENDP

                                    ENDI

                                    IF intybasic_music_ecs
                                	;
                                	; Emits sound for ECS
                                	;
                                _emit_sound_ecs:	PROC
                                	MOVR R5,R1
                                	MVI _music_mode,R2
                                	SARC R2,1
                                	BEQ @@6
                                	MVII #_music2_freq10,R4
                                	MVII #$00F0,R5
                                	B _emit_sound.0

                                @@6:	JR R1

                                	ENDP

                                    ENDI

                                	;
                                	; Emits sound
                                	;
                                _emit_sound:	PROC
                                	MOVR R5,R1
                                	MVI _music_mode,R2
                                	SARC R2,1
                                	BEQ @@6
                                	MVII #_music_freq10,R4
                                	MVII #$01F0,R5
                                @@0:
                                	MVI@ R4,R0
                                	MVO@ R0,R5	; $01F0 - Channel A Period (Low 8 bits of 12)
                                	MVI@ R4,R0
                                	MVO@ R0,R5	; $01F1 - Channel B Period (Low 8 bits of 12)
                                	DECR R2
                                	BEQ @@1
                                	MVI@ R4,R0	
                                	MVO@ R0,R5	; $01F2 - Channel C Period (Low 8 bits of 12)
                                	INCR R5		; Avoid $01F3 - Enveloped Period (Low 8 bits of 16)
                                	MVI@ R4,R0
                                	MVO@ R0,R5	; $01F4 - Channel A Period (High 4 bits of 12)
                                	MVI@ R4,R0
                                	MVO@ R0,R5	; $01F5 - Channel B Period (High 4 bits of 12)
                                	MVI@ R4,R0
                                	MVO@ R0,R5	; $01F6 - Channel C Period (High 4 bits of 12)
                                	INCR R5		; Avoid $01F7 - Envelope Period (High 8 bits of 16)
                                	BC @@2		; Jump if playing with drums
                                	ADDI #2,R4
                                	ADDI #3,R5
                                	B @@3

                                @@2:	MVI@ R4,R0
                                	MVO@ R0,R5	; $01F8 - Enable Noise/Tone (bits 3-5 Noise : 0-2 Tone)
                                	MVI@ R4,R0	
                                	MVO@ R0,R5	; $01F9 - Noise Period (5 bits)
                                	INCR R5		; Avoid $01FA - Envelope Type (4 bits)
                                @@3:	MVI@ R4,R0
                                	MVO@ R0,R5	; $01FB - Channel A Volume
                                	MVI@ R4,R0
                                	MVO@ R0,R5	; $01FC - Channel B Volume
                                	MVI@ R4,R0
                                	MVO@ R0,R5	; $01FD - Channel C Volume
                                	JR R1

                                @@1:	INCR R4		
                                	INCR R5		; Avoid $01F2 and $01F3
                                	INCR R5		; Cannot use ADDI
                                	MVI@ R4,R0
                                	MVO@ R0,R5	; $01F4 - Channel A Period (High 4 bits of 12)
                                	MVI@ R4,R0
                                	MVO@ R0,R5	; $01F5 - Channel B Period (High 4 bits of 12)
                                	INCR R4
                                	INCR R5		; Avoid $01F6 and $01F7
                                	INCR R5		; Cannot use ADDI
                                	BC @@4		; Jump if playing with drums
                                	ADDI #2,R4
                                	ADDI #3,R5
                                	B @@5

                                @@4:	MVI@ R4,R0
                                	MVO@ R0,R5	; $01F8 - Enable Noise/Tone (bits 3-5 Noise : 0-2 Tone)
                                	MVI@ R4,R0
                                	MVO@ R0,R5	; $01F9 - Noise Period (5 bits)
                                	INCR R5		; Avoid $01FA - Envelope Type (4 bits)
                                @@5:	MVI@ R4,R0
                                	MVO@ R0,R5	; $01FB - Channel A Volume
                                	MVI@ R4,R0
                                	MVO@ R0,R5	; $01FC - Channel B Volume
                                @@6:	JR R1
                                	ENDP

                                	;
                                	; Activates drum
                                	;
                                _activate_drum:	PROC
                                    IF intybasic_music_volume
                                	BEGIN
                                    ENDI
                                	MVI _music_mode,R2
                                	SARC R2,1	; PLAY NO DRUMS?
                                	BNC @@0		; Yes, jump
                                	MVI _music_vol1,R0
                                	TSTR R0
                                	BNE @@1
                                	MVII #11,R1
                                    IF intybasic_music_volume
                                	CALL _global_volume
                                    ENDI
                                	MVO R1,_music_vol1
                                	MVI _music_mix,R0
                                	ANDI #$F6,R0
                                	XORI #$01,R0
                                	MVO R0,_music_mix
                                    IF intybasic_music_volume
                                	RETURN
                                    ELSE
                                	JR R5
                                    ENDI

                                @@1:    MVI _music_vol2,R0
                                	TSTR R0
                                	BNE @@2
                                	MVII #11,R1
                                    IF intybasic_music_volume
                                	CALL _global_volume
                                    ENDI
                                	MVO R1,_music_vol2
                                	MVI _music_mix,R0
                                	ANDI #$ED,R0
                                	XORI #$02,R0
                                	MVO R0,_music_mix
                                    IF intybasic_music_volume
                                	RETURN
                                    ELSE
                                	JR R5
                                    ENDI

                                @@2:    DECR R2		; PLAY SIMPLE?
                                	BEQ @@3		; Yes, jump
                                	MVI _music_vol3,R0
                                	TSTR R0
                                	BNE @@3
                                	MVII #11,R1
                                    IF intybasic_music_volume
                                	CALL _global_volume
                                    ENDI
                                	MVO R1,_music_vol3
                                	MVI _music_mix,R0
                                	ANDI #$DB,R0
                                	XORI #$04,R0
                                	MVO R0,_music_mix
                                    IF intybasic_music_volume
                                	RETURN
                                    ELSE
                                	JR R5
                                    ENDI

                                @@3:    MVI _music_mix,R0
                                	ANDI #$EF,R0
                                	MVO R0,_music_mix
                                @@0:	
                                    IF intybasic_music_volume
                                	RETURN
                                    ELSE
                                	JR R5
                                    ENDI

                                	ENDP

                                    IF intybasic_music_ecs
                                	;
                                	; Activates drum
                                	;
                                _activate_drum_ecs:	PROC
                                    IF intybasic_music_volume
                                	BEGIN
                                    ENDI
                                	MVI _music_mode,R2
                                	SARC R2,1	; PLAY NO DRUMS?
                                	BNC @@0		; Yes, jump
                                	MVI _music2_vol1,R0
                                	TSTR R0
                                	BNE @@1
                                	MVII #11,R1
                                    IF intybasic_music_volume
                                	CALL _global_volume
                                    ENDI
                                	MVO R1,_music2_vol1
                                	MVI _music2_mix,R0
                                	ANDI #$F6,R0
                                	XORI #$01,R0
                                	MVO R0,_music2_mix
                                    IF intybasic_music_volume
                                	RETURN
                                    ELSE
                                	JR R5
                                    ENDI

                                @@1:    MVI _music2_vol2,R0
                                	TSTR R0
                                	BNE @@2
                                	MVII #11,R1
                                    IF intybasic_music_volume
                                	CALL _global_volume
                                    ENDI
                                	MVO R1,_music2_vol2
                                	MVI _music2_mix,R0
                                	ANDI #$ED,R0
                                	XORI #$02,R0
                                	MVO R0,_music2_mix
                                    IF intybasic_music_volume
                                	RETURN
                                    ELSE
                                	JR R5
                                    ENDI

                                @@2:    DECR R2		; PLAY SIMPLE?
                                	BEQ @@3		; Yes, jump
                                	MVI _music2_vol3,R0
                                	TSTR R0
                                	BNE @@3
                                	MVII #11,R1
                                    IF intybasic_music_volume
                                	CALL _global_volume
                                    ENDI
                                	MVO R1,_music2_vol3
                                	MVI _music2_mix,R0
                                	ANDI #$DB,R0
                                	XORI #$04,R0
                                	MVO R0,_music2_mix
                                    IF intybasic_music_volume
                                	RETURN
                                    ELSE
                                	JR R5
                                    ENDI

                                @@3:    MVI _music2_mix,R0
                                	ANDI #$EF,R0
                                	MVO R0,_music2_mix
                                @@0:	
                                    IF intybasic_music_volume
                                	RETURN
                                    ELSE
                                	JR R5
                                    ENDI

                                	ENDP

                                    ENDI

                                    ENDI
                                    
                                    IF intybasic_numbers

                                ;;==========================================================================;;
                                ;; IntyBASIC SDK Library: print-num.asm                                     ;;
                                ;;--------------------------------------------------------------------------;;
                                ;;  This library is based on a BCD display algorithm originally proposed by ;;
                                ;;  Mark Ball (GroovyBee), with additional optimizations suggested by Joe   ;;
                                ;;  Zbiciak (intvnut) in the AtariAge Intellivision Programming forum.  It  ;;
                                ;;  is a novel implementation of Joe's PRNUM16() routine, intended to       ;;
                                ;;  execute much faster.                                                    ;;
                                ;;                                                                          ;;
                                ;;  The algorithm was then further optimized and adapted for the            ;;
                                ;;  P-Machinery framework by unrolling the loops, etc.  It was then         ;;
                                ;;  modified once again to support the original PRNUM16() functionality and ;;
                                ;;  invocation interface, and serve as a drop-in replacement in the         ;;
                                ;;  IntyBASIC run-time framework.                                           ;;
                                ;;--------------------------------------------------------------------------;;
                                ;;      The file is placed into the public domain by its author.            ;;
                                ;;      All copyrights are hereby relinquished on the routines and data in  ;;
                                ;;      this file.  -- James Pujals (DZ-Jay), 2024                          ;;
                                ;;==========================================================================;;

                                ;; ======================================================================== ;;
                                ;;  PRINT_NUM16_PAD                                                         ;;
                                ;;  Procedure to print an unsigned 16-bit value as a decimal number, left-  ;;
                                ;;  or right-justified, with optional pre-padding.  It also supports        ;;
                                ;;  variable field widths.                                                  ;;
                                ;;                                                                          ;;
                                ;;  DESCRIPTION:                                                            ;;
                                ;;      Depending on the entry point invoked, the number is printed in      ;;
                                ;;      either left- or right-justified format.  Right-justified numbers    ;;
                                ;;      are padded with leading zeros or blanks to fit the given width.     ;;
                                ;;      Left-justified numbers are not padded, and the field width argument ;;
                                ;;      is ignored.                                                         ;;
                                ;;                                                                          ;;
                                ;;      Examples:                                                           ;;
                                ;;          Routine               Value      Field       Output             ;;
                                ;;          ------------------  ---------  ----------  ----------           ;;
                                ;;          PRINT_NUM16_PAD.l      123        N/A       "123"               ;;
                                ;;          PRINT_NUM16_PAD.b      123         3        "123"               ;;
                                ;;          PRINT_NUM16_PAD.b      123         4        " 123"              ;;
                                ;;          PRINT_NUM16_PAD.b      123         7        "    123"           ;;
                                ;;          PRINT_NUM16_PAD.z      123         3        "123"               ;;
                                ;;          PRINT_NUM16_PAD.z      123         4        "0123"              ;;
                                ;;          PRINT_NUM16_PAD.z      123         7        "0000123"           ;;
                                ;;                                                                          ;;
                                ;;      After doing some housekeeping preparations for the variant invoked, ;;
                                ;;      the routine then identifies the lowest power-of-10 that is higher   ;;
                                ;;      than the input number.  It then proceeds to divide the number by    ;;
                                ;;      decreasing powers-of-ten to derive each digit to print, in          ;;
                                ;;      succession.  All divisions are made by repeated subtraction.        ;;
                                ;;                                                                          ;;
                                ;;      The routine does not access any RAM (other than the stack), or      ;;
                                ;;      depend on any external resources, so it is fully re-entrant.        ;;
                                ;;                                                                          ;;
                                ;;  CODESIZE:                                                               ;;
                                ;;      132 words, including jump tables and unrolled loops.                ;;
                                ;;                                                                          ;;
                                ;; ------------------------------------------------------------------------ ;;
                                ;;                                                                          ;;
                                ;;  There are three entry points to this procedure:                         ;;
                                ;;      PRINT_NUM16_PAD.l       Prints a left-justified 16-bit number.      ;;
                                ;;                                                                          ;;
                                ;;      PRINT_NUM16_PAD.z       Prints a right-justified 16-bit number,     ;;
                                ;;                              padded with zeros.                          ;;
                                ;;                                                                          ;;
                                ;;      PRINT_NUM16_PAD.b       Prints a right-justified 16-bit number,     ;;
                                ;;                              padded with blanks.                         ;;
                                ;;                                                                          ;;
                                ;;  NOTE:   The field width must be equal to, or wider than, the decimal    ;;
                                ;;          number width, or else the output will be corrupted.  Also, the  ;;
                                ;;          format word must be a valid BACKTAB color value.  If the format ;;
                                ;;          includes any other bits, it may corrupt the output.             ;;
                                ;;                                                                          ;;
                                ;;          The routine also supports field widths larger than 5 positions, ;;
                                ;;          padding them with zeros or blanks, as necessary.  However, no   ;;
                                ;;          bounds-checking is performed, so it is possible to attemp to    ;;
                                ;;          print beyond the BACKTAB bounds.                                ;;
                                ;;                                                                          ;;
                                ;;  INPUT for PRINT_NUM16_PAD (all variations)                              ;;
                                ;;      R0      16-bit numeric value.                                       ;;
                                ;;      R2      Print field width.                                          ;;
                                ;;      R3      BACKTAB format word for prefix char.                        ;;
                                ;;      R4      Pointer to BACKTAB destination.                             ;;
                                ;;      R5      Pointer to invocation record, followed by return address.   ;;
                                ;;                                                                          ;;
                                ;;  OUTPUT                                                                  ;;
                                ;;      R0      Trashed.                                                    ;;
                                ;;      R1      Trashed.                                                    ;;
                                ;;      R2      Trashed.                                                    ;;
                                ;;      R3      Trashed (color).                                            ;;
                                ;;      R4      Trashed  (1 word beyond end of number string in BACKTAB).   ;;
                                ;; ======================================================================== ;;
0x5D2D                          PRNUM16		PROC
0x5                             .max_width      QSET    5
0xFE07                          .chr_clrmask    QSET    $FE07
0x8                             .chr_offset     QSET    (1 SHL 3)
0x10                            .digit_base     QSET    ('0' - ' ')
0x80                            .lzero          QSET    (((.digit_base -  0) SHL 3) AND $FFFF)
0x78                            .lzero_even     QSET    (((.digit_base -  1) SHL 3) AND $FFFF)
0xD0                            .lzero_odd      QSET    (((.digit_base + 10) SHL 3) AND $FFFF)

                                                ; --------------------------------------
                                                ; Left-Justified (No Padding)
                                                ; --------------------------------------
5D2D   0275                     @@l:            BEGIN

5D2E   02BD 0008                                MVII    #.chr_offset,           R5      ; Initialize character advancement term

                                                ; --------------------------------------
                                                ; Find highest power of 10 to determine
                                                ; entry point to digits printing loop.
                                                ;   (The loop is unrolled for speed.)
                                                ;
                                                ;   pow = 4;
                                                ;   do {
                                                ;       if (val >= (10 ** pow--)) {
                                                ;           break;
                                                ;       }
                                                ;   } while (pow >= 0);
                                                ; --------------------------------------
5D30   0378 2710                @@__l_10_4:     CMPI    #10000, R0                      ;   if (val >= (10 ** pow--))
5D32   0201 004E                                BC      @@__pow4                        ;       break;

5D34   0378 03E8                @@__l_10_3:     CMPI    #1000,  R0                      ;   if (val >= (10 ** pow--))
5D36   0201 0046                                BC      @@__fix_10_3                    ;       break;

5D38   0378 0064                @@__l_10_2:     CMPI    #100,   R0                      ;   if (val >= (10 ** pow--))
5D3A   0201 005A                                BC      @@__pow2                        ;       break;

5D3C   0378 000A                @@__l_10_1:     CMPI    #10,    R0                      ;   if (val >= (10 ** pow--))
5D3E   0201 003A                                BC      @@__fix_10_1                    ;       break;

5D40   0080                     @@__l_10_0:     TSTR    R0                              ;   if (val != 0)
5D41   020C 0067                                BNZE    @@__pow0                        ;       break;
5D43   0200 0031                                B       @@__zero

                                                ; --------------------------------------
                                                ; Right-Justified: Zero-Padded
                                                ; --------------------------------------
5D45   03FB 0080                @@z:            XORI    #.lzero,R3                      ; Initialize prefix to character "0" (zero).

                                                ; --------------------------------------
                                                ; Right-Justified: Blank-Padded
                                                ; --------------------------------------
5D47   0091                     @@b:            MOVR    R2,     R1                      ; \
5D48   0339 0005                                SUBI    #5,     R1                      ;  > Is field size greater than max width?
5D4A   0206 0005                                BLE     @@__padding                     ; /     No:  Just pad field based on magnitude.
                                                                                        ;       Yes: Pad field until we reach max width.
                                                ; --------------------------------------
                                                ; Force padding until we reach max width
                                                ;   while (overflow > 0) {
                                                ;       print_at(prefix, pos++);
                                                ;       overflow--;
                                                ;   }
                                                ; --------------------------------------
5D4C   010A                                     SUBR    R1,     R2                      ; R1 = overflow; R2 = max width
5D4D   0263                     @@__pad_ovr:    MVO@    R3,     R4                      ; Print padding character ...
5D4E   0011                                     DECR    R1                              ; \_ Is overflow done?
5D4F   022C 0003                                BNZE    @@__pad_ovr                     ; /     No:  Continue padding.

5D51   0275                     @@__padding:    BEGIN

5D52   0099                                     MOVR    R3,     R1
5D53   03BB FE07                                ANDI    #.chr_clrmask,          R3      ; Clear out prefix character
5D55   02BD 0008                                MVII    #.chr_offset,           R5      ; Initialize character advancement term

5D57   02FA 5D59                                ADDI    #(@@__switch - 1),      R2      ; \_ Jump to entry point based on field width
5D59   0297                                     MVI@    R2,     PC                      ; /

5D5A   5D73                     @@__switch:     DECLE   @@__p_10_0  ; Width = 1: 10^0
5D5B   5D6E                                     DECLE   @@__p_10_1  ; Width = 2: 10^1
5D5C   5D69                                     DECLE   @@__p_10_2  ; Width = 3: 10^2
5D5D   5D64                                     DECLE   @@__p_10_3  ; Width = 4: 10^3
5D5E   5D5F                                     DECLE   @@__p_10_4  ; Width = 5: 10^4

                                                ; --------------------------------------
                                                ; Pad the field with prefix character
                                                ;   (The loop is unrolled for speed.)
                                                ;
                                                ;   pow = 4;  // 10^0..10^4
                                                ;   do {
                                                ;       if (val >= (10 ** pow--)) {
                                                ;           break;
                                                ;       }
                                                ;       print_at(prefix, pos++);
                                                ;   } while (pow >= 0);
                                                ; --------------------------------------
5D5F   0378 2710                @@__p_10_4:     CMPI    #10000, R0                      ;   if (val >= (10 ** pow--))
5D61   0201 001F                                BC      @@__pow4                        ;       break;
5D63   0261                                     MVO@    R1,     R4                      ;   print_at(prefix, pos++);

5D64   0378 03E8                @@__p_10_3:     CMPI    #1000,  R0                      ;   if (val >= (10 ** pow--))
5D66   0201 0016                                BC      @@__fix_10_3                    ;       break;
5D68   0261                                     MVO@    R1,     R4                      ;   print_at(prefix, pos++);

5D69   0378 0064                @@__p_10_2:     CMPI    #100,   R0                      ;   if (val >= (10 ** pow--))
5D6B   0201 0029                                BC      @@__pow2                        ;       break;
5D6D   0261                                     MVO@    R1,     R4                      ;   print_at(prefix, pos++);

5D6E   0378 000A                @@__p_10_1:     CMPI    #10,    R0                      ;   if (val >= (10 ** pow--))
5D70   0201 0008                                BC      @@__fix_10_1                    ;       break;
5D72   0261                                     MVO@    R1,     R4                      ;   print_at(prefix, pos++);

5D73   0080                     @@__p_10_0:     TSTR    R0                              ;   if (val != 0)
5D74   020C 0034                                BNZE    @@__pow0                        ;       break;

                                                ; --------------------------------------
                                                ; Special case for when value is zero
                                                ; --------------------------------------
5D76   03FB 0080                @@__zero:       XORI    #.lzero,R3                      ; Prepare formatted zero
5D78   0263                                     MVO@    R3,     R4                      ;       print_at(zero, pos++);
5D79   02B7                                     RETURN

                                                ; --------------------------------------
                                                ; Adjust value of odd powers, for direct
                                                ; entry into the PRINT_NUM16() routine.
                                                ; --------------------------------------
5D7A   0338 0064                @@__fix_10_1:   SUBI    #100,   R0                      ; \_ Adjust value to jump into 10^1 block
5D7C   0200 0022                                B       @@__pow1                        ; /

5D7E   0338 2710                @@__fix_10_3:   SUBI    #10000, R0                      ; \_ Adjust value to jump into 10^3 block
5D80   0200 000A                                B       @@__pow3                        ; /

                                                ; --------------------------------------
                                                ; Print decimal digits
                                                ; --------------------------------------

                                                ; 10^4: 10,000
                                                ; --------------------------------------
5D82   02B9 0078                @@__pow4:       MVII    #.lzero_even,           R1      ; Prep GROM character.
5D84   01D9                                     XORR    R3,     R1                      ; Mix in the STIC colors.
5D85   02BA 2710                                MVII    #10000, R2

5D87   00E9                     @@__d_10_4:     ADDR    R5,     R1
5D88   0110                                     SUBR    R2,     R0
5D89   0221 0003                                BC      @@__d_10_4
5D8B   0261                                     MVO@    R1,     R4                      ; Output to BACKTAB screen buffer.

                                                ; 10^3: 1,000
                                                ; --------------------------------------
5D8C   02B9 00D0                @@__pow3:       MVII    #.lzero_odd,            R1      ; Prep GROM character.
5D8E   01D9                                     XORR    R3,     R1                      ; Mix in the STIC colors.
5D8F   02BA 03E8                                MVII    #1000,  R2

5D91   0129                     @@__d_10_3:     SUBR    R5,     R1
5D92   00D0                                     ADDR    R2,     R0
5D93   0229 0003                                BNC     @@__d_10_3
5D95   0261                                     MVO@    R1,     R4                      ; Output to BACKTAB screen buffer.

                                                ; 10^2: 100
                                                ; --------------------------------------
5D96   02B9 0078                @@__pow2:       MVII    #.lzero_even,           R1      ; Prep GROM character.
5D98   01D9                                     XORR    R3,     R1                      ; Mix in the STIC colors.
5D99   02BA 0064                                MVII    #100,   R2

5D9B   00E9                     @@__d_10_2:     ADDR    R5,     R1
5D9C   0110                                     SUBR    R2,     R0
5D9D   0221 0003                                BC      @@__d_10_2
5D9F   0261                                     MVO@    R1,     R4                      ; Output to BACKTAB screen buffer.

                                                ; 10^1: 10
                                                ; --------------------------------------
5DA0   02B9 00D0                @@__pow1:       MVII    #.lzero_odd,            R1      ; Prep GROM character.
5DA2   01D9                                     XORR    R3,     R1                      ; Mix in the STIC colors.
5DA3   02BA 000A                                MVII    #10,    R2

5DA5   0129                     @@__d_10_1:     SUBR    R5,     R1
5DA6   00D0                                     ADDR    R2,     R0
5DA7   0229 0003                                BNC     @@__d_10_1
5DA9   0261                                     MVO@    R1,     R4                      ; Output to BACKTAB screen buffer.

                                                ; 10^0: 1
                                                ; --------------------------------------
5DAA   02F8 0010                @@__pow0:       ADDI    #.digit_base,           R0      ; Prep GROM character.
5DAC   004C                                     SLL     R0,     2                       ; \
5DAD   0048                                     SLL     R0,     1                       ;  > chr = ((chr << 3) ^ format);
5DAE   01D8                                     XORR    R3,     R0                      ; /
5DAF   0260                                     MVO@    R0,     R4                      ; Output to BACKTAB screen buffer.

                                                ; All done!
                                                ; --------------------------------------
5DB0   02B7                                     RETURN

0x84                            @@____size:     EQU     ($ - PRNUM16)
                                                ENDP

                                ;; ======================================================================== ;;
                                ;;  EOF: romseg-bs.mac                                                      ;;
                                ;; ======================================================================== ;;

                                    ENDI

                                    IF intybasic_voice
                                ;;==========================================================================;;
                                ;;  SP0256-AL2 Allophones						   ;;
                                ;;									  ;;
                                ;;  This file contains the allophone set that was obtained from an	  ;;
                                ;;  SP0256-AL2.  It is being provided for your convenience.		 ;;
                                ;;									  ;;
                                ;;  The directory "al2" contains a series of assembly files, each one       ;;
                                ;;  containing a single allophone.  This series of files may be useful in   ;;
                                ;;  situations where space is at a premium.				 ;;
                                ;;									  ;;
                                ;;  Consult the Archer SP0256-AL2 documentation (under doc/programming)     ;;
                                ;;  for more information about SP0256-AL2's allophone library.	      ;;
                                ;;									  ;;
                                ;; ------------------------------------------------------------------------ ;;
                                ;;									  ;;
                                ;;  Copyright information:						  ;;
                                ;;									  ;;
                                ;;  The allophone data below was extracted from the SP0256-AL2 ROM image.   ;;
                                ;;  The SP0256-AL2 allophones are NOT in the public domain, nor are they    ;;
                                ;;  placed under the GNU General Public License.  This program is	   ;;
                                ;;  distributed in the hope that it will be useful, but WITHOUT ANY	 ;;
                                ;;  WARRANTY; without even the implied warranty of MERCHANTABILITY or       ;;
                                ;;  FITNESS FOR A PARTICULAR PURPOSE.				       ;;
                                ;;									  ;;
                                ;;  Microchip, Inc. retains the copyright to the data and algorithms	;;
                                ;;  contained in the SP0256-AL2.  This speech data is distributed with      ;;
                                ;;  explicit permission from Microchip, Inc.  All such redistributions      ;;
                                ;;  must retain this notice of copyright.				   ;;
                                ;;									  ;;
                                ;;  No copyright claims are made on this data by the author(s) of SDK1600.  ;;
                                ;;  Please see http://spatula-city.org/~im14u2c/sp0256-al2/ for details.    ;;
                                ;;									  ;;
                                ;;==========================================================================;;

                                ;; ------------------------------------------------------------------------ ;;
                                _AA:
                                    DECLE   _AA.end - _AA - 1
                                    DECLE   $0318, $014C, $016F, $02CE, $03AF, $015F, $01B1, $008E
                                    DECLE   $0088, $0392, $01EA, $024B, $03AA, $039B, $000F, $0000
                                _AA.end:  ; 16 decles
                                ;; ------------------------------------------------------------------------ ;;
                                _AE1:
                                    DECLE   _AE1.end - _AE1 - 1
                                    DECLE   $0118, $038E, $016E, $01FC, $0149, $0043, $026F, $036E
                                    DECLE   $01CC, $0005, $0000
                                _AE1.end:  ; 11 decles
                                ;; ------------------------------------------------------------------------ ;;
                                _AO:
                                    DECLE   _AO.end - _AO - 1
                                    DECLE   $0018, $010E, $016F, $0225, $00C6, $02C4, $030F, $0160
                                    DECLE   $024B, $0005, $0000
                                _AO.end:  ; 11 decles
                                ;; ------------------------------------------------------------------------ ;;
                                _AR:
                                    DECLE   _AR.end - _AR - 1
                                    DECLE   $0218, $010C, $016E, $001E, $000B, $0091, $032F, $00DE
                                    DECLE   $018B, $0095, $0003, $0238, $0027, $01E0, $03E8, $0090
                                    DECLE   $0003, $01C7, $0020, $03DE, $0100, $0190, $01CA, $02AB
                                    DECLE   $00B7, $004A, $0386, $0100, $0144, $02B6, $0024, $0320
                                    DECLE   $0011, $0041, $01DF, $0316, $014C, $016E, $001E, $00C4
                                    DECLE   $02B2, $031E, $0264, $02AA, $019D, $01BE, $000B, $00F0
                                    DECLE   $006A, $01CE, $00D6, $015B, $03B5, $03E4, $0000, $0380
                                    DECLE   $0007, $0312, $03E8, $030C, $016D, $02EE, $0085, $03C2
                                    DECLE   $03EC, $0283, $024A, $0005, $0000
                                _AR.end:  ; 69 decles
                                ;; ------------------------------------------------------------------------ ;;
                                _AW:
                                    DECLE   _AW.end - _AW - 1
                                    DECLE   $0010, $01CE, $016E, $02BE, $0375, $034F, $0220, $0290
                                    DECLE   $008A, $026D, $013F, $01D5, $0316, $029F, $02E2, $018A
                                    DECLE   $0170, $0035, $00BD, $0000, $0000
                                _AW.end:  ; 21 decles
                                ;; ------------------------------------------------------------------------ ;;
                                _AX:
                                    DECLE   _AX.end - _AX - 1
                                    DECLE   $0218, $02CD, $016F, $02F5, $0386, $00C2, $00CD, $0094
                                    DECLE   $010C, $0005, $0000
                                _AX.end:  ; 11 decles
                                ;; ------------------------------------------------------------------------ ;;
                                _AY:
                                    DECLE   _AY.end - _AY - 1
                                    DECLE   $0110, $038C, $016E, $03B7, $03B3, $02AF, $0221, $009E
                                    DECLE   $01AA, $01B3, $00BF, $02E7, $025B, $0354, $00DA, $017F
                                    DECLE   $018A, $03F3, $00AF, $02D5, $0356, $027F, $017A, $01FB
                                    DECLE   $011E, $01B9, $03E5, $029F, $025A, $0076, $0148, $0124
                                    DECLE   $003D, $0000
                                _AY.end:  ; 34 decles
                                ;; ------------------------------------------------------------------------ ;;
                                _BB1:
                                    DECLE   _BB1.end - _BB1 - 1
                                    DECLE   $0318, $004C, $016C, $00FB, $00C7, $0144, $002E, $030C
                                    DECLE   $010E, $018C, $01DC, $00AB, $00C9, $0268, $01F7, $021D
                                    DECLE   $01B3, $0098, $0000
                                _BB1.end:  ; 19 decles
                                ;; ------------------------------------------------------------------------ ;;
                                _BB2:
                                    DECLE   _BB2.end - _BB2 - 1
                                    DECLE   $00F4, $0046, $0062, $0200, $0221, $03E4, $0087, $016F
                                    DECLE   $02A6, $02B7, $0212, $0326, $0368, $01BF, $0338, $0196
                                    DECLE   $0002
                                _BB2.end:  ; 17 decles
                                ;; ------------------------------------------------------------------------ ;;
                                _CH:
                                    DECLE   _CH.end - _CH - 1
                                    DECLE   $00F5, $0146, $0052, $0000, $032A, $0049, $0032, $02F2
                                    DECLE   $02A5, $0000, $026D, $0119, $0124, $00F6, $0000
                                _CH.end:  ; 15 decles
                                ;; ------------------------------------------------------------------------ ;;
                                _DD1:
                                    DECLE   _DD1.end - _DD1 - 1
                                    DECLE   $0318, $034C, $016E, $0397, $01B9, $0020, $02B1, $008E
                                    DECLE   $0349, $0291, $01D8, $0072, $0000
                                _DD1.end:  ; 13 decles
                                ;; ------------------------------------------------------------------------ ;;
                                _DD2:
                                    DECLE   _DD2.end - _DD2 - 1
                                    DECLE   $00F4, $00C6, $00F2, $0000, $0129, $00A6, $0246, $01F3
                                    DECLE   $02C6, $02B7, $028E, $0064, $0362, $01CF, $0379, $01D5
                                    DECLE   $0002
                                _DD2.end:  ; 17 decles
                                ;; ------------------------------------------------------------------------ ;;
                                _DH1:
                                    DECLE   _DH1.end - _DH1 - 1
                                    DECLE   $0018, $034F, $016D, $030B, $0306, $0363, $017E, $006A
                                    DECLE   $0164, $019E, $01DA, $00CB, $00E8, $027A, $03E8, $01D7
                                    DECLE   $0173, $00A1, $0000
                                _DH1.end:  ; 19 decles
                                ;; ------------------------------------------------------------------------ ;;
                                _DH2:
                                    DECLE   _DH2.end - _DH2 - 1
                                    DECLE   $0119, $034C, $016D, $030B, $0306, $0363, $017E, $006A
                                    DECLE   $0164, $019E, $01DA, $00CB, $00E8, $027A, $03E8, $01D7
                                    DECLE   $0173, $00A1, $0000
                                _DH2.end:  ; 19 decles
                                ;; ------------------------------------------------------------------------ ;;
                                _EH:
                                    DECLE   _EH.end - _EH - 1
                                    DECLE   $0218, $02CD, $016F, $0105, $014B, $0224, $02CF, $0274
                                    DECLE   $014C, $0005, $0000
                                _EH.end:  ; 11 decles
                                ;; ------------------------------------------------------------------------ ;;
                                _EL:
                                    DECLE   _EL.end - _EL - 1
                                    DECLE   $0118, $038D, $016E, $011C, $008B, $03D2, $030F, $0262
                                    DECLE   $006C, $019D, $01CC, $022B, $0170, $0078, $03FE, $0018
                                    DECLE   $0183, $03A3, $010D, $016E, $012E, $00C6, $00C3, $0300
                                    DECLE   $0060, $000D, $0005, $0000
                                _EL.end:  ; 28 decles
                                ;; ------------------------------------------------------------------------ ;;
                                _ER1:
                                    DECLE   _ER1.end - _ER1 - 1
                                    DECLE   $0118, $034C, $016E, $001C, $0089, $01C3, $034E, $03E6
                                    DECLE   $00AB, $0095, $0001, $0000, $03FC, $0381, $0000, $0188
                                    DECLE   $01DA, $00CB, $00E7, $0048, $03A6, $0244, $016C, $01A8
                                    DECLE   $03E4, $0000, $0002, $0001, $00FC, $01DA, $02E4, $0000
                                    DECLE   $0002, $0008, $0200, $0217, $0164, $0000, $000E, $0038
                                    DECLE   $0014, $01EA, $0264, $0000, $0002, $0048, $01EC, $02F1
                                    DECLE   $03CC, $016D, $021E, $0048, $00C2, $034E, $036A, $000D
                                    DECLE   $008D, $000B, $0200, $0047, $0022, $03A8, $0000, $0000
                                _ER1.end:  ; 64 decles
                                ;; ------------------------------------------------------------------------ ;;
                                _ER2:
                                    DECLE   _ER2.end - _ER2 - 1
                                    DECLE   $0218, $034C, $016E, $001C, $0089, $01C3, $034E, $03E6
                                    DECLE   $00AB, $0095, $0001, $0000, $03FC, $0381, $0000, $0190
                                    DECLE   $01D8, $00CB, $00E7, $0058, $01A6, $0244, $0164, $02A9
                                    DECLE   $0024, $0000, $0000, $0007, $0201, $02F8, $02E4, $0000
                                    DECLE   $0002, $0001, $00FC, $02DA, $0024, $0000, $0002, $0008
                                    DECLE   $0200, $0217, $0024, $0000, $000E, $0038, $0014, $03EA
                                    DECLE   $03A4, $0000, $0002, $0048, $01EC, $03F1, $038C, $016D
                                    DECLE   $021E, $0048, $00C2, $034E, $036A, $000D, $009D, $0003
                                    DECLE   $0200, $0047, $0022, $03A8, $0000, $0000
                                _ER2.end:  ; 70 decles
                                ;; ------------------------------------------------------------------------ ;;
                                _EY:
                                    DECLE   _EY.end - _EY - 1
                                    DECLE   $0310, $038C, $016E, $02A7, $00BB, $0160, $0290, $0094
                                    DECLE   $01CA, $03A9, $00C1, $02D7, $015B, $01D4, $03CE, $02FF
                                    DECLE   $00EA, $03E7, $0041, $0277, $025B, $0355, $03C9, $0103
                                    DECLE   $02EA, $03E4, $003F, $0000
                                _EY.end:  ; 28 decles
                                ;; ------------------------------------------------------------------------ ;;
                                _FF:
                                    DECLE   _FF.end - _FF - 1
                                    DECLE   $0119, $03C8, $0000, $00A7, $0094, $0138, $01C6, $0000
                                _FF.end:  ; 8 decles
                                ;; ------------------------------------------------------------------------ ;;
                                _GG1:
                                    DECLE   _GG1.end - _GG1 - 1
                                    DECLE   $00F4, $00C6, $00C2, $0200, $0015, $03FE, $0283, $01FD
                                    DECLE   $01E6, $00B7, $030A, $0364, $0331, $017F, $033D, $0215
                                    DECLE   $0002
                                _GG1.end:  ; 17 decles
                                ;; ------------------------------------------------------------------------ ;;
                                _GG2:
                                    DECLE   _GG2.end - _GG2 - 1
                                    DECLE   $00F4, $0106, $0072, $0300, $0021, $0308, $0039, $0173
                                    DECLE   $00C6, $00B7, $037E, $03A3, $0319, $0177, $0036, $0217
                                    DECLE   $0002
                                _GG2.end:  ; 17 decles
                                ;; ------------------------------------------------------------------------ ;;
                                _GG3:
                                    DECLE   _GG3.end - _GG3 - 1
                                    DECLE   $00F8, $0146, $00F2, $0100, $0132, $03A8, $0055, $01F5
                                    DECLE   $00A6, $02B7, $0291, $0326, $0368, $0167, $023A, $01C6
                                    DECLE   $0002
                                _GG3.end:  ; 17 decles
                                ;; ------------------------------------------------------------------------ ;;
                                _HH1:
                                    DECLE   _HH1.end - _HH1 - 1
                                    DECLE   $0218, $01C9, $0000, $0095, $0127, $0060, $01D6, $0213
                                    DECLE   $0002, $01AE, $033E, $01A0, $03C4, $0122, $0001, $0218
                                    DECLE   $01E4, $03FD, $0019, $0000
                                _HH1.end:  ; 20 decles
                                ;; ------------------------------------------------------------------------ ;;
                                _HH2:
                                    DECLE   _HH2.end - _HH2 - 1
                                    DECLE   $0218, $00CB, $0000, $0086, $000F, $0240, $0182, $031A
                                    DECLE   $02DB, $0008, $0293, $0067, $00BD, $01E0, $0092, $000C
                                    DECLE   $0000
                                _HH2.end:  ; 17 decles
                                ;; ------------------------------------------------------------------------ ;;
                                _IH:
                                    DECLE   _IH.end - _IH - 1
                                    DECLE   $0118, $02CD, $016F, $0205, $0144, $02C3, $00FE, $031A
                                    DECLE   $000D, $0005, $0000
                                _IH.end:  ; 11 decles
                                ;; ------------------------------------------------------------------------ ;;
                                _IY:
                                    DECLE   _IY.end - _IY - 1
                                    DECLE   $0318, $02CC, $016F, $0008, $030B, $01C3, $0330, $0178
                                    DECLE   $002B, $019D, $01F6, $018B, $01E1, $0010, $020D, $0358
                                    DECLE   $015F, $02A4, $02CC, $016F, $0109, $030B, $0193, $0320
                                    DECLE   $017A, $034C, $009C, $0017, $0001, $0200, $03C1, $0020
                                    DECLE   $00A7, $001D, $0001, $0104, $003D, $0040, $01A7, $01CA
                                    DECLE   $018B, $0160, $0078, $01F6, $0343, $01C7, $0090, $0000
                                _IY.end:  ; 48 decles
                                ;; ------------------------------------------------------------------------ ;;
                                _JH:
                                    DECLE   _JH.end - _JH - 1
                                    DECLE   $0018, $0149, $0001, $00A4, $0321, $0180, $01F4, $039A
                                    DECLE   $02DC, $023C, $011A, $0047, $0200, $0001, $018E, $034E
                                    DECLE   $0394, $0356, $02C1, $010C, $03FD, $0129, $00B7, $01BA
                                    DECLE   $0000
                                _JH.end:  ; 25 decles
                                ;; ------------------------------------------------------------------------ ;;
                                _KK1:
                                    DECLE   _KK1.end - _KK1 - 1
                                    DECLE   $00F4, $00C6, $00D2, $0000, $023A, $03E0, $02D1, $02E5
                                    DECLE   $0184, $0200, $0041, $0210, $0188, $00C5, $0000
                                _KK1.end:  ; 15 decles
                                ;; ------------------------------------------------------------------------ ;;
                                _KK2:
                                    DECLE   _KK2.end - _KK2 - 1
                                    DECLE   $021D, $023C, $0211, $003C, $0180, $024D, $0008, $032B
                                    DECLE   $025B, $002D, $01DC, $01E3, $007A, $0000
                                _KK2.end:  ; 14 decles
                                ;; ------------------------------------------------------------------------ ;;
                                _KK3:
                                    DECLE   _KK3.end - _KK3 - 1
                                    DECLE   $00F7, $0046, $01D2, $0300, $0131, $006C, $006E, $00F1
                                    DECLE   $00E4, $0000, $025A, $010D, $0110, $01F9, $014A, $0001
                                    DECLE   $00B5, $01A2, $00D8, $01CE, $0000
                                _KK3.end:  ; 21 decles
                                ;; ------------------------------------------------------------------------ ;;
                                _LL:
                                    DECLE   _LL.end - _LL - 1
                                    DECLE   $0318, $038C, $016D, $029E, $0333, $0260, $0221, $0294
                                    DECLE   $01C4, $0299, $025A, $00E6, $014C, $012C, $0031, $0000
                                _LL.end:  ; 16 decles
                                ;; ------------------------------------------------------------------------ ;;
                                _MM:
                                    DECLE   _MM.end - _MM - 1
                                    DECLE   $0210, $034D, $016D, $03F5, $00B0, $002E, $0220, $0290
                                    DECLE   $03CE, $02B6, $03AA, $00F3, $00CF, $015D, $016E, $0000
                                _MM.end:  ; 16 decles
                                ;; ------------------------------------------------------------------------ ;;
                                _NG1:
                                    DECLE   _NG1.end - _NG1 - 1
                                    DECLE   $0118, $03CD, $016E, $00DC, $032F, $01BF, $01E0, $0116
                                    DECLE   $02AB, $029A, $0358, $01DB, $015B, $01A7, $02FD, $02B1
                                    DECLE   $03D2, $0356, $0000
                                _NG1.end:  ; 19 decles
                                ;; ------------------------------------------------------------------------ ;;
                                _NN1:
                                    DECLE   _NN1.end - _NN1 - 1
                                    DECLE   $0318, $03CD, $016C, $0203, $0306, $03C3, $015F, $0270
                                    DECLE   $002A, $009D, $000D, $0248, $01B4, $0120, $01E1, $00C8
                                    DECLE   $0003, $0040, $0000, $0080, $015F, $0006, $0000
                                _NN1.end:  ; 23 decles
                                ;; ------------------------------------------------------------------------ ;;
                                _NN2:
                                    DECLE   _NN2.end - _NN2 - 1
                                    DECLE   $0018, $034D, $016D, $0203, $0306, $03C3, $015F, $0270
                                    DECLE   $002A, $0095, $0003, $0248, $01B4, $0120, $01E1, $0090
                                    DECLE   $000B, $0040, $0000, $0080, $015F, $019E, $01F6, $028B
                                    DECLE   $00E0, $0266, $03F6, $01D8, $0143, $01A8, $0024, $00C0
                                    DECLE   $0080, $0000, $01E6, $0321, $0024, $0260, $000A, $0008
                                    DECLE   $03FE, $0000, $0000
                                _NN2.end:  ; 43 decles
                                ;; ------------------------------------------------------------------------ ;;
                                _OR2:
                                    DECLE   _OR2.end - _OR2 - 1
                                    DECLE   $0218, $018C, $016D, $02A6, $03AB, $004F, $0301, $0390
                                    DECLE   $02EA, $0289, $0228, $0356, $01CF, $02D5, $0135, $007D
                                    DECLE   $02B5, $02AF, $024A, $02E2, $0153, $0167, $0333, $02A9
                                    DECLE   $02B3, $039A, $0351, $0147, $03CD, $0339, $02DA, $0000
                                _OR2.end:  ; 32 decles
                                ;; ------------------------------------------------------------------------ ;;
                                _OW:
                                    DECLE   _OW.end - _OW - 1
                                    DECLE   $0310, $034C, $016E, $02AE, $03B1, $00CF, $0304, $0192
                                    DECLE   $018A, $022B, $0041, $0277, $015B, $0395, $03D1, $0082
                                    DECLE   $03CE, $00B6, $03BB, $02DA, $0000
                                _OW.end:  ; 21 decles
                                ;; ------------------------------------------------------------------------ ;;
                                _OY:
                                    DECLE   _OY.end - _OY - 1
                                    DECLE   $0310, $014C, $016E, $02A6, $03AF, $00CF, $0304, $0192
                                    DECLE   $03CA, $01A8, $007F, $0155, $02B4, $027F, $00E2, $036A
                                    DECLE   $031F, $035D, $0116, $01D5, $02F4, $025F, $033A, $038A
                                    DECLE   $014F, $01B5, $03D5, $0297, $02DA, $03F2, $0167, $0124
                                    DECLE   $03FB, $0001
                                _OY.end:  ; 34 decles
                                ;; ------------------------------------------------------------------------ ;;
                                _PA1:
                                    DECLE   _PA1.end - _PA1 - 1
                                    DECLE   $00F1, $0000
                                _PA1.end:  ; 2 decles
                                ;; ------------------------------------------------------------------------ ;;
                                _PA2:
                                    DECLE   _PA2.end - _PA2 - 1
                                    DECLE   $00F4, $0000
                                _PA2.end:  ; 2 decles
                                ;; ------------------------------------------------------------------------ ;;
                                _PA3:
                                    DECLE   _PA3.end - _PA3 - 1
                                    DECLE   $00F7, $0000
                                _PA3.end:  ; 2 decles
                                ;; ------------------------------------------------------------------------ ;;
                                _PA4:
                                    DECLE   _PA4.end - _PA4 - 1
                                    DECLE   $00FF, $0000
                                _PA4.end:  ; 2 decles
                                ;; ------------------------------------------------------------------------ ;;
                                _PA5:
                                    DECLE   _PA5.end - _PA5 - 1
                                    DECLE   $031D, $003F, $0000
                                _PA5.end:  ; 3 decles
                                ;; ------------------------------------------------------------------------ ;;
                                _PP:
                                    DECLE   _PP.end - _PP - 1
                                    DECLE   $00FD, $0106, $0052, $0000, $022A, $03A5, $0277, $035F
                                    DECLE   $0184, $0000, $0055, $0391, $00EB, $00CF, $0000
                                _PP.end:  ; 15 decles
                                ;; ------------------------------------------------------------------------ ;;
                                _RR1:
                                    DECLE   _RR1.end - _RR1 - 1
                                    DECLE   $0118, $01CD, $016C, $029E, $0171, $038E, $01E0, $0190
                                    DECLE   $0245, $0299, $01AA, $02E2, $01C7, $02DE, $0125, $00B5
                                    DECLE   $02C5, $028F, $024E, $035E, $01CB, $02EC, $0005, $0000
                                _RR1.end:  ; 24 decles
                                ;; ------------------------------------------------------------------------ ;;
                                _RR2:
                                    DECLE   _RR2.end - _RR2 - 1
                                    DECLE   $0218, $03CC, $016C, $030C, $02C8, $0393, $02CD, $025E
                                    DECLE   $008A, $019D, $01AC, $02CB, $00BE, $0046, $017E, $01C2
                                    DECLE   $0174, $00A1, $01E5, $00E0, $010E, $0007, $0313, $0017
                                    DECLE   $0000
                                _RR2.end:  ; 25 decles
                                ;; ------------------------------------------------------------------------ ;;
                                _SH:
                                    DECLE   _SH.end - _SH - 1
                                    DECLE   $0218, $0109, $0000, $007A, $0187, $02E0, $03F6, $0311
                                    DECLE   $0002, $0126, $0242, $0161, $03E9, $0219, $016C, $0300
                                    DECLE   $0013, $0045, $0124, $0005, $024C, $005C, $0182, $03C2
                                    DECLE   $0001
                                _SH.end:  ; 25 decles
                                ;; ------------------------------------------------------------------------ ;;
                                _SS:
                                    DECLE   _SS.end - _SS - 1
                                    DECLE   $0218, $01CA, $0001, $0128, $001C, $0149, $01C6, $0000
                                _SS.end:  ; 8 decles
                                ;; ------------------------------------------------------------------------ ;;
                                _TH:
                                    DECLE   _TH.end - _TH - 1
                                    DECLE   $0019, $0349, $0000, $00C6, $0212, $01D8, $01CA, $0000
                                _TH.end:  ; 8 decles
                                ;; ------------------------------------------------------------------------ ;;
                                _TT1:
                                    DECLE   _TT1.end - _TT1 - 1
                                    DECLE   $00F6, $0046, $0142, $0100, $0042, $0088, $027E, $02EF
                                    DECLE   $01A4, $0200, $0049, $0290, $00FC, $00E8, $0000
                                _TT1.end:  ; 15 decles
                                ;; ------------------------------------------------------------------------ ;;
                                _TT2:
                                    DECLE   _TT2.end - _TT2 - 1
                                    DECLE   $00F5, $00C6, $01D2, $0100, $0335, $00E9, $0042, $027A
                                    DECLE   $02A4, $0000, $0062, $01D1, $014C, $03EA, $02EC, $01E0
                                    DECLE   $0007, $03A7, $0000
                                _TT2.end:  ; 19 decles
                                ;; ------------------------------------------------------------------------ ;;
                                _UH:
                                    DECLE   _UH.end - _UH - 1
                                    DECLE   $0018, $034E, $016E, $01FF, $0349, $00D2, $003C, $030C
                                    DECLE   $008B, $0005, $0000
                                _UH.end:  ; 11 decles
                                ;; ------------------------------------------------------------------------ ;;
                                _UW1:
                                    DECLE   _UW1.end - _UW1 - 1
                                    DECLE   $0318, $014C, $016F, $029E, $03BD, $03BD, $0271, $0212
                                    DECLE   $0325, $0291, $016A, $027B, $014A, $03B4, $0133, $0001
                                _UW1.end:  ; 16 decles
                                ;; ------------------------------------------------------------------------ ;;
                                _UW2:
                                    DECLE   _UW2.end - _UW2 - 1
                                    DECLE   $0018, $034E, $016E, $02F6, $0107, $02C2, $006D, $0090
                                    DECLE   $03AC, $01A4, $01DC, $03AB, $0128, $0076, $03E6, $0119
                                    DECLE   $014F, $03A6, $03A5, $0020, $0090, $0001, $02EE, $00BB
                                    DECLE   $0000
                                _UW2.end:  ; 25 decles
                                ;; ------------------------------------------------------------------------ ;;
                                _VV:
                                    DECLE   _VV.end - _VV - 1
                                    DECLE   $0218, $030D, $016C, $010B, $010B, $0095, $034F, $03E4
                                    DECLE   $0108, $01B5, $01BE, $028B, $0160, $00AA, $03E4, $0106
                                    DECLE   $00EB, $02DE, $014C, $016E, $00F6, $0107, $00D2, $00CD
                                    DECLE   $0296, $00E4, $0006, $0000
                                _VV.end:  ; 28 decles
                                ;; ------------------------------------------------------------------------ ;;
                                _WH:
                                    DECLE   _WH.end - _WH - 1
                                    DECLE   $0218, $00C9, $0000, $0084, $038E, $0147, $03A4, $0195
                                    DECLE   $0000, $012E, $0118, $0150, $02D1, $0232, $01B7, $03F1
                                    DECLE   $0237, $01C8, $03B1, $0227, $01AE, $0254, $0329, $032D
                                    DECLE   $01BF, $0169, $019A, $0307, $0181, $028D, $0000
                                _WH.end:  ; 31 decles
                                ;; ------------------------------------------------------------------------ ;;
                                _WW:
                                    DECLE   _WW.end - _WW - 1
                                    DECLE   $0118, $034D, $016C, $00FA, $02C7, $0072, $03CC, $0109
                                    DECLE   $000B, $01AD, $019E, $016B, $0130, $0278, $01F8, $0314
                                    DECLE   $017E, $029E, $014D, $016D, $0205, $0147, $02E2, $001A
                                    DECLE   $010A, $026E, $0004, $0000
                                _WW.end:  ; 28 decles
                                ;; ------------------------------------------------------------------------ ;;
                                _XR2:
                                    DECLE   _XR2.end - _XR2 - 1
                                    DECLE   $0318, $034C, $016E, $02A6, $03BB, $002F, $0290, $008E
                                    DECLE   $004B, $0392, $01DA, $024B, $013A, $01DA, $012F, $00B5
                                    DECLE   $02E5, $0297, $02DC, $0372, $014B, $016D, $0377, $00E7
                                    DECLE   $0376, $038A, $01CE, $026B, $02FA, $01AA, $011E, $0071
                                    DECLE   $00D5, $0297, $02BC, $02EA, $01C7, $02D7, $0135, $0155
                                    DECLE   $01DD, $0007, $0000
                                _XR2.end:  ; 43 decles
                                ;; ------------------------------------------------------------------------ ;;
                                _YR:
                                    DECLE   _YR.end - _YR - 1
                                    DECLE   $0318, $03CC, $016E, $0197, $00FD, $0130, $0270, $0094
                                    DECLE   $0328, $0291, $0168, $007E, $01CC, $02F5, $0125, $02B5
                                    DECLE   $00F4, $0298, $01DA, $03F6, $0153, $0126, $03B9, $00AB
                                    DECLE   $0293, $03DB, $0175, $01B9, $0001
                                _YR.end:  ; 29 decles
                                ;; ------------------------------------------------------------------------ ;;
                                _YY1:
                                    DECLE   _YY1.end - _YY1 - 1
                                    DECLE   $0318, $01CC, $016E, $0015, $00CB, $0263, $0320, $0078
                                    DECLE   $01CE, $0094, $001F, $0040, $0320, $03BF, $0230, $00A7
                                    DECLE   $000F, $01FE, $03FC, $01E2, $00D0, $0089, $000F, $0248
                                    DECLE   $032B, $03FD, $01CF, $0001, $0000
                                _YY1.end:  ; 29 decles
                                ;; ------------------------------------------------------------------------ ;;
                                _YY2:
                                    DECLE   _YY2.end - _YY2 - 1
                                    DECLE   $0318, $01CC, $016E, $0015, $00CB, $0263, $0320, $0078
                                    DECLE   $01CE, $0094, $001F, $0040, $0320, $03BF, $0230, $00A7
                                    DECLE   $000F, $01FE, $03FC, $01E2, $00D0, $0089, $000F, $0248
                                    DECLE   $032B, $03FD, $01CF, $0199, $01EE, $008B, $0161, $0232
                                    DECLE   $0004, $0318, $01A7, $0198, $0124, $03E0, $0001, $0001
                                    DECLE   $030F, $0027, $0000
                                _YY2.end:  ; 43 decles
                                ;; ------------------------------------------------------------------------ ;;
                                _ZH:
                                    DECLE   _ZH.end - _ZH - 1
                                    DECLE   $0310, $014D, $016E, $00C3, $03B9, $01BF, $0241, $0012
                                    DECLE   $0163, $00E1, $0000, $0080, $0084, $023F, $003F, $0000
                                _ZH.end:  ; 16 decles
                                ;; ------------------------------------------------------------------------ ;;
                                _ZZ:
                                    DECLE   _ZZ.end - _ZZ - 1
                                    DECLE   $0218, $010D, $016F, $0225, $0351, $00B5, $02A0, $02EE
                                    DECLE   $00E9, $014D, $002C, $0360, $0008, $00EC, $004C, $0342
                                    DECLE   $03D4, $0156, $0052, $0131, $0008, $03B0, $01BE, $0172
                                    DECLE   $0000
                                _ZZ.end:  ; 25 decles

                                ;;==========================================================================;;
                                ;;									  ;;
                                ;;  Copyright information:						  ;;
                                ;;									  ;;
                                ;;  The above allophone data was extracted from the SP0256-AL2 ROM image.   ;;
                                ;;  The SP0256-AL2 allophones are NOT in the public domain, nor are they    ;;
                                ;;  placed under the GNU General Public License.  This program is	   ;;
                                ;;  distributed in the hope that it will be useful, but WITHOUT ANY	 ;;
                                ;;  WARRANTY; without even the implied warranty of MERCHANTABILITY or       ;;
                                ;;  FITNESS FOR A PARTICULAR PURPOSE.				       ;;
                                ;;									  ;;
                                ;;  Microchip, Inc. retains the copyright to the data and algorithms	;;
                                ;;  contained in the SP0256-AL2.  This speech data is distributed with      ;;
                                ;;  explicit permission from Microchip, Inc.  All such redistributions      ;;
                                ;;  must retain this notice of copyright.				   ;;
                                ;;									  ;;
                                ;;  No copyright claims are made on this data by the author(s) of SDK1600.  ;;
                                ;;  Please see http://spatula-city.org/~im14u2c/sp0256-al2/ for details.    ;;
                                ;;									  ;;
                                ;;==========================================================================;;

                                ;* ======================================================================== *;
                                ;*  These routines are placed into the public domain by their author.  All  *;
                                ;*  copyright rights are hereby relinquished on the routines and data in    *;
                                ;*  this file.  -- Joseph Zbiciak, 2008				     *;
                                ;* ======================================================================== *;

                                ;; ======================================================================== ;;
                                ;;  INTELLIVOICE DRIVER ROUTINES					    ;;
                                ;;  Written in 2002 by Joe Zbiciak <intvnut AT gmail.com>		   ;;
                                ;;  http://spatula-city.org/~im14u2c/intv/				  ;;
                                ;; ======================================================================== ;;

                                ;; ======================================================================== ;;
                                ;;  GLOBAL VARIABLES USED BY THESE ROUTINES				 ;;
                                ;;									  ;;
                                ;;  Note that some of these routines may use one or more global variables.  ;;
                                ;;  If you use these routines, you will need to allocate the appropriate    ;;
                                ;;  space in either 16-bit or 8-bit memory as appropriate.  Each global     ;;
                                ;;  variable is listed with the routines which use it and the required      ;;
                                ;;  memory width.							   ;;
                                ;;									  ;;
                                ;;  Example declarations for these routines are shown below, commented out. ;;
                                ;;  You should uncomment these and add them to your program to make use of  ;;
                                ;;  the routine that needs them.  Make sure to assign these variables to    ;;
                                ;;  locations that aren't used for anything else.			   ;;
                                ;; ======================================================================== ;;

                                			; Used by       Req'd Width     Description
                                			;-----------------------------------------------------
                                ;IV.QH      EQU $110    ; IV_xxx	8-bit	   Voice queue head
                                ;IV.QT      EQU $111    ; IV_xxx	8-bit	   Voice queue tail
                                ;IV.Q       EQU $112    ; IV_xxx	8-bit	   Voice queue  (8 bytes)
                                ;IV.FLEN    EQU $11A    ; IV_xxx	8-bit	   Length of FIFO data
                                ;IV.FPTR    EQU $320    ; IV_xxx	16-bit	  Current FIFO ptr.
                                ;IV.PPTR    EQU $321    ; IV_xxx	16-bit	  Current Phrase ptr.

                                ;; ======================================================================== ;;
                                ;;  MEMORY USAGE							    ;;
                                ;;									  ;;
                                ;;  These routines implement a queue of "pending phrases" that will be      ;;
                                ;;  played by the Intellivoice.  The user calls IV_PLAY to enqueue a	;;
                                ;;  phrase number.  Phrase numbers indicate either a RESROM sample or       ;;
                                ;;  a compiled in phrase to be spoken.				      ;;
                                ;;									  ;;
                                ;;  The user must compose an "IV_PHRASE_TBL", which is composed of	  ;;
                                ;;  pointers to phrases to be spoken.  Phrases are strings of pointers      ;;
                                ;;  and RESROM triggers, terminated by a NUL.			       ;;
                                ;;									  ;;
                                ;;  Phrase numbers 1 through 42 are RESROM samples.  Phrase numbers	 ;;
                                ;;  43 through 255 index into the IV_PHRASE_TBL.			    ;;
                                ;;									  ;;
                                ;;  SPECIAL NOTES							   ;;
                                ;;									  ;;
                                ;;  Bit 7 of IV.QH and IV.QT is used to denote whether the Intellivoice     ;;
                                ;;  is present.  If Intellivoice is present, this bit is clear.	     ;;
                                ;;									  ;;
                                ;;  Bit 6 of IV.QT is used to denote that we still need to do an ALD $00    ;;
                                ;;  for FIFO'd voice data.						  ;;
                                ;; ======================================================================== ;;
                                	    

                                ;; ======================================================================== ;;
                                ;;  NAME								    ;;
                                ;;      IV_INIT     Initialize the Intellivoice			     ;;
                                ;;									  ;;
                                ;;  AUTHOR								  ;;
                                ;;      Joseph Zbiciak <intvnut AT gmail.com>			       ;;
                                ;;									  ;;
                                ;;  REVISION HISTORY							;;
                                ;;      15-Sep-2002 Initial revision . . . . . . . . . . .  J. Zbiciak      ;;
                                ;;									  ;;
                                ;;  INPUTS for IV_INIT						      ;;
                                ;;      R5      Return address					      ;;
                                ;;									  ;;
                                ;;  OUTPUTS								 ;;
                                ;;      R0      0 if Intellivoice found, -1 if not.			 ;;
                                ;;									  ;;
                                ;;  DESCRIPTION							     ;;
                                ;;      Resets Intellivoice, determines if it is actually there, and	;;
                                ;;      then initializes the IV structure.				  ;;
                                ;; ------------------------------------------------------------------------ ;;
                                ;;		   Copyright (c) 2002, Joseph Zbiciak		     ;;
                                ;; ======================================================================== ;;

                                IV_INIT     PROC
                                	    MVII    #$0400, R0	  ;
                                	    MVO     R0,     $0081       ; Reset the Intellivoice

                                	    MVI     $0081,  R0	  ; \
                                	    RLC     R0,     2	   ;  |-- See if we detect Intellivoice
                                	    BOV     @@no_ivoice	 ; /    once we've reset it.

                                	    CLRR    R0		  ; 
                                	    MVO     R0,     IV.FPTR     ; No data for FIFO
                                	    MVO     R0,     IV.PPTR     ; No phrase being spoken
                                	    MVO     R0,     IV.QH       ; Clear our queue
                                	    MVO     R0,     IV.QT       ; Clear our queue
                                	    JR      R5		  ; Done!

                                @@no_ivoice:
                                	    CLRR    R0
                                	    MVO     R0,     IV.FPTR     ; No data for FIFO
                                	    MVO     R0,     IV.PPTR     ; No phrase being spoken
                                	    DECR    R0
                                	    MVO     R0,     IV.QH       ; Set queue to -1 ("No Intellivoice")
                                	    MVO     R0,     IV.QT       ; Set queue to -1 ("No Intellivoice")
                                ;	    JR      R5		 ; Done!
                                	    B       _wait	       ; Special for IntyBASIC!
                                	    ENDP

                                ;; ======================================================================== ;;
                                ;;  NAME								    ;;
                                ;;      IV_ISR      Interrupt service routine to feed Intellivoice	  ;;
                                ;;									  ;;
                                ;;  AUTHOR								  ;;
                                ;;      Joseph Zbiciak <intvnut AT gmail.com>			       ;;
                                ;;									  ;;
                                ;;  REVISION HISTORY							;;
                                ;;      15-Sep-2002 Initial revision . . . . . . . . . . .  J. Zbiciak      ;;
                                ;;									  ;;
                                ;;  INPUTS for IV_ISR						       ;;
                                ;;      R5      Return address					      ;;
                                ;;									  ;;
                                ;;  OUTPUTS								 ;;
                                ;;      R0, R1, R4 trashed.						 ;;
                                ;;									  ;;
                                ;;  NOTES								   ;;
                                ;;      Call this from your main interrupt service routine.		 ;;
                                ;; ------------------------------------------------------------------------ ;;
                                ;;		   Copyright (c) 2002, Joseph Zbiciak		     ;;
                                ;; ======================================================================== ;;
                                IV_ISR      PROC
                                	    ;; ------------------------------------------------------------ ;;
                                	    ;;  Check for Intellivoice.  Leave if none present.	     ;;
                                	    ;; ------------------------------------------------------------ ;;
                                	    MVI     IV.QT,  R1	  ; Get queue tail
                                	    SWAP    R1,     2
                                	    BPL     @@ok		; Bit 7 set? If yes: No Intellivoice
                                @@ald_busy:
                                @@leave     JR      R5		  ; Exit if no Intellivoice.

                                     
                                	    ;; ------------------------------------------------------------ ;;
                                	    ;;  Check to see if we pump samples into the FIFO.
                                	    ;; ------------------------------------------------------------ ;;
                                @@ok:       MVI     IV.FPTR, R4	 ; Get FIFO data pointer
                                	    TSTR    R4		  ; is it zero?
                                	    BEQ     @@no_fifodata       ; Yes:  No data for FIFO.
                                @@fifo_fill:
                                	    MVI     $0081,  R0	  ; Read speech FIFO ready bit
                                	    SLLC    R0,     1	   ; 
                                	    BC      @@fifo_busy     

                                	    MVI@    R4,     R0	  ; Get next word
                                	    MVO     R0,     $0081       ; write it to the FIFO

                                	    MVI     IV.FLEN, R0	 ;\
                                	    DECR    R0		  ; |-- Decrement our FIFO'd data length
                                	    MVO     R0,     IV.FLEN     ;/
                                	    BEQ     @@last_fifo	 ; If zero, we're done w/ FIFO
                                	    MVO     R4,     IV.FPTR     ; Otherwise, save new pointer
                                	    B       @@fifo_fill	 ; ...and keep trying to load FIFO

                                @@last_fifo MVO     R0,     IV.FPTR     ; done with FIFO loading.
                                					; fall into ALD processing.


                                	    ;; ------------------------------------------------------------ ;;
                                	    ;;  Try to do an Address Load.  We do this in two settings:     ;;
                                	    ;;   -- We have no FIFO data to load.			   ;;
                                	    ;;   -- We've loaded as much FIFO data as we can, but we	;;
                                	    ;;      might have an address load command to send for it.      ;;
                                	    ;; ------------------------------------------------------------ ;;
                                @@fifo_busy:
                                @@no_fifodata:
                                	    MVI     $0080,  R0	  ; Read LRQ bit from ALD register
                                	    SLLC    R0,     1
                                	    BNC     @@ald_busy	  ; LRQ is low, meaning we can't ALD.
                                					; So, leave.

                                	    ;; ------------------------------------------------------------ ;;
                                	    ;;  We can do an address load (ALD) on the SP0256.  Give FIFO   ;;
                                	    ;;  driven ALDs priority, since we already started the FIFO     ;;
                                	    ;;  load.  The "need ALD" bit is stored in bit 6 of IV.QT.      ;;
                                	    ;; ------------------------------------------------------------ ;;
                                	    ANDI    #$40,   R1	  ; Is "Need FIFO ALD" bit set?
                                	    BEQ     @@no_fifo_ald
                                	    XOR     IV.QT,  R1	  ;\__ Clear the "Need FIFO ALD" bit.
                                	    MVO     R1,     IV.QT       ;/
                                	    CLRR    R1
                                	    MVO     R1,     $80	 ; Load a 0 into ALD (trigger FIFO rd.)
                                	    JR      R5		  ; done!

                                	    ;; ------------------------------------------------------------ ;;
                                	    ;;  We don't need to ALD on behalf of the FIFO.  So, we grab    ;;
                                	    ;;  the next thing off our phrase list.			 ;;
                                	    ;; ------------------------------------------------------------ ;;
                                @@no_fifo_ald:
                                	    MVI     IV.PPTR, R4	 ; Get phrase pointer.
                                	    TSTR    R4		  ; Is it zero?
                                	    BEQ     @@next_phrase       ; Yes:  Get next phrase from queue.

                                	    MVI@    R4,     R0
                                	    TSTR    R0		  ; Is it end of phrase?
                                	    BNEQ    @@process_phrase    ; !=0:  Go do it.

                                	    MVO     R0,     IV.PPTR     ; 
                                @@next_phrase:
                                	    MVI     IV.QT,  R1	  ; reload queue tail (was trashed above)
                                	    MOVR    R1,     R0	  ; copy QT to R0 so we can increment it
                                	    ANDI    #$7,    R1	  ; Mask away flags in queue head
                                	    CMP     IV.QH,  R1	  ; Is it same as queue tail?
                                	    BEQ     @@leave	     ; Yes:  No more speech for now.

                                	    INCR    R0
                                	    ANDI    #$F7,   R0	  ; mask away the possible 'carry'
                                	    MVO     R0,     IV.QT       ; save updated queue tail

                                	    ADDI    #IV.Q,  R1	  ; Index into queue
                                	    MVI@    R1,     R4	  ; get next value from queue
                                	    CMPI    #43,    R4	  ; Is it a RESROM or Phrase?
                                	    BNC     @@play_resrom_r4
                                @@new_phrase:
                                ;	    ADDI    #IV_PHRASE_TBL - 43, R4 ; Index into phrase table
                                ;	    MVI@    R4,     R4	  ; Read from phrase table
                                	    MVO     R4,     IV.PPTR
                                	    JR      R5		  ; we'll get to this phrase next time.

                                @@play_resrom_r4:
                                	    MVO     R4,     $0080       ; Just ALD it
                                	    JR      R5		  ; and leave.

                                	    ;; ------------------------------------------------------------ ;;
                                	    ;;  We're in the middle of a phrase, so continue interpreting.  ;;
                                	    ;; ------------------------------------------------------------ ;;
                                @@process_phrase:
                                	    
                                	    MVO     R4,     IV.PPTR     ; save new phrase pointer
                                	    CMPI    #43,    R0	  ; Is it a RESROM cue?
                                	    BC      @@play_fifo	 ; Just ALD it and leave.
                                @@play_resrom_r0
                                	    MVO     R0,     $0080       ; Just ALD it
                                	    JR      R5		  ; and leave.
                                @@play_fifo:
                                	    MVI     IV.FPTR,R1	  ; Make sure not to stomp existing FIFO
                                	    TSTR    R1		  ; data.
                                	    BEQ     @@new_fifo_ok
                                	    DECR    R4		  ; Oops, FIFO data still playing,
                                	    MVO     R4,     IV.PPTR     ; so rewind.
                                	    JR      R5		  ; and leave.

                                @@new_fifo_ok:
                                	    MOVR    R0,     R4	  ;
                                	    MVI@    R4,     R0	  ; Get chunk length
                                	    MVO     R0,     IV.FLEN     ; Init FIFO chunk length
                                	    MVO     R4,     IV.FPTR     ; Init FIFO pointer
                                	    MVI     IV.QT,  R0	  ;\
                                	    XORI    #$40,   R0	  ; |- Set "Need ALD" bit in QT
                                	    MVO     R0,     IV.QT       ;/

                                  IF 1      ; debug code		;\
                                	    ANDI    #$40,   R0	  ; |   Debug code:  We should only
                                	    BNEQ    @@qtok	      ; |-- be here if "Need FIFO ALD" 
                                	    HLT     ;BUG!!	      ; |   was already clear.	 
                                @@qtok				  ;/    
                                  ENDI
                                	    JR      R5		  ; leave.

                                	    ENDP


                                ;; ======================================================================== ;;
                                ;;  NAME								    ;;
                                ;;      IV_PLAY     Play a voice sample sequence.			   ;;
                                ;;									  ;;
                                ;;  AUTHOR								  ;;
                                ;;      Joseph Zbiciak <intvnut AT gmail.com>			       ;;
                                ;;									  ;;
                                ;;  REVISION HISTORY							;;
                                ;;      15-Sep-2002 Initial revision . . . . . . . . . . .  J. Zbiciak      ;;
                                ;;									  ;;
                                ;;  INPUTS for IV_PLAY						      ;;
                                ;;      R5      Invocation record, followed by return address.	      ;;
                                ;;		  1 DECLE    Phrase number to play.		       ;;
                                ;;									  ;;
                                ;;  INPUTS for IV_PLAY.1						    ;;
                                ;;      R0      Address of phrase to play.				  ;;
                                ;;      R5      Return address					      ;;
                                ;;									  ;;
                                ;;  OUTPUTS								 ;;
                                ;;      R0, R1  trashed						     ;;
                                ;;      Z==0    if item not successfully queued.			    ;;
                                ;;      Z==1    if successfully queued.				     ;;
                                ;;									  ;;
                                ;;  NOTES								   ;;
                                ;;      This code will drop phrases if the queue is full.		   ;;
                                ;;      Phrase numbers 1..42 are RESROM samples.  43..255 will index	;;
                                ;;      into the user-supplied IV_PHRASE_TBL.  43 will refer to the	 ;;
                                ;;      first entry, 44 to the second, and so on.  Phrase 0 is undefined.   ;;
                                ;;									  ;;
                                ;; ------------------------------------------------------------------------ ;;
                                ;;		   Copyright (c) 2002, Joseph Zbiciak		     ;;
                                ;; ======================================================================== ;;
                                IV_PLAY     PROC
                                	    MVI@    R5,     R0

                                @@1:	; alternate entry point
                                	    MVI     IV.QT,  R1	  ; Get queue tail
                                	    SWAP    R1,     2	   ;\___ Leave if "no Intellivoice"
                                	    BMI     @@leave	     ;/    bit it set.
                                @@ok:       
                                	    DECR    R1		  ;\
                                	    ANDI    #$7,    R1	  ; |-- See if we still have room
                                	    CMP     IV.QH,  R1	  ;/
                                	    BEQ     @@leave	     ; Leave if we're full

                                @@2:	MVI     IV.QH,  R1	  ; Get our queue head pointer
                                	    PSHR    R1		  ;\
                                	    INCR    R1		  ; |
                                	    ANDI    #$F7,   R1	  ; |-- Increment it, removing
                                	    MVO     R1,     IV.QH       ; |   carry but preserving flags.
                                	    PULR    R1		  ;/

                                	    ADDI    #IV.Q,  R1	  ;\__ Store phrase to queue
                                	    MVO@    R0,     R1	  ;/

                                @@leave:    JR      R5		  ; Leave.
                                	    ENDP

                                ;; ======================================================================== ;;
                                ;;  NAME								    ;;
                                ;;      IV_PLAYW    Play a voice sample sequence.  Wait for queue room.     ;;
                                ;;									  ;;
                                ;;  AUTHOR								  ;;
                                ;;      Joseph Zbiciak <intvnut AT gmail.com>			       ;;
                                ;;									  ;;
                                ;;  REVISION HISTORY							;;
                                ;;      15-Sep-2002 Initial revision . . . . . . . . . . .  J. Zbiciak      ;;
                                ;;									  ;;
                                ;;  INPUTS for IV_PLAY						      ;;
                                ;;      R5      Invocation record, followed by return address.	      ;;
                                ;;		  1 DECLE    Phrase number to play.		       ;;
                                ;;									  ;;
                                ;;  INPUTS for IV_PLAY.1						    ;;
                                ;;      R0      Address of phrase to play.				  ;;
                                ;;      R5      Return address					      ;;
                                ;;									  ;;
                                ;;  OUTPUTS								 ;;
                                ;;      R0, R1  trashed						     ;;
                                ;;									  ;;
                                ;;  NOTES								   ;;
                                ;;      This code will wait for a queue slot to open if queue is full.      ;;
                                ;;      Phrase numbers 1..42 are RESROM samples.  43..255 will index	;;
                                ;;      into the user-supplied IV_PHRASE_TBL.  43 will refer to the	 ;;
                                ;;      first entry, 44 to the second, and so on.  Phrase 0 is undefined.   ;;
                                ;;									  ;;
                                ;; ------------------------------------------------------------------------ ;;
                                ;;		   Copyright (c) 2002, Joseph Zbiciak		     ;;
                                ;; ======================================================================== ;;
                                IV_PLAYW    PROC
                                	    MVI@    R5,     R0

                                @@1:	; alternate entry point
                                	    MVI     IV.QT,  R1	  ; Get queue tail
                                	    SWAP    R1,     2	   ;\___ Leave if "no Intellivoice"
                                	    BMI     IV_PLAY.leave       ;/    bit it set.
                                @@ok:       
                                	    DECR    R1		  ;\
                                	    ANDI    #$7,    R1	  ; |-- See if we still have room
                                	    CMP     IV.QH,  R1	  ;/
                                	    BEQ     @@1		 ; wait for room
                                	    B       IV_PLAY.2

                                	    ENDP

                                ;; ======================================================================== ;;
                                ;;  NAME								    ;;
                                ;;      IV_HUSH     Flush the speech queue, and hush the Intellivoice.      ;;
                                ;;									  ;;
                                ;;  AUTHOR								  ;;
                                ;;      Joseph Zbiciak <intvnut AT gmail.com>			       ;;
                                ;;									  ;;
                                ;;  REVISION HISTORY							;;
                                ;;      02-Feb-2018 Initial revision . . . . . . . . . . .  J. Zbiciak      ;;
                                ;;									  ;;
                                ;;  INPUTS for IV_HUSH						      ;;
                                ;;      None.							       ;;
                                ;;									  ;;
                                ;;  OUTPUTS								 ;;
                                ;;      R0 trashed.							 ;;
                                ;;									  ;;
                                ;;  NOTES								   ;;
                                ;;      Returns via IV_WAIT.						;;
                                ;;									  ;;
                                ;; ======================================================================== ;;
                                IV_HUSH:    PROC
                                	    MVI     IV.QH,  R0
                                	    SWAP    R0,     2
                                	    BMI     IV_WAIT.leave

                                	    DIS
                                	    ;; We can't stop a phrase segment that's being FIFOed down.
                                	    ;; We need to remember if we've committed to pushing ALD.
                                	    ;; We _can_ stop new phrase segments from going down, and _can_
                                	    ;; stop new phrases from being started.

                                	    ;; Set head pointer to indicate we've inserted one item.
                                	    MVI     IV.QH,  R0  ; Re-read, as an interrupt may have occurred
                                	    ANDI    #$F0,   R0
                                	    INCR    R0
                                	    MVO     R0,     IV.QH

                                	    ;; Reset tail pointer, keeping "need ALD" bit and other flags.
                                	    MVI     IV.QT,  R0
                                	    ANDI    #$F0,   R0
                                	    MVO     R0,     IV.QT

                                	    ;; Reset the phrase pointer, to stop a long phrase.
                                	    CLRR    R0
                                	    MVO     R0,     IV.PPTR

                                	    ;; Queue a PA1 in the queue.  Since we're can't guarantee the user
                                	    ;; has included resrom.asm, let's just use the raw number (5).
                                	    MVII    #5,     R0
                                	    MVO     R0,     IV.Q

                                	    ;; Re-enable interrupts and wait for Intellivoice to shut up.
                                	    ;;
                                	    ;; We can't just jump to IV_WAIT.q_loop, as we need to reload
                                	    ;; IV.QH into R0, and I'm really committed to only using R0.
                                ;	   JE      IV_WAIT
                                	    EIS
                                	    ; fallthrough into IV_WAIT
                                	    ENDP

                                ;; ======================================================================== ;;
                                ;;  NAME								    ;;
                                ;;      IV_WAIT     Wait for voice queue to empty.			  ;;
                                ;;									  ;;
                                ;;  AUTHOR								  ;;
                                ;;      Joseph Zbiciak <intvnut AT gmail.com>			       ;;
                                ;;									  ;;
                                ;;  REVISION HISTORY							;;
                                ;;      15-Sep-2002 Initial revision . . . . . . . . . . .  J. Zbiciak      ;;
                                ;;									  ;;
                                ;;  INPUTS for IV_WAIT						      ;;
                                ;;      R5      Return address					      ;;
                                ;;									  ;;
                                ;;  OUTPUTS								 ;;
                                ;;      R0      trashed.						    ;;
                                ;;									  ;;
                                ;;  NOTES								   ;;
                                ;;      This waits until the Intellivoice is nearly completely quiescent.   ;;
                                ;;      Some voice data may still be spoken from the last triggered	 ;;
                                ;;      phrase.  To truly wait for *that* to be spoken, speak a 'pause'     ;;
                                ;;      (eg. RESROM.pa1) and then call IV_WAIT.			     ;;
                                ;; ------------------------------------------------------------------------ ;;
                                ;;		   Copyright (c) 2002, Joseph Zbiciak		     ;;
                                ;; ======================================================================== ;;
                                IV_WAIT     PROC
                                	    MVI     IV.QH,  R0
                                	    CMPI    #$80, R0	    ; test bit 7, leave if set.
                                	    BC      @@leave

                                	    ; Wait for queue to drain.
                                @@q_loop:   CMP     IV.QT,  R0
                                	    BNEQ    @@q_loop

                                	    ; Wait for FIFO and LRQ to say ready.
                                @@s_loop:   MVI     $81,    R0	  ; Read FIFO status.  0 == ready.
                                	    COMR    R0
                                	    AND     $80,    R0	  ; Merge w/ ALD status.  1 == ready
                                	    TSTR    R0
                                	    BPL     @@s_loop	    ; if bit 15 == 0, not ready.
                                	    
                                @@leave:    JR      R5
                                	    ENDP

                                ;; ======================================================================== ;;
                                ;;  End of File:  ivoice.asm						;;
                                ;; ======================================================================== ;;

                                ;* ======================================================================== *;
                                ;*  These routines are placed into the public domain by their author.  All  *;
                                ;*  copyright rights are hereby relinquished on the routines and data in    *;
                                ;*  this file.  -- Joseph Zbiciak, 2008				     *;
                                ;* ======================================================================== *;

                                ;; ======================================================================== ;;
                                ;;  NAME								    ;;
                                ;;      IV_SAYNUM16 Say a 16-bit unsigned number using RESROM digits	;;
                                ;;									  ;;
                                ;;  AUTHOR								  ;;
                                ;;      Joseph Zbiciak <intvnut AT gmail.com>			       ;;
                                ;;									  ;;
                                ;;  REVISION HISTORY							;;
                                ;;      16-Sep-2002 Initial revision . . . . . . . . . . .  J. Zbiciak      ;;
                                ;;									  ;;
                                ;;  INPUTS for IV_SAYNUM16						  ;;
                                ;;      R0      Number to "speak"					   ;;
                                ;;      R5      Return address					      ;;
                                ;;									  ;;
                                ;;  OUTPUTS								 ;;
                                ;;									  ;;
                                ;;  DESCRIPTION							     ;;
                                ;;      "Says" a 16-bit number using IV_PLAYW to queue up the phrase.       ;;
                                ;;      Because the number may be built from several segments, it could     ;;
                                ;;      easily eat up the queue.  I believe the longest number will take    ;;
                                ;;      7 queue entries -- that is, fill the queue.  Thus, this code	;;
                                ;;      could block, waiting for slots in the queue.			;;
                                ;; ======================================================================== ;;

                                IV_SAYNUM16 PROC
                                	    PSHR    R5

                                	    TSTR    R0
                                	    BEQ     @@zero	  ; Special case:  Just say "zero"

                                	    ;; ------------------------------------------------------------ ;;
                                	    ;;  First, try to pull off 'thousands'.  We call ourselves      ;;
                                	    ;;  recursively to play the the number of thousands.	    ;;
                                	    ;; ------------------------------------------------------------ ;;
                                	    CLRR    R1
                                @@thloop:   INCR    R1
                                	    SUBI    #1000,  R0
                                	    BC      @@thloop

                                	    ADDI    #1000,  R0
                                	    PSHR    R0
                                	    DECR    R1
                                	    BEQ     @@no_thousand

                                	    CALL    IV_SAYNUM16.recurse

                                	    CALL    IV_PLAYW
                                	    DECLE   36  ; THOUSAND
                                	    
                                @@no_thousand
                                	    PULR    R1

                                	    ;; ------------------------------------------------------------ ;;
                                	    ;;  Now try to play hundreds.				   ;;
                                	    ;; ------------------------------------------------------------ ;;
                                	    MVII    #7-1, R0    ; ZERO
                                	    CMPI    #100,   R1
                                	    BNC     @@no_hundred

                                @@hloop:    INCR    R0
                                	    SUBI    #100,   R1
                                	    BC      @@hloop
                                	    ADDI    #100,   R1

                                	    PSHR    R1

                                	    CALL    IV_PLAYW.1

                                	    CALL    IV_PLAYW
                                	    DECLE   35  ; HUNDRED

                                	    PULR    R1
                                	    B       @@notrecurse    ; skip "PSHR R5"
                                @@recurse:  PSHR    R5	      ; recursive entry point for 'thousand'

                                @@no_hundred:
                                @@notrecurse:
                                	    MOVR    R1,     R0
                                	    BEQ     @@leave

                                	    SUBI    #20,    R1
                                	    BNC     @@teens

                                	    MVII    #27-1, R0   ; TWENTY
                                @@tyloop    INCR    R0
                                	    SUBI    #10,    R1
                                	    BC      @@tyloop
                                	    ADDI    #10,    R1

                                	    PSHR    R1
                                	    CALL    IV_PLAYW.1

                                	    PULR    R0
                                	    TSTR    R0
                                	    BEQ     @@leave

                                @@teens:
                                @@zero:     ADDI    #7, R0  ; ZERO

                                	    CALL    IV_PLAYW.1

                                @@leave     PULR    PC
                                	    ENDP

                                ;; ======================================================================== ;;
                                ;;  End of File:  saynum16.asm					      ;;
                                ;; ======================================================================== ;;

                                IV_INIT_and_wait:     EQU IV_INIT

                                    ELSE

0x5C2D                          IV_INIT_and_wait:     EQU _wait	; No voice init; just WAIT.

                                    ENDI

                                	IF intybasic_flash

                                ;; ======================================================================== ;;
                                ;;  JLP "Save Game" support						 ;;
                                ;; ======================================================================== ;;
                                JF.first    EQU     $8023
                                JF.last     EQU     $8024
                                JF.addr     EQU     $8025
                                JF.row      EQU     $8026
                                		   
                                JF.wrcmd    EQU     $802D
                                JF.rdcmd    EQU     $802E
                                JF.ercmd    EQU     $802F
                                JF.wrkey    EQU     $C0DE
                                JF.rdkey    EQU     $DEC0
                                JF.erkey    EQU     $BEEF

                                JF.write:   DECLE   JF.wrcmd,   JF.wrkey    ; Copy JLP RAM to flash row  
                                JF.read:    DECLE   JF.rdcmd,   JF.rdkey    ; Copy flash row to JLP RAM  
                                JF.erase:   DECLE   JF.ercmd,   JF.erkey    ; Erase flash sector 

                                ;; ======================================================================== ;;
                                ;;  JF.INIT	 Copy JLP save-game support routine to System RAM	;;
                                ;; ======================================================================== ;;
                                JF.INIT     PROC
                                	    PSHR    R5	    
                                	    MVII    #@@__code,  R5
                                	    MVII    #JF.SYSRAM, R4
                                	    REPEAT  5       
                                	    MVI@    R5,	 R0      ; \_ Copy code fragment to System RAM
                                	    MVO@    R0,	 R4      ; /
                                	    ENDR
                                	    PULR    PC

                                	    ;; === start of code that will run from RAM
                                @@__code:   MVO@    R0,	 R1      ; JF.SYSRAM + 0: initiate command
                                	    ADD@    R1,	 PC      ; JF.SYSRAM + 1: Wait for JLP to return
                                	    JR      R5		  ; JF.SYSRAM + 2:
                                	    MVO@    R2,	 R2      ; JF.SYSRAM + 3: \__ simple ISR
                                	    JR      R5		  ; JF.SYSRAM + 4: /
                                	    ;; === end of code that will run from RAM
                                	    ENDP

                                ;; ======================================================================== ;;
                                ;;  JF.CMD	  Issue a JLP Flash command			       ;;
                                ;;									  ;;
                                ;;  INPUT								   ;;
                                ;;      R0  Slot number to operate on				       ;;
                                ;;      R1  Address to copy to/from in JLP RAM			      ;;
                                ;;      @R5 Command to invoke:					      ;;
                                ;;									  ;;
                                ;;	      JF.write -- Copy JLP RAM to Flash			   ;;
                                ;;	      JF.read  -- Copy Flash to JLP RAM			   ;;
                                ;;	      JF.erase -- Erase flash sector			      ;;
                                ;;									  ;;
                                ;;  OUTPUT								  ;;
                                ;;      R0 - R4 not modified.  (Saved and restored across call)	     ;;
                                ;;      JLP command executed						;;
                                ;;									  ;;
                                ;;  NOTES								   ;;
                                ;;      This code requires two short routines in the console's System RAM.  ;;
                                ;;      It also requires that the system stack reside in System RAM.	;;
                                ;;      Because an interrupt may occur during the code's execution, there   ;;
                                ;;      must be sufficient stack space to service the interrupt (8 words).  ;;
                                ;;									  ;;
                                ;;      The code also relies on the fact that the EXEC ISR dispatch does    ;;
                                ;;      not modify R2.  This allows us to initialize R2 for the ISR ahead   ;;
                                ;;      of time, rather than in the ISR.				    ;;
                                ;; ======================================================================== ;;
                                JF.CMD      PROC

                                	    MVO     R4,	 JF.SV.R4    ; \
                                	    MVII    #JF.SV.R0,  R4	  ;  |
                                	    MVO@    R0,	 R4	  ;  |- Save registers, but not on
                                	    MVO@    R1,	 R4	  ;  |  the stack.  (limit stack use)
                                	    MVO@    R2,	 R4	  ; /

                                	    MVI@    R5,	 R4	  ; Get command to invoke

                                	    MVO     R5,	 JF.SV.R5    ; save return address

                                	    DIS
                                	    MVO     R1,	 JF.addr     ; \_ Save SG arguments in JLP
                                	    MVO     R0,	 JF.row      ; /
                                					  
                                	    MVI@    R4,	 R1	  ; Get command address
                                	    MVI@    R4,	 R0	  ; Get unlock word
                                					  
                                	    MVII    #$100,      R4	  ; \
                                	    SDBD			    ;  |_ Save old ISR in save area
                                	    MVI@    R4,	 R2	  ;  |
                                	    MVO     R2,	 JF.SV.ISR   ; /
                                					  
                                	    MVII    #JF.SYSRAM + 3, R2      ; \
                                	    MVO     R2,	 $100	;  |_ Set up new ISR in RAM
                                	    SWAP    R2		      ;  |
                                	    MVO     R2,	 $101	; / 
                                					  
                                	    MVII    #$20,       R2	  ; Address of STIC handshake
                                	    JSRE    R5,  JF.SYSRAM	  ; Invoke the command
                                					  
                                	    MVI     JF.SV.ISR,  R2	  ; \
                                	    MVO     R2,	 $100	;  |_ Restore old ISR 
                                	    SWAP    R2		      ;  |
                                	    MVO     R2,	 $101	; /
                                					  
                                	    MVII    #JF.SV.R0,  R5	  ; \
                                	    MVI@    R5,	 R0	  ;  |
                                	    MVI@    R5,	 R1	  ;  |- Restore registers
                                	    MVI@    R5,	 R2	  ;  |
                                	    MVI@    R5,	 R4	  ; /
                                	    MVI@    R5,	 PC	  ; Return

                                	    ENDP


                                	ENDI

                                	IF intybasic_fastmult

                                ; Quarter Square Multiplication
                                ; Assembly code by Joe Zbiciak, 2015
                                ; Released to public domain.

                                QSQR8_TBL:  PROC
                                	    DECLE   $3F80, $3F01, $3E82, $3E04, $3D86, $3D09, $3C8C, $3C10
                                	    DECLE   $3B94, $3B19, $3A9E, $3A24, $39AA, $3931, $38B8, $3840
                                	    DECLE   $37C8, $3751, $36DA, $3664, $35EE, $3579, $3504, $3490
                                	    DECLE   $341C, $33A9, $3336, $32C4, $3252, $31E1, $3170, $3100
                                	    DECLE   $3090, $3021, $2FB2, $2F44, $2ED6, $2E69, $2DFC, $2D90
                                	    DECLE   $2D24, $2CB9, $2C4E, $2BE4, $2B7A, $2B11, $2AA8, $2A40
                                	    DECLE   $29D8, $2971, $290A, $28A4, $283E, $27D9, $2774, $2710
                                	    DECLE   $26AC, $2649, $25E6, $2584, $2522, $24C1, $2460, $2400
                                	    DECLE   $23A0, $2341, $22E2, $2284, $2226, $21C9, $216C, $2110
                                	    DECLE   $20B4, $2059, $1FFE, $1FA4, $1F4A, $1EF1, $1E98, $1E40
                                	    DECLE   $1DE8, $1D91, $1D3A, $1CE4, $1C8E, $1C39, $1BE4, $1B90
                                	    DECLE   $1B3C, $1AE9, $1A96, $1A44, $19F2, $19A1, $1950, $1900
                                	    DECLE   $18B0, $1861, $1812, $17C4, $1776, $1729, $16DC, $1690
                                	    DECLE   $1644, $15F9, $15AE, $1564, $151A, $14D1, $1488, $1440
                                	    DECLE   $13F8, $13B1, $136A, $1324, $12DE, $1299, $1254, $1210
                                	    DECLE   $11CC, $1189, $1146, $1104, $10C2, $1081, $1040, $1000
                                	    DECLE   $0FC0, $0F81, $0F42, $0F04, $0EC6, $0E89, $0E4C, $0E10
                                	    DECLE   $0DD4, $0D99, $0D5E, $0D24, $0CEA, $0CB1, $0C78, $0C40
                                	    DECLE   $0C08, $0BD1, $0B9A, $0B64, $0B2E, $0AF9, $0AC4, $0A90
                                	    DECLE   $0A5C, $0A29, $09F6, $09C4, $0992, $0961, $0930, $0900
                                	    DECLE   $08D0, $08A1, $0872, $0844, $0816, $07E9, $07BC, $0790
                                	    DECLE   $0764, $0739, $070E, $06E4, $06BA, $0691, $0668, $0640
                                	    DECLE   $0618, $05F1, $05CA, $05A4, $057E, $0559, $0534, $0510
                                	    DECLE   $04EC, $04C9, $04A6, $0484, $0462, $0441, $0420, $0400
                                	    DECLE   $03E0, $03C1, $03A2, $0384, $0366, $0349, $032C, $0310
                                	    DECLE   $02F4, $02D9, $02BE, $02A4, $028A, $0271, $0258, $0240
                                	    DECLE   $0228, $0211, $01FA, $01E4, $01CE, $01B9, $01A4, $0190
                                	    DECLE   $017C, $0169, $0156, $0144, $0132, $0121, $0110, $0100
                                	    DECLE   $00F0, $00E1, $00D2, $00C4, $00B6, $00A9, $009C, $0090
                                	    DECLE   $0084, $0079, $006E, $0064, $005A, $0051, $0048, $0040
                                	    DECLE   $0038, $0031, $002A, $0024, $001E, $0019, $0014, $0010
                                	    DECLE   $000C, $0009, $0006, $0004, $0002, $0001, $0000
                                @@mid:
                                	    DECLE   $0000, $0000, $0001, $0002, $0004, $0006, $0009, $000C
                                	    DECLE   $0010, $0014, $0019, $001E, $0024, $002A, $0031, $0038
                                	    DECLE   $0040, $0048, $0051, $005A, $0064, $006E, $0079, $0084
                                	    DECLE   $0090, $009C, $00A9, $00B6, $00C4, $00D2, $00E1, $00F0
                                	    DECLE   $0100, $0110, $0121, $0132, $0144, $0156, $0169, $017C
                                	    DECLE   $0190, $01A4, $01B9, $01CE, $01E4, $01FA, $0211, $0228
                                	    DECLE   $0240, $0258, $0271, $028A, $02A4, $02BE, $02D9, $02F4
                                	    DECLE   $0310, $032C, $0349, $0366, $0384, $03A2, $03C1, $03E0
                                	    DECLE   $0400, $0420, $0441, $0462, $0484, $04A6, $04C9, $04EC
                                	    DECLE   $0510, $0534, $0559, $057E, $05A4, $05CA, $05F1, $0618
                                	    DECLE   $0640, $0668, $0691, $06BA, $06E4, $070E, $0739, $0764
                                	    DECLE   $0790, $07BC, $07E9, $0816, $0844, $0872, $08A1, $08D0
                                	    DECLE   $0900, $0930, $0961, $0992, $09C4, $09F6, $0A29, $0A5C
                                	    DECLE   $0A90, $0AC4, $0AF9, $0B2E, $0B64, $0B9A, $0BD1, $0C08
                                	    DECLE   $0C40, $0C78, $0CB1, $0CEA, $0D24, $0D5E, $0D99, $0DD4
                                	    DECLE   $0E10, $0E4C, $0E89, $0EC6, $0F04, $0F42, $0F81, $0FC0
                                	    DECLE   $1000, $1040, $1081, $10C2, $1104, $1146, $1189, $11CC
                                	    DECLE   $1210, $1254, $1299, $12DE, $1324, $136A, $13B1, $13F8
                                	    DECLE   $1440, $1488, $14D1, $151A, $1564, $15AE, $15F9, $1644
                                	    DECLE   $1690, $16DC, $1729, $1776, $17C4, $1812, $1861, $18B0
                                	    DECLE   $1900, $1950, $19A1, $19F2, $1A44, $1A96, $1AE9, $1B3C
                                	    DECLE   $1B90, $1BE4, $1C39, $1C8E, $1CE4, $1D3A, $1D91, $1DE8
                                	    DECLE   $1E40, $1E98, $1EF1, $1F4A, $1FA4, $1FFE, $2059, $20B4
                                	    DECLE   $2110, $216C, $21C9, $2226, $2284, $22E2, $2341, $23A0
                                	    DECLE   $2400, $2460, $24C1, $2522, $2584, $25E6, $2649, $26AC
                                	    DECLE   $2710, $2774, $27D9, $283E, $28A4, $290A, $2971, $29D8
                                	    DECLE   $2A40, $2AA8, $2B11, $2B7A, $2BE4, $2C4E, $2CB9, $2D24
                                	    DECLE   $2D90, $2DFC, $2E69, $2ED6, $2F44, $2FB2, $3021, $3090
                                	    DECLE   $3100, $3170, $31E1, $3252, $32C4, $3336, $33A9, $341C
                                	    DECLE   $3490, $3504, $3579, $35EE, $3664, $36DA, $3751, $37C8
                                	    DECLE   $3840, $38B8, $3931, $39AA, $3A24, $3A9E, $3B19, $3B94
                                	    DECLE   $3C10, $3C8C, $3D09, $3D86, $3E04, $3E82, $3F01, $3F80
                                	    DECLE   $4000, $4080, $4101, $4182, $4204, $4286, $4309, $438C
                                	    DECLE   $4410, $4494, $4519, $459E, $4624, $46AA, $4731, $47B8
                                	    DECLE   $4840, $48C8, $4951, $49DA, $4A64, $4AEE, $4B79, $4C04
                                	    DECLE   $4C90, $4D1C, $4DA9, $4E36, $4EC4, $4F52, $4FE1, $5070
                                	    DECLE   $5100, $5190, $5221, $52B2, $5344, $53D6, $5469, $54FC
                                	    DECLE   $5590, $5624, $56B9, $574E, $57E4, $587A, $5911, $59A8
                                	    DECLE   $5A40, $5AD8, $5B71, $5C0A, $5CA4, $5D3E, $5DD9, $5E74
                                	    DECLE   $5F10, $5FAC, $6049, $60E6, $6184, $6222, $62C1, $6360
                                	    DECLE   $6400, $64A0, $6541, $65E2, $6684, $6726, $67C9, $686C
                                	    DECLE   $6910, $69B4, $6A59, $6AFE, $6BA4, $6C4A, $6CF1, $6D98
                                	    DECLE   $6E40, $6EE8, $6F91, $703A, $70E4, $718E, $7239, $72E4
                                	    DECLE   $7390, $743C, $74E9, $7596, $7644, $76F2, $77A1, $7850
                                	    DECLE   $7900, $79B0, $7A61, $7B12, $7BC4, $7C76, $7D29, $7DDC
                                	    DECLE   $7E90, $7F44, $7FF9, $80AE, $8164, $821A, $82D1, $8388
                                	    DECLE   $8440, $84F8, $85B1, $866A, $8724, $87DE, $8899, $8954
                                	    DECLE   $8A10, $8ACC, $8B89, $8C46, $8D04, $8DC2, $8E81, $8F40
                                	    DECLE   $9000, $90C0, $9181, $9242, $9304, $93C6, $9489, $954C
                                	    DECLE   $9610, $96D4, $9799, $985E, $9924, $99EA, $9AB1, $9B78
                                	    DECLE   $9C40, $9D08, $9DD1, $9E9A, $9F64, $A02E, $A0F9, $A1C4
                                	    DECLE   $A290, $A35C, $A429, $A4F6, $A5C4, $A692, $A761, $A830
                                	    DECLE   $A900, $A9D0, $AAA1, $AB72, $AC44, $AD16, $ADE9, $AEBC
                                	    DECLE   $AF90, $B064, $B139, $B20E, $B2E4, $B3BA, $B491, $B568
                                	    DECLE   $B640, $B718, $B7F1, $B8CA, $B9A4, $BA7E, $BB59, $BC34
                                	    DECLE   $BD10, $BDEC, $BEC9, $BFA6, $C084, $C162, $C241, $C320
                                	    DECLE   $C400, $C4E0, $C5C1, $C6A2, $C784, $C866, $C949, $CA2C
                                	    DECLE   $CB10, $CBF4, $CCD9, $CDBE, $CEA4, $CF8A, $D071, $D158
                                	    DECLE   $D240, $D328, $D411, $D4FA, $D5E4, $D6CE, $D7B9, $D8A4
                                	    DECLE   $D990, $DA7C, $DB69, $DC56, $DD44, $DE32, $DF21, $E010
                                	    DECLE   $E100, $E1F0, $E2E1, $E3D2, $E4C4, $E5B6, $E6A9, $E79C
                                	    DECLE   $E890, $E984, $EA79, $EB6E, $EC64, $ED5A, $EE51, $EF48
                                	    DECLE   $F040, $F138, $F231, $F32A, $F424, $F51E, $F619, $F714
                                	    DECLE   $F810, $F90C, $FA09, $FB06, $FC04, $FD02, $FE01
                                	    ENDP

                                ; R0 = R0 * R1, where R0 and R1 are unsigned 8-bit values
                                ; Destroys R1, R4
                                qs_mpy8:    PROC
                                	    MOVR    R0,	     R4      ;   6
                                	    ADDI    #QSQR8_TBL.mid, R1      ;   8
                                	    ADDR    R1,	     R4      ;   6   a + b
                                	    SUBR    R0,	     R1      ;   6   a - b
                                @@ok:       MVI@    R4,	     R0      ;   8
                                	    SUB@    R1,	     R0      ;   8
                                	    JR      R5		      ;   7
                                					    ;----
                                					    ;  49
                                	    ENDP
                                	    

                                ; R1 = R0 * R1, where R0 and R1 are 16-bit values
                                ; destroys R0, R2, R3, R4, R5
                                qs_mpy16:   PROC
                                	    PSHR    R5		  ;   9
                                				   
                                	    ; Unpack lo/hi
                                	    MOVR    R0,	 R2      ;   6   
                                	    ANDI    #$FF,       R0      ;   8   R0 is lo(a)
                                	    XORR    R0,	 R2      ;   6   
                                	    SWAP    R2		  ;   6   R2 is hi(a)

                                	    MOVR    R1,	 R3      ;   6   R3 is orig 16-bit b
                                	    ANDI    #$FF,       R1      ;   8   R1 is lo(b)
                                	    MOVR    R1,	 R5      ;   6   R5 is lo(b)
                                	    XORR    R1,	 R3      ;   6   
                                	    SWAP    R3		  ;   6   R3 is hi(b)
                                					;----
                                					;  67
                                					
                                	    ; lo * lo		   
                                	    MOVR    R0,	 R4      ;   6   R4 is lo(a)
                                	    ADDI    #QSQR8_TBL.mid, R1  ;   8
                                	    ADDR    R1,	 R4      ;   6   R4 = lo(a) + lo(b)
                                	    SUBR    R0,	 R1      ;   6   R1 = lo(a) - lo(b)
                                					
                                @@pos_ll:   MVI@    R4,	 R4      ;   8   R4 = qstbl[lo(a)+lo(b)]
                                	    SUB@    R1,	 R4      ;   8   R4 = lo(a)*lo(b)
                                					;----
                                					;  42
                                					;  67 (carried forward)
                                					;----
                                					; 109
                                				       
                                	    ; lo * hi		  
                                	    MOVR    R0,	 R1      ;   6   R0 = R1 = lo(a)
                                	    ADDI    #QSQR8_TBL.mid, R3  ;   8
                                	    ADDR    R3,	 R1      ;   6   R1 = hi(b) + lo(a)
                                	    SUBR    R0,	 R3      ;   6   R3 = hi(b) - lo(a)
                                				       
                                @@pos_lh:   MVI@    R1,	 R1      ;   8   R1 = qstbl[hi(b)-lo(a)]
                                	    SUB@    R3,	 R1      ;   8   R1 = lo(a)*hi(b)
                                					;----
                                					;  42
                                					; 109 (carried forward)
                                					;----
                                					; 151
                                				       
                                	    ; hi * lo		  
                                	    MOVR    R5,	 R0      ;   6   R5 = R0 = lo(b)
                                	    ADDI    #QSQR8_TBL.mid, R2  ;   8
                                	    ADDR    R2,	 R5      ;   6   R3 = hi(a) + lo(b)
                                	    SUBR    R0,	 R2      ;   6   R2 = hi(a) - lo(b)
                                				       
                                @@pos_hl:   ADD@    R5,	 R1      ;   8   \_ R1 = lo(a)*hi(b)+hi(a)*lo(b)
                                	    SUB@    R2,	 R1      ;   8   /
                                					;----
                                					;  42
                                					; 151 (carried forward)
                                					;----
                                					; 193
                                				       
                                	    SWAP    R1		  ;   6   \_ shift upper product left 8
                                	    ANDI    #$FF00,     R1      ;   8   /
                                	    ADDR    R4,	 R1      ;   6   final product
                                	    PULR    PC		  ;  12
                                					;----
                                					;  32
                                					; 193 (carried forward)
                                					;----
                                					; 225
                                	    ENDP

                                	ENDI

                                	IF intybasic_fastdiv

                                ; Fast unsigned division/remainder
                                ; Assembly code by Oscar Toledo G. Jul/10/2015
                                ; Released to public domain.

                                	; Ultrafast unsigned division/remainder operation
                                	; Entry: R0 = Dividend
                                	;	R1 = Divisor
                                	; Output: R0 = Quotient
                                	;	 R2 = Remainder
                                	; Worst case: 6 + 6 + 9 + 496 = 517 cycles
                                	; Best case: 6 + (6 + 7) * 16 = 214 cycles

                                uf_udiv16:	PROC
                                	CLRR R2		; 6
                                	SLLC R0,1	; 6
                                	BC @@1		; 7/9
                                	SLLC R0,1	; 6
                                	BC @@2		; 7/9
                                	SLLC R0,1	; 6
                                	BC @@3		; 7/9
                                	SLLC R0,1	; 6
                                	BC @@4		; 7/9
                                	SLLC R0,1	; 6
                                	BC @@5		; 7/9
                                	SLLC R0,1	; 6
                                	BC @@6		; 7/9
                                	SLLC R0,1	; 6
                                	BC @@7		; 7/9
                                	SLLC R0,1	; 6
                                	BC @@8		; 7/9
                                	SLLC R0,1	; 6
                                	BC @@9		; 7/9
                                	SLLC R0,1	; 6
                                	BC @@10		; 7/9
                                	SLLC R0,1	; 6
                                	BC @@11		; 7/9
                                	SLLC R0,1	; 6
                                	BC @@12		; 7/9
                                	SLLC R0,1	; 6
                                	BC @@13		; 7/9
                                	SLLC R0,1	; 6
                                	BC @@14		; 7/9
                                	SLLC R0,1	; 6
                                	BC @@15		; 7/9
                                	SLLC R0,1	; 6
                                	BC @@16		; 7/9
                                	JR R5

                                @@1:	RLC R2,1	; 6
                                	CMPR R1,R2	; 6
                                	BNC $+3		; 7/9
                                	SUBR R1,R2	; 6
                                	RLC R0,1	; 6
                                @@2:	RLC R2,1	; 6
                                	CMPR R1,R2	; 6
                                	BNC $+3		; 7/9
                                	SUBR R1,R2	; 6
                                	RLC R0,1	; 6
                                @@3:	RLC R2,1	; 6
                                	CMPR R1,R2	; 6
                                	BNC $+3		; 7/9
                                	SUBR R1,R2	; 6
                                	RLC R0,1	; 6
                                @@4:	RLC R2,1	; 6
                                	CMPR R1,R2	; 6
                                	BNC $+3		; 7/9
                                	SUBR R1,R2	; 6
                                	RLC R0,1	; 6
                                @@5:	RLC R2,1	; 6
                                	CMPR R1,R2	; 6
                                	BNC $+3		; 7/9
                                	SUBR R1,R2	; 6
                                	RLC R0,1	; 6
                                @@6:	RLC R2,1	; 6
                                	CMPR R1,R2	; 6
                                	BNC $+3		; 7/9
                                	SUBR R1,R2	; 6
                                	RLC R0,1	; 6
                                @@7:	RLC R2,1	; 6
                                	CMPR R1,R2	; 6
                                	BNC $+3		; 7/9
                                	SUBR R1,R2	; 6
                                	RLC R0,1	; 6
                                @@8:	RLC R2,1	; 6
                                	CMPR R1,R2	; 6
                                	BNC $+3		; 7/9
                                	SUBR R1,R2	; 6
                                	RLC R0,1	; 6
                                @@9:	RLC R2,1	; 6
                                	CMPR R1,R2	; 6
                                	BNC $+3		; 7/9
                                	SUBR R1,R2	; 6
                                	RLC R0,1	; 6
                                @@10:	RLC R2,1	; 6
                                	CMPR R1,R2	; 6
                                	BNC $+3		; 7/9
                                	SUBR R1,R2	; 6
                                	RLC R0,1	; 6
                                @@11:	RLC R2,1	; 6
                                	CMPR R1,R2	; 6
                                	BNC $+3		; 7/9
                                	SUBR R1,R2	; 6
                                	RLC R0,1	; 6
                                @@12:	RLC R2,1	; 6
                                	CMPR R1,R2	; 6
                                	BNC $+3		; 7/9
                                	SUBR R1,R2	; 6
                                	RLC R0,1	; 6
                                @@13:	RLC R2,1	; 6
                                	CMPR R1,R2	; 6
                                	BNC $+3		; 7/9
                                	SUBR R1,R2	; 6
                                	RLC R0,1	; 6
                                @@14:	RLC R2,1	; 6
                                	CMPR R1,R2	; 6
                                	BNC $+3		; 7/9
                                	SUBR R1,R2	; 6
                                	RLC R0,1	; 6
                                @@15:	RLC R2,1	; 6
                                	CMPR R1,R2	; 6
                                	BNC $+3		; 7/9
                                	SUBR R1,R2	; 6
                                	RLC R0,1	; 6
                                @@16:	RLC R2,1	; 6
                                	CMPR R1,R2	; 6
                                	BNC $+3		; 7/9
                                	SUBR R1,R2	; 6
                                	RLC R0,1	; 6
                                	JR R5
                                	
                                	ENDP

                                	ENDI

                                ;	ROM.End
                                	;

                                ;	ROM.OutputRomStats
                                	;

0x200                           	ORG $200,$200,"-RWB"

0x200                           Q2:	; Reserved label for #BACKTAB

                                	;
                                	; 16-bits variables
                                	; Note IntyBASIC variables grow up starting in $308.
                                	;

0x33F                           BASE_16BIT_SYSTEM_VARS: QSET $33f
                                    IF intybasic_voice
                                BASE_16BIT_SYSTEM_VARS: QSET BASE_16BIT_SYSTEM_VARS-10
                                    ENDI
                                    IF intybasic_col
                                BASE_16BIT_SYSTEM_VARS: QSET BASE_16BIT_SYSTEM_VARS-8
                                    ENDI
                                    IF intybasic_scroll
                                BASE_16BIT_SYSTEM_VARS: QSET BASE_16BIT_SYSTEM_VARS-20
                                    ENDI

0x33F                           	ORG BASE_16BIT_SYSTEM_VARS,BASE_16BIT_SYSTEM_VARS,"-RWB"

                                    IF intybasic_voice
                                IV.Q:      RMB 8    ; IV_xxx	16-bit	  Voice queue  (8 words)
                                IV.FPTR:   RMB 1    ; IV_xxx	16-bit	  Current FIFO ptr.
                                IV.PPTR:   RMB 1    ; IV_xxx	16-bit	  Current Phrase ptr.
                                    ENDI
                                    IF intybasic_col
                                _col0:      RMB 1       ; Collision status for MOB0
                                _col1:      RMB 1       ; Collision status for MOB1
                                _col2:      RMB 1       ; Collision status for MOB2
                                _col3:      RMB 1       ; Collision status for MOB3
                                _col4:      RMB 1       ; Collision status for MOB4
                                _col5:      RMB 1       ; Collision status for MOB5
                                _col6:      RMB 1       ; Collision status for MOB6
                                _col7:      RMB 1       ; Collision status for MOB7
                                    ENDI
                                    IF intybasic_scroll
                                _scroll_buffer: RMB 20  ; Sometimes this is unused
                                    ENDI
0x33F                           _music_gosub:	RMB 1	; GOSUB pointer
0x340                           _music_table:	RMB 1	; Note table
0x341                           _music_p:	RMB 1	; Pointer to music
0x342                           _frame:		RMB 1   ; Current frame
0x343                           _read:		RMB 1   ; Pointer to DATA
0x344                           _gram_bitmap:   RMB 1   ; Bitmap for definition
0x345                           _gram2_bitmap:  RMB 1   ; Secondary bitmap for definition
0x346                           _screen:	RMB 1	; Pointer to current screen position
0x347                           _color:		RMB 1	; Current color

0x348                           Q1:			; Reserved label for #MOBSHADOW
0x348                           _mobs:      RMB 3*8     ; MOB buffer

0x100                           SCRATCH:    ORG $100,$100,"-RWBN"
                                	;
                                	; 8-bits variables
                                	;
0x100                           ISRVEC:     RMB 2       ; Pointer to ISR vector (required by Intellivision ROM)
0x102                           _int:       RMB 1       ; Signals interrupt received
0x103                           _ntsc:      RMB 1       ; bit 0 = 1=NTSC, 0=PAL. Bit 1 = 1=ECS detected.
0x104                           _rand:      RMB 1       ; Pseudo-random value
0x105                           _gram_target:   RMB 1   ; Contains GRAM card number
0x106                           _gram_total:    RMB 1   ; Contains total GRAM cards for definition
0x107                           _gram2_target:  RMB 1   ; Contains GRAM card number
0x108                           _gram2_total:   RMB 1   ; Contains total GRAM cards for definition
0x109                           _mode_select:   RMB 1   ; Graphics mode selection
0x10A                           _border_color:  RMB 1   ; Border color
0x10B                           _border_mask:   RMB 1   ; Border mask
                                    IF intybasic_keypad
                                _cnt1_p0:   RMB 1       ; Debouncing 1
                                _cnt1_p1:   RMB 1       ; Debouncing 2
                                _cnt1_key:  RMB 1       ; Currently pressed key
                                _cnt2_p0:   RMB 1       ; Debouncing 1
                                _cnt2_p1:   RMB 1       ; Debouncing 2
                                _cnt2_key:  RMB 1       ; Currently pressed key
                                    ENDI
                                    IF intybasic_scroll
                                _scroll_x:  RMB 1       ; Scroll X offset
                                _scroll_y:  RMB 1       ; Scroll Y offset
                                _scroll_d:  RMB 1       ; Scroll direction
                                    ENDI
                                    IF intybasic_music
                                _music_start:	RMB 2	; Start of music

                                _music_mode: RMB 1      ; Music mode (0= Not using PSG, 2= Simple, 4= Full, add 1 if using noise channel for drums)
                                _music_frame: RMB 1     ; Music frame (for 50 hz fixed)
                                _music_tc:  RMB 1       ; Time counter
                                _music_t:   RMB 1       ; Time base
                                _music_i1:  RMB 1       ; Instrument 1 
                                _music_s1:  RMB 1       ; Sample pointer 1
                                _music_n1:  RMB 1       ; Note 1
                                _music_i2:  RMB 1       ; Instrument 2
                                _music_s2:  RMB 1       ; Sample pointer 2
                                _music_n2:  RMB 1       ; Note 2
                                _music_i3:  RMB 1       ; Instrument 3
                                _music_s3:  RMB 1       ; Sample pointer 3
                                _music_n3:  RMB 1       ; Note 3
                                _music_s4:  RMB 1       ; Sample pointer 4
                                _music_n4:  RMB 1       ; Note 4 (really it's drum)

                                _music_freq10:	RMB 1   ; Low byte frequency A
                                _music_freq20:	RMB 1   ; Low byte frequency B
                                _music_freq30:	RMB 1   ; Low byte frequency C
                                _music_freq11:	RMB 1   ; High byte frequency A
                                _music_freq21:	RMB 1   ; High byte frequency B
                                _music_freq31:	RMB 1   ; High byte frequency C
                                _music_mix:	RMB 1   ; Mixer
                                _music_noise:	RMB 1   ; Noise
                                _music_vol1:	RMB 1   ; Volume A
                                _music_vol2:	RMB 1   ; Volume B
                                _music_vol3:	RMB 1   ; Volume C
                                    ENDI
                                    IF intybasic_music_ecs
                                _music_i5:  RMB 1       ; Instrument 5
                                _music_s5:  RMB 1       ; Sample pointer 5
                                _music_n5:  RMB 1       ; Note 5
                                _music_i6:  RMB 1       ; Instrument 6
                                _music_s6:  RMB 1       ; Sample pointer 6
                                _music_n6:  RMB 1       ; Note 6
                                _music_i7:  RMB 1       ; Instrument 7
                                _music_s7:  RMB 1       ; Sample pointer 7
                                _music_n7:  RMB 1       ; Note 7
                                _music_s8:  RMB 1       ; Sample pointer 8
                                _music_n8:  RMB 1       ; Note 8 (really it's drum)

                                _music2_freq10:	RMB 1   ; Low byte frequency A
                                _music2_freq20:	RMB 1   ; Low byte frequency B
                                _music2_freq30:	RMB 1   ; Low byte frequency C
                                _music2_freq11:	RMB 1   ; High byte frequency A
                                _music2_freq21:	RMB 1   ; High byte frequency B
                                _music2_freq31:	RMB 1   ; High byte frequency C
                                _music2_mix:	RMB 1   ; Mixer
                                _music2_noise:	RMB 1   ; Noise
                                _music2_vol1:	RMB 1   ; Volume A
                                _music2_vol2:	RMB 1   ; Volume B
                                _music2_vol3:	RMB 1   ; Volume C
                                    ENDI
                                    IF intybasic_music_volume
                                _music_vol:	RMB 1	; Global music volume
                                    ENDI
                                    IF intybasic_voice
                                IV.QH:     RMB 1    ; IV_xxx	8-bit	   Voice queue head
                                IV.QT:     RMB 1    ; IV_xxx	8-bit	   Voice queue tail
                                IV.FLEN:   RMB 1    ; IV_xxx	8-bit	   Length of FIFO data
                                    ENDI

0x10C                           var_A:	RMB 1	; A
0x10D                           var_C:	RMB 1	; C
0x10E                           var_CURRIGA:	RMB 1	; CURRIGA
0x10F                           var_EMPTYLINES:	RMB 1	; EMPTYLINES
0x110                           var_I:	RMB 1	; I
0x111                           var_J:	RMB 1	; J
0x112                           var_K:	RMB 1	; K
0x113                           var_LASTRIGA:	RMB 1	; LASTRIGA
0x114                           var_P:	RMB 1	; P
0x115                           array_TIPO:	RMB 10	; TIPO
0x11F                           _SCRATCH:	EQU $

0x2F0                           SYSTEM:	ORG $2F0, $2F0, "-RWBN"
0x2F0                           STACK:	RMB 24
0x308                           var_&C:	RMB 1	; #C
0x309                           var_&CNT:	RMB 1	; #CNT
0x30A                           var_&MEM:	RMB 1	; #MEM
0x30B                           _SYSTEM:	EQU $
 ERROR SUMMARY - ERRORS DETECTED 0
               -  WARNINGS       0
